PASS src/tests/om-metadata-provenance.test.js
PASS src/tests/gis-engine.test.js
  ● Console

    console.log
      [WEATHER_TRUTH] Stage: mappedGrid | TraceID: 884285fd | Product: undefined | Status: OK

      at console.log (src/components/map/WeatherTelemetry.js:144:19)
          at Array.forEach (<anonymous>)

    console.log
      [FORENSIC-ENCODE] encodeMarineTexture input: 4 vectors, 4 ocean w/speed, speed: min=2.000m max=3.500m mean=2.750m (9.0ft), cols=2, rows=2

      at console.log (src/components/map/WeatherTelemetry.js:144:19)
          at Array.forEach (<anonymous>)

    console.log
      [FORENSIC-ENCODE] encodeMarineTexture input: 4 vectors, 4 ocean w/speed, speed: min=2.000m max=3.500m mean=2.750m (9.0ft), cols=2, rows=2

      at console.log (src/components/map/WeatherTelemetry.js:144:19)
          at Array.forEach (<anonymous>)

    console.log
      [FORENSIC-ENCODE] encodeMarineTexture input: 4 vectors, 4 ocean w/speed, speed: min=2.000m max=3.500m mean=2.750m (9.0ft), cols=2, rows=2

      at console.log (src/components/map/WeatherTelemetry.js:144:19)
          at Array.forEach (<anonymous>)

PASS src/components/SpotConditions.confidence.test.js
PASS src/components/SpotHub.loading.test.js
  ● Console

    console.error
      An empty string ("") was passed to the src attribute. This may cause the browser to download the whole page again over the network. To fix this, either do not render the element at all or pass null to src instead of an empty string.

      18 |   console.error = (...args) => {
      19 |     if (typeof args[0] === 'string' && args[0].includes('act(')) return;
    > 20 |     originalError.call(console, ...args);
         |                   ^
      21 |   };
      22 | });
      23 |

      at console.error (src/setupTests.js:20:19)
      at setProp (../../../../../Raw-Surf/frontend/node_modules/react-dom/cjs/react-dom-client.development.js:19979:25)
      at setInitialProperties (../../../../../Raw-Surf/frontend/node_modules/react-dom/cjs/react-dom-client.development.js:20531:21)
      at completeWork (../../../../../Raw-Surf/frontend/node_modules/react-dom/cjs/react-dom-client.development.js:12662:18)
      at runWithFiberInDEV (../../../../../Raw-Surf/frontend/node_modules/react-dom/cjs/react-dom-client.development.js:874:13)
      at completeUnitOfWork (../../../../../Raw-Surf/frontend/node_modules/react-dom/cjs/react-dom-client.development.js:17777:19)
      at performUnitOfWork (../../../../../Raw-Surf/frontend/node_modules/react-dom/cjs/react-dom-client.development.js:17658:11)
      at workLoopSync (../../../../../Raw-Surf/frontend/node_modules/react-dom/cjs/react-dom-client.development.js:17469:41)
      at renderRootSync (../../../../../Raw-Surf/frontend/node_modules/react-dom/cjs/react-dom-client.development.js:17450:11)
      at performWorkOnRoot (../../../../../Raw-Surf/frontend/node_modules/react-dom/cjs/react-dom-client.development.js:16504:11)
      at performWorkOnRootViaSchedulerTask (../../../../../Raw-Surf/frontend/node_modules/react-dom/cjs/react-dom-client.development.js:18957:7)
      at flushActQueue (../../../../../Raw-Surf/frontend/node_modules/react/cjs/react.development.js:590:34)
      at recursivelyFlushAsyncActWork (../../../../../Raw-Surf/frontend/node_modules/react/cjs/react.development.js:566:13)
      at Immediate._onImmediate (../../../../../Raw-Surf/frontend/node_modules/react/cjs/react.development.js:849:32)

    console.error
      An empty string ("") was passed to the src attribute. This may cause the browser to download the whole page again over the network. To fix this, either do not render the element at all or pass null to src instead of an empty string.

      18 |   console.error = (...args) => {
      19 |     if (typeof args[0] === 'string' && args[0].includes('act(')) return;
    > 20 |     originalError.call(console, ...args);
         |                   ^
      21 |   };
      22 | });
      23 |

      at console.error (src/setupTests.js:20:19)
      at setProp (../../../../../Raw-Surf/frontend/node_modules/react-dom/cjs/react-dom-client.development.js:19979:25)
      at setInitialProperties (../../../../../Raw-Surf/frontend/node_modules/react-dom/cjs/react-dom-client.development.js:20531:21)
      at completeWork (../../../../../Raw-Surf/frontend/node_modules/react-dom/cjs/react-dom-client.development.js:12662:18)
      at runWithFiberInDEV (../../../../../Raw-Surf/frontend/node_modules/react-dom/cjs/react-dom-client.development.js:874:13)
      at completeUnitOfWork (../../../../../Raw-Surf/frontend/node_modules/react-dom/cjs/react-dom-client.development.js:17777:19)
      at performUnitOfWork (../../../../../Raw-Surf/frontend/node_modules/react-dom/cjs/react-dom-client.development.js:17658:11)
      at workLoopSync (../../../../../Raw-Surf/frontend/node_modules/react-dom/cjs/react-dom-client.development.js:17469:41)
      at renderRootSync (../../../../../Raw-Surf/frontend/node_modules/react-dom/cjs/react-dom-client.development.js:17450:11)
      at performWorkOnRoot (../../../../../Raw-Surf/frontend/node_modules/react-dom/cjs/react-dom-client.development.js:16504:11)
      at performWorkOnRootViaSchedulerTask (../../../../../Raw-Surf/frontend/node_modules/react-dom/cjs/react-dom-client.development.js:18957:7)
      at flushActQueue (../../../../../Raw-Surf/frontend/node_modules/react/cjs/react.development.js:590:34)
      at recursivelyFlushAsyncActWork (../../../../../Raw-Surf/frontend/node_modules/react/cjs/react.development.js:566:13)
      at Immediate._onImmediate (../../../../../Raw-Surf/frontend/node_modules/react/cjs/react.development.js:849:32)

    console.error
      An empty string ("") was passed to the src attribute. This may cause the browser to download the whole page again over the network. To fix this, either do not render the element at all or pass null to src instead of an empty string.

      18 |   console.error = (...args) => {
      19 |     if (typeof args[0] === 'string' && args[0].includes('act(')) return;
    > 20 |     originalError.call(console, ...args);
         |                   ^
      21 |   };
      22 | });
      23 |

      at console.error (src/setupTests.js:20:19)
      at setProp (../../../../../Raw-Surf/frontend/node_modules/react-dom/cjs/react-dom-client.development.js:19979:25)
      at setInitialProperties (../../../../../Raw-Surf/frontend/node_modules/react-dom/cjs/react-dom-client.development.js:20531:21)
      at completeWork (../../../../../Raw-Surf/frontend/node_modules/react-dom/cjs/react-dom-client.development.js:12662:18)
      at runWithFiberInDEV (../../../../../Raw-Surf/frontend/node_modules/react-dom/cjs/react-dom-client.development.js:874:13)
      at completeUnitOfWork (../../../../../Raw-Surf/frontend/node_modules/react-dom/cjs/react-dom-client.development.js:17777:19)
      at performUnitOfWork (../../../../../Raw-Surf/frontend/node_modules/react-dom/cjs/react-dom-client.development.js:17658:11)
      at workLoopSync (../../../../../Raw-Surf/frontend/node_modules/react-dom/cjs/react-dom-client.development.js:17469:41)
      at renderRootSync (../../../../../Raw-Surf/frontend/node_modules/react-dom/cjs/react-dom-client.development.js:17450:11)
      at performWorkOnRoot (../../../../../Raw-Surf/frontend/node_modules/react-dom/cjs/react-dom-client.development.js:16504:11)
      at performWorkOnRootViaSchedulerTask (../../../../../Raw-Surf/frontend/node_modules/react-dom/cjs/react-dom-client.development.js:18957:7)
      at flushActQueue (../../../../../Raw-Surf/frontend/node_modules/react/cjs/react.development.js:590:34)
      at recursivelyFlushAsyncActWork (../../../../../Raw-Surf/frontend/node_modules/react/cjs/react.development.js:566:13)
      at Immediate._onImmediate (../../../../../Raw-Surf/frontend/node_modules/react/cjs/react.development.js:849:32)

    console.error
      An empty string ("") was passed to the src attribute. This may cause the browser to download the whole page again over the network. To fix this, either do not render the element at all or pass null to src instead of an empty string.

      18 |   console.error = (...args) => {
      19 |     if (typeof args[0] === 'string' && args[0].includes('act(')) return;
    > 20 |     originalError.call(console, ...args);
         |                   ^
      21 |   };
      22 | });
      23 |

      at console.error (src/setupTests.js:20:19)
      at setProp (../../../../../Raw-Surf/frontend/node_modules/react-dom/cjs/react-dom-client.development.js:19979:25)
      at setInitialProperties (../../../../../Raw-Surf/frontend/node_modules/react-dom/cjs/react-dom-client.development.js:20531:21)
      at completeWork (../../../../../Raw-Surf/frontend/node_modules/react-dom/cjs/react-dom-client.development.js:12662:18)
      at runWithFiberInDEV (../../../../../Raw-Surf/frontend/node_modules/react-dom/cjs/react-dom-client.development.js:874:13)
      at completeUnitOfWork (../../../../../Raw-Surf/frontend/node_modules/react-dom/cjs/react-dom-client.development.js:17777:19)
      at performUnitOfWork (../../../../../Raw-Surf/frontend/node_modules/react-dom/cjs/react-dom-client.development.js:17658:11)
      at workLoopSync (../../../../../Raw-Surf/frontend/node_modules/react-dom/cjs/react-dom-client.development.js:17469:41)
      at renderRootSync (../../../../../Raw-Surf/frontend/node_modules/react-dom/cjs/react-dom-client.development.js:17450:11)
      at performWorkOnRoot (../../../../../Raw-Surf/frontend/node_modules/react-dom/cjs/react-dom-client.development.js:16504:11)
      at performWorkOnRootViaSchedulerTask (../../../../../Raw-Surf/frontend/node_modules/react-dom/cjs/react-dom-client.development.js:18957:7)
      at flushActQueue (../../../../../Raw-Surf/frontend/node_modules/react/cjs/react.development.js:590:34)
      at recursivelyFlushAsyncActWork (../../../../../Raw-Surf/frontend/node_modules/react/cjs/react.development.js:566:13)
      at Immediate._onImmediate (../../../../../Raw-Surf/frontend/node_modules/react/cjs/react.development.js:849:32)

    console.error
      An empty string ("") was passed to the src attribute. This may cause the browser to download the whole page again over the network. To fix this, either do not render the element at all or pass null to src instead of an empty string.

      18 |   console.error = (...args) => {
      19 |     if (typeof args[0] === 'string' && args[0].includes('act(')) return;
    > 20 |     originalError.call(console, ...args);
         |                   ^
      21 |   };
      22 | });
      23 |

      at console.error (src/setupTests.js:20:19)
      at setProp (../../../../../Raw-Surf/frontend/node_modules/react-dom/cjs/react-dom-client.development.js:19979:25)
      at setInitialProperties (../../../../../Raw-Surf/frontend/node_modules/react-dom/cjs/react-dom-client.development.js:20531:21)
      at completeWork (../../../../../Raw-Surf/frontend/node_modules/react-dom/cjs/react-dom-client.development.js:12662:18)
      at runWithFiberInDEV (../../../../../Raw-Surf/frontend/node_modules/react-dom/cjs/react-dom-client.development.js:874:13)
      at completeUnitOfWork (../../../../../Raw-Surf/frontend/node_modules/react-dom/cjs/react-dom-client.development.js:17777:19)
      at performUnitOfWork (../../../../../Raw-Surf/frontend/node_modules/react-dom/cjs/react-dom-client.development.js:17658:11)
      at workLoopSync (../../../../../Raw-Surf/frontend/node_modules/react-dom/cjs/react-dom-client.development.js:17469:41)
      at renderRootSync (../../../../../Raw-Surf/frontend/node_modules/react-dom/cjs/react-dom-client.development.js:17450:11)
      at performWorkOnRoot (../../../../../Raw-Surf/frontend/node_modules/react-dom/cjs/react-dom-client.development.js:16504:11)
      at performWorkOnRootViaSchedulerTask (../../../../../Raw-Surf/frontend/node_modules/react-dom/cjs/react-dom-client.development.js:18957:7)
      at flushActQueue (../../../../../Raw-Surf/frontend/node_modules/react/cjs/react.development.js:590:34)
      at recursivelyFlushAsyncActWork (../../../../../Raw-Surf/frontend/node_modules/react/cjs/react.development.js:566:13)
      at Immediate._onImmediate (../../../../../Raw-Surf/frontend/node_modules/react/cjs/react.development.js:849:32)

    console.error
      An empty string ("") was passed to the src attribute. This may cause the browser to download the whole page again over the network. To fix this, either do not render the element at all or pass null to src instead of an empty string.

      18 |   console.error = (...args) => {
      19 |     if (typeof args[0] === 'string' && args[0].includes('act(')) return;
    > 20 |     originalError.call(console, ...args);
         |                   ^
      21 |   };
      22 | });
      23 |

      at console.error (src/setupTests.js:20:19)
      at setProp (../../../../../Raw-Surf/frontend/node_modules/react-dom/cjs/react-dom-client.development.js:19979:25)
      at setInitialProperties (../../../../../Raw-Surf/frontend/node_modules/react-dom/cjs/react-dom-client.development.js:20531:21)
      at completeWork (../../../../../Raw-Surf/frontend/node_modules/react-dom/cjs/react-dom-client.development.js:12662:18)
      at runWithFiberInDEV (../../../../../Raw-Surf/frontend/node_modules/react-dom/cjs/react-dom-client.development.js:874:13)
      at completeUnitOfWork (../../../../../Raw-Surf/frontend/node_modules/react-dom/cjs/react-dom-client.development.js:17777:19)
      at performUnitOfWork (../../../../../Raw-Surf/frontend/node_modules/react-dom/cjs/react-dom-client.development.js:17658:11)
      at workLoopSync (../../../../../Raw-Surf/frontend/node_modules/react-dom/cjs/react-dom-client.development.js:17469:41)
      at renderRootSync (../../../../../Raw-Surf/frontend/node_modules/react-dom/cjs/react-dom-client.development.js:17450:11)
      at performWorkOnRoot (../../../../../Raw-Surf/frontend/node_modules/react-dom/cjs/react-dom-client.development.js:16504:11)
      at performWorkOnRootViaSchedulerTask (../../../../../Raw-Surf/frontend/node_modules/react-dom/cjs/react-dom-client.development.js:18957:7)
      at performWorkUntilDeadline (../../../../../Raw-Surf/frontend/node_modules/scheduler/cjs/scheduler.development.js:45:48)
      at Timeout.task [as _onTimeout] (../../../../../Raw-Surf/frontend/node_modules/jsdom/lib/jsdom/browser/Window.js:516:19)

    console.error
      An empty string ("") was passed to the src attribute. This may cause the browser to download the whole page again over the network. To fix this, either do not render the element at all or pass null to src instead of an empty string.

      18 |   console.error = (...args) => {
      19 |     if (typeof args[0] === 'string' && args[0].includes('act(')) return;
    > 20 |     originalError.call(console, ...args);
         |                   ^
      21 |   };
      22 | });
      23 |

      at console.error (src/setupTests.js:20:19)
      at setProp (../../../../../Raw-Surf/frontend/node_modules/react-dom/cjs/react-dom-client.development.js:19979:25)
      at setInitialProperties (../../../../../Raw-Surf/frontend/node_modules/react-dom/cjs/react-dom-client.development.js:20531:21)
      at completeWork (../../../../../Raw-Surf/frontend/node_modules/react-dom/cjs/react-dom-client.development.js:12662:18)
      at runWithFiberInDEV (../../../../../Raw-Surf/frontend/node_modules/react-dom/cjs/react-dom-client.development.js:874:13)
      at completeUnitOfWork (../../../../../Raw-Surf/frontend/node_modules/react-dom/cjs/react-dom-client.development.js:17777:19)
      at performUnitOfWork (../../../../../Raw-Surf/frontend/node_modules/react-dom/cjs/react-dom-client.development.js:17658:11)
      at workLoopSync (../../../../../Raw-Surf/frontend/node_modules/react-dom/cjs/react-dom-client.development.js:17469:41)
      at renderRootSync (../../../../../Raw-Surf/frontend/node_modules/react-dom/cjs/react-dom-client.development.js:17450:11)
      at performWorkOnRoot (../../../../../Raw-Surf/frontend/node_modules/react-dom/cjs/react-dom-client.development.js:16504:11)
      at performWorkOnRootViaSchedulerTask (../../../../../Raw-Surf/frontend/node_modules/react-dom/cjs/react-dom-client.development.js:18957:7)
      at performWorkUntilDeadline (../../../../../Raw-Surf/frontend/node_modules/scheduler/cjs/scheduler.development.js:45:48)
      at Timeout.task [as _onTimeout] (../../../../../Raw-Surf/frontend/node_modules/jsdom/lib/jsdom/browser/Window.js:516:19)

    console.error
      An empty string ("") was passed to the src attribute. This may cause the browser to download the whole page again over the network. To fix this, either do not render the element at all or pass null to src instead of an empty string.

      18 |   console.error = (...args) => {
      19 |     if (typeof args[0] === 'string' && args[0].includes('act(')) return;
    > 20 |     originalError.call(console, ...args);
         |                   ^
      21 |   };
      22 | });
      23 |

      at console.error (src/setupTests.js:20:19)
      at setProp (../../../../../Raw-Surf/frontend/node_modules/react-dom/cjs/react-dom-client.development.js:19979:25)
      at setInitialProperties (../../../../../Raw-Surf/frontend/node_modules/react-dom/cjs/react-dom-client.development.js:20531:21)
      at completeWork (../../../../../Raw-Surf/frontend/node_modules/react-dom/cjs/react-dom-client.development.js:12662:18)
      at runWithFiberInDEV (../../../../../Raw-Surf/frontend/node_modules/react-dom/cjs/react-dom-client.development.js:874:13)
      at completeUnitOfWork (../../../../../Raw-Surf/frontend/node_modules/react-dom/cjs/react-dom-client.development.js:17777:19)
      at performUnitOfWork (../../../../../Raw-Surf/frontend/node_modules/react-dom/cjs/react-dom-client.development.js:17658:11)
      at workLoopSync (../../../../../Raw-Surf/frontend/node_modules/react-dom/cjs/react-dom-client.development.js:17469:41)
      at renderRootSync (../../../../../Raw-Surf/frontend/node_modules/react-dom/cjs/react-dom-client.development.js:17450:11)
      at performWorkOnRoot (../../../../../Raw-Surf/frontend/node_modules/react-dom/cjs/react-dom-client.development.js:16504:11)
      at performWorkOnRootViaSchedulerTask (../../../../../Raw-Surf/frontend/node_modules/react-dom/cjs/react-dom-client.development.js:18957:7)
      at performWorkUntilDeadline (../../../../../Raw-Surf/frontend/node_modules/scheduler/cjs/scheduler.development.js:45:48)
      at Timeout.task [as _onTimeout] (../../../../../Raw-Surf/frontend/node_modules/jsdom/lib/jsdom/browser/Window.js:516:19)

    console.error
      An empty string ("") was passed to the src attribute. This may cause the browser to download the whole page again over the network. To fix this, either do not render the element at all or pass null to src instead of an empty string.

      18 |   console.error = (...args) => {
      19 |     if (typeof args[0] === 'string' && args[0].includes('act(')) return;
    > 20 |     originalError.call(console, ...args);
         |                   ^
      21 |   };
      22 | });
      23 |

      at console.error (src/setupTests.js:20:19)
      at setProp (../../../../../Raw-Surf/frontend/node_modules/react-dom/cjs/react-dom-client.development.js:19979:25)
      at setInitialProperties (../../../../../Raw-Surf/frontend/node_modules/react-dom/cjs/react-dom-client.development.js:20531:21)
      at completeWork (../../../../../Raw-Surf/frontend/node_modules/react-dom/cjs/react-dom-client.development.js:12662:18)
      at runWithFiberInDEV (../../../../../Raw-Surf/frontend/node_modules/react-dom/cjs/react-dom-client.development.js:874:13)
      at completeUnitOfWork (../../../../../Raw-Surf/frontend/node_modules/react-dom/cjs/react-dom-client.development.js:17777:19)
      at performUnitOfWork (../../../../../Raw-Surf/frontend/node_modules/react-dom/cjs/react-dom-client.development.js:17658:11)
      at workLoopSync (../../../../../Raw-Surf/frontend/node_modules/react-dom/cjs/react-dom-client.development.js:17469:41)
      at renderRootSync (../../../../../Raw-Surf/frontend/node_modules/react-dom/cjs/react-dom-client.development.js:17450:11)
      at performWorkOnRoot (../../../../../Raw-Surf/frontend/node_modules/react-dom/cjs/react-dom-client.development.js:16504:11)
      at performWorkOnRootViaSchedulerTask (../../../../../Raw-Surf/frontend/node_modules/react-dom/cjs/react-dom-client.development.js:18957:7)
      at performWorkUntilDeadline (../../../../../Raw-Surf/frontend/node_modules/scheduler/cjs/scheduler.development.js:45:48)
      at Timeout.task [as _onTimeout] (../../../../../Raw-Surf/frontend/node_modules/jsdom/lib/jsdom/browser/Window.js:516:19)

    console.error
      An empty string ("") was passed to the src attribute. This may cause the browser to download the whole page again over the network. To fix this, either do not render the element at all or pass null to src instead of an empty string.

      18 |   console.error = (...args) => {
      19 |     if (typeof args[0] === 'string' && args[0].includes('act(')) return;
    > 20 |     originalError.call(console, ...args);
         |                   ^
      21 |   };
      22 | });
      23 |

      at console.error (src/setupTests.js:20:19)
      at setProp (../../../../../Raw-Surf/frontend/node_modules/react-dom/cjs/react-dom-client.development.js:19979:25)
      at setInitialProperties (../../../../../Raw-Surf/frontend/node_modules/react-dom/cjs/react-dom-client.development.js:20531:21)
      at completeWork (../../../../../Raw-Surf/frontend/node_modules/react-dom/cjs/react-dom-client.development.js:12662:18)
      at runWithFiberInDEV (../../../../../Raw-Surf/frontend/node_modules/react-dom/cjs/react-dom-client.development.js:874:13)
      at completeUnitOfWork (../../../../../Raw-Surf/frontend/node_modules/react-dom/cjs/react-dom-client.development.js:17777:19)
      at performUnitOfWork (../../../../../Raw-Surf/frontend/node_modules/react-dom/cjs/react-dom-client.development.js:17658:11)
      at workLoopSync (../../../../../Raw-Surf/frontend/node_modules/react-dom/cjs/react-dom-client.development.js:17469:41)
      at renderRootSync (../../../../../Raw-Surf/frontend/node_modules/react-dom/cjs/react-dom-client.development.js:17450:11)
      at performWorkOnRoot (../../../../../Raw-Surf/frontend/node_modules/react-dom/cjs/react-dom-client.development.js:16504:11)
      at performWorkOnRootViaSchedulerTask (../../../../../Raw-Surf/frontend/node_modules/react-dom/cjs/react-dom-client.development.js:18957:7)
      at performWorkUntilDeadline (../../../../../Raw-Surf/frontend/node_modules/scheduler/cjs/scheduler.development.js:45:48)
      at Timeout.task [as _onTimeout] (../../../../../Raw-Surf/frontend/node_modules/jsdom/lib/jsdom/browser/Window.js:516:19)

    console.error
      An empty string ("") was passed to the src attribute. This may cause the browser to download the whole page again over the network. To fix this, either do not render the element at all or pass null to src instead of an empty string.

      18 |   console.error = (...args) => {
      19 |     if (typeof args[0] === 'string' && args[0].includes('act(')) return;
    > 20 |     originalError.call(console, ...args);
         |                   ^
      21 |   };
      22 | });
      23 |

      at console.error (src/setupTests.js:20:19)
      at setProp (../../../../../Raw-Surf/frontend/node_modules/react-dom/cjs/react-dom-client.development.js:19979:25)
      at setInitialProperties (../../../../../Raw-Surf/frontend/node_modules/react-dom/cjs/react-dom-client.development.js:20531:21)
      at completeWork (../../../../../Raw-Surf/frontend/node_modules/react-dom/cjs/react-dom-client.development.js:12662:18)
      at runWithFiberInDEV (../../../../../Raw-Surf/frontend/node_modules/react-dom/cjs/react-dom-client.development.js:874:13)
      at completeUnitOfWork (../../../../../Raw-Surf/frontend/node_modules/react-dom/cjs/react-dom-client.development.js:17777:19)
      at performUnitOfWork (../../../../../Raw-Surf/frontend/node_modules/react-dom/cjs/react-dom-client.development.js:17658:11)
      at workLoopSync (../../../../../Raw-Surf/frontend/node_modules/react-dom/cjs/react-dom-client.development.js:17469:41)
      at renderRootSync (../../../../../Raw-Surf/frontend/node_modules/react-dom/cjs/react-dom-client.development.js:17450:11)
      at performWorkOnRoot (../../../../../Raw-Surf/frontend/node_modules/react-dom/cjs/react-dom-client.development.js:16504:11)
      at performWorkOnRootViaSchedulerTask (../../../../../Raw-Surf/frontend/node_modules/react-dom/cjs/react-dom-client.development.js:18957:7)
      at performWorkUntilDeadline (../../../../../Raw-Surf/frontend/node_modules/scheduler/cjs/scheduler.development.js:45:48)
      at Timeout.task [as _onTimeout] (../../../../../Raw-Surf/frontend/node_modules/jsdom/lib/jsdom/browser/Window.js:516:19)

    console.error
      An empty string ("") was passed to the src attribute. This may cause the browser to download the whole page again over the network. To fix this, either do not render the element at all or pass null to src instead of an empty string.

      18 |   console.error = (...args) => {
      19 |     if (typeof args[0] === 'string' && args[0].includes('act(')) return;
    > 20 |     originalError.call(console, ...args);
         |                   ^
      21 |   };
      22 | });
      23 |

      at console.error (src/setupTests.js:20:19)
      at setProp (../../../../../Raw-Surf/frontend/node_modules/react-dom/cjs/react-dom-client.development.js:19979:25)
      at setInitialProperties (../../../../../Raw-Surf/frontend/node_modules/react-dom/cjs/react-dom-client.development.js:20531:21)
      at completeWork (../../../../../Raw-Surf/frontend/node_modules/react-dom/cjs/react-dom-client.development.js:12662:18)
      at runWithFiberInDEV (../../../../../Raw-Surf/frontend/node_modules/react-dom/cjs/react-dom-client.development.js:874:13)
      at completeUnitOfWork (../../../../../Raw-Surf/frontend/node_modules/react-dom/cjs/react-dom-client.development.js:17777:19)
      at performUnitOfWork (../../../../../Raw-Surf/frontend/node_modules/react-dom/cjs/react-dom-client.development.js:17658:11)
      at workLoopSync (../../../../../Raw-Surf/frontend/node_modules/react-dom/cjs/react-dom-client.development.js:17469:41)
      at renderRootSync (../../../../../Raw-Surf/frontend/node_modules/react-dom/cjs/react-dom-client.development.js:17450:11)
      at performWorkOnRoot (../../../../../Raw-Surf/frontend/node_modules/react-dom/cjs/react-dom-client.development.js:16504:11)
      at performWorkOnRootViaSchedulerTask (../../../../../Raw-Surf/frontend/node_modules/react-dom/cjs/react-dom-client.development.js:18957:7)
      at performWorkUntilDeadline (../../../../../Raw-Surf/frontend/node_modules/scheduler/cjs/scheduler.development.js:45:48)
      at Timeout.task [as _onTimeout] (../../../../../Raw-Surf/frontend/node_modules/jsdom/lib/jsdom/browser/Window.js:516:19)

    console.error
      An empty string ("") was passed to the src attribute. This may cause the browser to download the whole page again over the network. To fix this, either do not render the element at all or pass null to src instead of an empty string.

      18 |   console.error = (...args) => {
      19 |     if (typeof args[0] === 'string' && args[0].includes('act(')) return;
    > 20 |     originalError.call(console, ...args);
         |                   ^
      21 |   };
      22 | });
      23 |

      at console.error (src/setupTests.js:20:19)
      at setProp (../../../../../Raw-Surf/frontend/node_modules/react-dom/cjs/react-dom-client.development.js:19979:25)
      at setInitialProperties (../../../../../Raw-Surf/frontend/node_modules/react-dom/cjs/react-dom-client.development.js:20531:21)
      at completeWork (../../../../../Raw-Surf/frontend/node_modules/react-dom/cjs/react-dom-client.development.js:12662:18)
      at runWithFiberInDEV (../../../../../Raw-Surf/frontend/node_modules/react-dom/cjs/react-dom-client.development.js:874:13)
      at completeUnitOfWork (../../../../../Raw-Surf/frontend/node_modules/react-dom/cjs/react-dom-client.development.js:17777:19)
      at performUnitOfWork (../../../../../Raw-Surf/frontend/node_modules/react-dom/cjs/react-dom-client.development.js:17658:11)
      at workLoopSync (../../../../../Raw-Surf/frontend/node_modules/react-dom/cjs/react-dom-client.development.js:17469:41)
      at renderRootSync (../../../../../Raw-Surf/frontend/node_modules/react-dom/cjs/react-dom-client.development.js:17450:11)
      at performWorkOnRoot (../../../../../Raw-Surf/frontend/node_modules/react-dom/cjs/react-dom-client.development.js:16504:11)
      at performWorkOnRootViaSchedulerTask (../../../../../Raw-Surf/frontend/node_modules/react-dom/cjs/react-dom-client.development.js:18957:7)
      at performWorkUntilDeadline (../../../../../Raw-Surf/frontend/node_modules/scheduler/cjs/scheduler.development.js:45:48)
      at Timeout.task [as _onTimeout] (../../../../../Raw-Surf/frontend/node_modules/jsdom/lib/jsdom/browser/Window.js:516:19)

PASS src/tests/zoomlab-network-evidence.test.js
PASS src/tests/weather-product-identity.test.js
PASS src/contexts/AuthContext.test.js
PASS src/components/SpotHub.confidence.test.js
PASS src/__tests__/forecastCard.heightUnits.test.js
PASS src/__tests__/forecastCard.provisional.test.js
PASS src/tests/telemetry-ring-quota.test.js
PASS src/tests/forecast-card-swell-vs-surf.test.js
PASS src/hooks/useMapData.loadingGate.test.js
PASS src/tests/zoomlab-verdict-refusal.test.js
PASS src/__tests__/exploreRequestRecovery.test.js
PASS src/hooks/useMapData.spotsError.test.js
PASS src/hooks/useMarineRevalidation.test.js
  ● Console

    console.log
      [SWR] Committed stale/coarse grid. Scheduling SWR revalidation retry #1 in 1500ms

      at Object.scheduleSWRRevalidation (src/hooks/useMarineRevalidation.js:73:17)

    console.log
      [SWR] Committed stale/coarse grid. Scheduling SWR revalidation retry #1 in 1500ms

      at Object.scheduleSWRRevalidation (src/hooks/useMarineRevalidation.js:73:17)

    console.log
      [SWR] Committed stale/coarse grid. Scheduling SWR revalidation retry #2 in 1500ms

      at Object.scheduleSWRRevalidation (src/hooks/useMarineRevalidation.js:73:17)

    console.log
      [SWR] Committed stale/coarse grid. Scheduling SWR revalidation retry #3 in 1500ms

      at Object.scheduleSWRRevalidation (src/hooks/useMarineRevalidation.js:73:17)

    console.warn
      [SWR] Max revalidation retries reached (3), stopping polling.

      81 |         }, delay);
      82 |       } else {
    > 83 |         console.warn(`[SWR] Max revalidation retries reached (${_maxRetries}), stopping polling.`);
         |                 ^
      84 |       }
      85 |     } else {
      86 |       swrRetryCountRef.current = 0;

      at Object.scheduleSWRRevalidation (src/hooks/useMarineRevalidation.js:83:17)
      at Object.<anonymous> (src/hooks/useMarineRevalidation.test.js:43:20)

    console.log
      [SWR] Empty/non-renderable grid (likely cold ingestion of a fresh run). Scheduling SWR revalidation retry #1 in 2500ms

      at Object.scheduleSWRRevalidation (src/hooks/useMarineRevalidation.js:73:17)

    console.log
      [SWR] Committed stale/coarse grid. Scheduling SWR revalidation retry #1 in 1500ms

      at Object.scheduleSWRRevalidation (src/hooks/useMarineRevalidation.js:73:17)

    console.log
      [SWR] Committed stale/coarse grid. Scheduling SWR revalidation retry #1 in 700ms

      at Object.scheduleSWRRevalidation (src/hooks/useMarineRevalidation.js:73:17)

    console.log
      [SWR] Committed stale/coarse grid. Scheduling SWR revalidation retry #2 in 1200ms

      at Object.scheduleSWRRevalidation (src/hooks/useMarineRevalidation.js:73:17)

    console.log
      [SWR] Committed stale/coarse grid. Scheduling SWR revalidation retry #3 in 1200ms

      at Object.scheduleSWRRevalidation (src/hooks/useMarineRevalidation.js:73:17)

    console.log
      [SWR] Committed stale/coarse grid. Scheduling SWR revalidation retry #1 in 1500ms

      at Object.scheduleSWRRevalidation (src/hooks/useMarineRevalidation.js:73:17)

    console.log
      [SWR] Committed stale/coarse grid. Scheduling SWR revalidation retry #2 in 1500ms

      at Object.scheduleSWRRevalidation (src/hooks/useMarineRevalidation.js:73:17)

    console.log
      [SWR] Committed stale/coarse grid. Scheduling SWR revalidation retry #3 in 1500ms

      at Object.scheduleSWRRevalidation (src/hooks/useMarineRevalidation.js:73:17)

    console.log
      [SWR] Committed stale/coarse grid. Scheduling SWR revalidation retry #4 in 1500ms

      at Object.scheduleSWRRevalidation (src/hooks/useMarineRevalidation.js:73:17)

    console.log
      [SWR] Committed stale/coarse grid. Scheduling SWR revalidation retry #5 in 1500ms

      at Object.scheduleSWRRevalidation (src/hooks/useMarineRevalidation.js:73:17)

PASS src/tests/grid-parser-worker.test.js
PASS src/tests/forecast-helpers.test.js
PASS src/lib/roles.test.js
PASS src/services/notificationService.test.js
PASS src/tests/windLegendFromRamp.test.js
PASS src/tests/quarantine.test.js
  ● Console

    console.warn
      [Weather Quarantine] Blocked direct JSON forecast fetch: https://marine-api.open-meteo.com/v1/marine?latitude=26.35&longitude=-80.08&hourly=wave_height&models=gfs

      146 |
      147 |       if (block) {
    > 148 |         console.warn(`[Weather Quarantine] Blocked direct JSON forecast fetch: ${urlString}`);
          |                 ^
      149 |         return new Response(JSON.stringify({
      150 |           error: "Blocked by weather legacy quarantine",
      151 |           code: "QUARANTINE_BLOCKED",

      at fetch (src/index.js:148:17)
      at Object.<anonymous> (src/tests/quarantine.test.js:57:35)

    console.warn
      [Weather Quarantine] Blocked direct JSON forecast fetch: https://api.open-meteo.com/v1/forecast?latitude=26.35&longitude=-80.08&hourly=temperature_2m

      146 |
      147 |       if (block) {
    > 148 |         console.warn(`[Weather Quarantine] Blocked direct JSON forecast fetch: ${urlString}`);
          |                 ^
      149 |         return new Response(JSON.stringify({
      150 |           error: "Blocked by weather legacy quarantine",
      151 |           code: "QUARANTINE_BLOCKED",

      at fetch (src/index.js:148:17)
      at Object.<anonymous> (src/tests/quarantine.test.js:75:35)

PASS src/lib/apiClient.test.js
PASS src/tests/spotMovePayload.test.js
PASS src/tests/om-metadata-demand.test.js
  ● Console

    console.log
      [MODEL] Marine variable wave_height unavailable on ncep_gfswave025 — transparent tile (no cross-model fallback)

      at Object.resolveAllUrls [as current] (src/components/map/useOpenMeteoTileUrls.js:568:25)

PASS src/tests/forecast-card-compiler.test.js
PASS src/tests/snapped-coordinates.test.js
PASS src/__tests__/dispatcher.domainGates.test.js
  ● Console

    console.log
      [RenderPlanDispatcher] Wind engine registered

      at registerWindEngine (src/engine/RenderPlanDispatcher.js:712:11)

    console.log
      [RenderPlanDispatcher] Marine engine registered

      at registerMarineEngine (src/engine/RenderPlanDispatcher.js:732:11)

    console.log
      [RenderPlanDispatcher] Wind engine registered

      at registerWindEngine (src/engine/RenderPlanDispatcher.js:712:11)

    console.log
      [RenderPlanDispatcher] Marine engine registered

      at registerMarineEngine (src/engine/RenderPlanDispatcher.js:732:11)

PASS src/tests/washCoverageMetric.test.js
PASS src/__tests__/landGeoJSONHiRes.test.js
PASS src/__tests__/globalGridCacheKeyParity.test.js
PASS src/utils/notificationDeepLinks.surfAlertParity.test.js
PASS src/tests/zoomlab-verdict-land.test.js
PASS src/__tests__/iconTailContinuity.test.js
PASS src/utils/media.test.js
PASS src/__tests__/forecastCard.parity.test.js
PASS src/__tests__/AuthThemeLayout.test.js
PASS src/tests/no-frontend-estimators.test.js
PASS src/__tests__/CookieConsentBanner.test.js
PASS src/__tests__/evolutionDiagnostics.test.js
PASS src/__tests__/card.loading.extra.test.js
PASS src/__tests__/exactPointTimeout.test.js
PASS src/__tests__/displayHorizons.test.js
PASS src/__tests__/coordinator.clearlog.test.js
PASS src/__tests__/arrayMinMax.test.js
PASS src/__tests__/coordinator.ownership.extra.test.js
PASS src/__tests__/coordinator.viewport.test.js
PASS src/tests/ladder-contract-seam.test.js
PASS src/utils/followStatusGate.test.js
PASS src/components/map/marineMaskShelter.wrapper.test.js
PASS src/__tests__/marineStaleLockWatchdog.test.js
  ● Console

    console.warn
      [Marine] Stale fetch lock released (provably dead, held >25000ms (governor may also be stranded)) — refetching to recover wedged heatmap.

      110 |     const originalWarn = console.warn;
      111 |     console.warn = (...args) => {
    > 112 |       originalWarn.apply(console, args);
          |                    ^
      113 |       try {
      114 |         if (cannotMatch(args)) return;
      115 |         const msg = args.join(' ');

      at console.warn (src/components/map/WeatherTelemetry.js:112:20)
      at releaseStaleMarineLock (src/components/map/useMarineDataFetcherCore.js:162:11)
      at Object.<anonymous> (src/__tests__/marineStaleLockWatchdog.test.js:67:34)

    console.warn
      [Marine] Stale fetch lock released (provably dead, held >25000ms (governor may also be stranded)) — refetching to recover wedged heatmap.

      110 |     const originalWarn = console.warn;
      111 |     console.warn = (...args) => {
    > 112 |       originalWarn.apply(console, args);
          |                    ^
      113 |       try {
      114 |         if (cannotMatch(args)) return;
      115 |         const msg = args.join(' ');

      at console.warn (src/components/map/WeatherTelemetry.js:112:20)
      at releaseStaleMarineLock (src/components/map/useMarineDataFetcherCore.js:162:11)
      at Object.<anonymous> (src/__tests__/marineStaleLockWatchdog.test.js:106:34)

    console.warn
      [Marine] Stale fetch lock released (provably dead, held >25000ms (governor may also be stranded)) — refetching to recover wedged heatmap.

      110 |     const originalWarn = console.warn;
      111 |     console.warn = (...args) => {
    > 112 |       originalWarn.apply(console, args);
          |                    ^
      113 |       try {
      114 |         if (cannotMatch(args)) return;
      115 |         const msg = args.join(' ');

      at console.warn (src/components/map/WeatherTelemetry.js:112:20)
      at releaseStaleMarineLock (src/components/map/useMarineDataFetcherCore.js:162:11)
      at Object.<anonymous> (src/__tests__/marineStaleLockWatchdog.test.js:119:36)

    console.warn
      [Marine] Stale fetch lock released (held >lease, governor idle) — refetching to recover wedged heatmap.

      110 |     const originalWarn = console.warn;
      111 |     console.warn = (...args) => {
    > 112 |       originalWarn.apply(console, args);
          |                    ^
      113 |       try {
      114 |         if (cannotMatch(args)) return;
      115 |         const msg = args.join(' ');

      at console.warn (src/components/map/WeatherTelemetry.js:112:20)
      at releaseStaleMarineLock (src/components/map/useMarineDataFetcherCore.js:162:11)
      at Object.<anonymous> (src/__tests__/marineStaleLockWatchdog.test.js:134:34)

    console.warn
      [Marine] Stale fetch lock released (held >lease, governor idle) — refetching to recover wedged heatmap.

      110 |     const originalWarn = console.warn;
      111 |     console.warn = (...args) => {
    > 112 |       originalWarn.apply(console, args);
          |                    ^
      113 |       try {
      114 |         if (cannotMatch(args)) return;
      115 |         const msg = args.join(' ');

      at console.warn (src/components/map/WeatherTelemetry.js:112:20)
      at releaseStaleMarineLock (src/components/map/useMarineDataFetcherCore.js:162:11)
      at Object.<anonymous> (src/__tests__/marineStaleLockWatchdog.test.js:145:34)

PASS src/__tests__/marineGridSeries.test.js
  ● Console

    console.log
      [WEATHER_TRUTH] Stage: seriesFrameMint | TraceID: e16226a1 | Product: series_GFS_waves_h0 | Status: OK

      at recordTruthStage (src/components/map/weatherTruthTracker.js:353:13)

    console.log
      [WEATHER_TRUTH] Stage: seriesFrameMint | TraceID: ddcd9cac | Product: series_GFS_waves_h0 | Status: OK

      at recordTruthStage (src/components/map/weatherTruthTracker.js:353:13)

    console.log
      [WEATHER_TRUTH] Stage: seriesFrameMint | TraceID: e16226a1 | Product: series_GFS_waves_h0 | Status: OK

      at recordTruthStage (src/components/map/weatherTruthTracker.js:353:13)

    console.log
      [WEATHER_TRUTH] Stage: seriesFrameMint | TraceID: d530fff9 | Product: series_GFS_waves_h0 | Status: OK

      at recordTruthStage (src/components/map/weatherTruthTracker.js:353:13)

PASS src/tests/marine-card-matrix-closure.test.js
PASS src/components/map/useMarineScrubSettle.commitStamp.test.js
  ● Console

    console.log
      [SCRUB-SETTLE] Sharpening regional_too_small grid: committing covering regional series frame.

      at runScrubSettleCheck (src/components/map/useMarineScrubSettle.js:323:17)

    console.log
      [SCRUB-SETTLE] Sharpening regional_too_small grid: committing covering regional series frame.

      at runScrubSettleCheck (src/components/map/useMarineScrubSettle.js:323:17)

    console.log
      [SCRUB-SETTLE] Sharpening regional_too_small grid: committing covering regional series frame.

      at runScrubSettleCheck (src/components/map/useMarineScrubSettle.js:323:17)

    console.log
      [SCRUB-SETTLE] Engine empty at settled viewport — committing GLOBAL-coarse series frame (recovery after zoom-out clear).

      at runScrubSettleCheck (src/components/map/useMarineScrubSettle.js:402:17)

PASS src/__tests__/marineEmptyGridRetry.test.js
  ● Console

    console.log
      [SWR] Empty/non-renderable grid (likely cold ingestion of a fresh run). Scheduling SWR revalidation retry #1 in 2500ms

      at Object.scheduleSWRRevalidation (src/hooks/useMarineRevalidation.js:73:17)

    console.log
      [SWR] Empty/non-renderable grid (likely cold ingestion of a fresh run). Scheduling SWR revalidation retry #1 in 2500ms

      at Object.scheduleSWRRevalidation (src/hooks/useMarineRevalidation.js:73:17)

    console.log
      [SWR] Empty/non-renderable grid (likely cold ingestion of a fresh run). Scheduling SWR revalidation retry #1 in 2500ms

      at Object.scheduleSWRRevalidation (src/hooks/useMarineRevalidation.js:73:17)

    console.log
      [SWR] Empty/non-renderable grid (likely cold ingestion of a fresh run). Scheduling SWR revalidation retry #2 in 2500ms

      at Object.scheduleSWRRevalidation (src/hooks/useMarineRevalidation.js:73:17)

    console.log
      [SWR] Empty/non-renderable grid (likely cold ingestion of a fresh run). Scheduling SWR revalidation retry #3 in 2500ms

      at Object.scheduleSWRRevalidation (src/hooks/useMarineRevalidation.js:73:17)

    console.warn
      [SWR] Max revalidation retries reached (3), stopping polling.

      81 |         }, delay);
      82 |       } else {
    > 83 |         console.warn(`[SWR] Max revalidation retries reached (${_maxRetries}), stopping polling.`);
         |                 ^
      84 |       }
      85 |     } else {
      86 |       swrRetryCountRef.current = 0;

      at Object.scheduleSWRRevalidation (src/hooks/useMarineRevalidation.js:83:17)
      at Object.<anonymous> (src/__tests__/marineEmptyGridRetry.test.js:136:22)

    console.warn
      [SWR] Max revalidation retries reached (3), stopping polling.

      81 |         }, delay);
      82 |       } else {
    > 83 |         console.warn(`[SWR] Max revalidation retries reached (${_maxRetries}), stopping polling.`);
         |                 ^
      84 |       }
      85 |     } else {
      86 |       swrRetryCountRef.current = 0;

      at Object.scheduleSWRRevalidation (src/hooks/useMarineRevalidation.js:83:17)
      at Object.<anonymous> (src/__tests__/marineEmptyGridRetry.test.js:136:22)

PASS src/components/map/marineRefeedGuard.test.js
PASS src/__tests__/marineSiblingPrewarm.test.js
PASS src/__tests__/marineOversizedGrid.test.js
  ● Console

    console.warn
      [Backend Weather Service] Oversized grid rejected: 952501 vectors (cols=1441, rows=661) exceeds cap 250000. Treating as transient non-renderable so the retry fetches the coarse product.

      156 |   const rawVectorCount = json.grid.vectors.length;
      157 |   if (rawVectorCount > MAX_GRID_CELLS) {
    > 158 |     console.warn(`[Backend Weather Service] Oversized grid rejected: ${rawVectorCount} vectors (cols=${json.grid.cols}, rows=${json.grid.rows}) exceeds cap ${MAX_GRID_CELLS}. Treating as transient non-renderable so the retry fetches the coarse product.`);
          |             ^
      159 |     return {
      160 |       type: 'FeatureCollection',
      161 |       features: [],

      at mapNormalizedGridToWebGL (src/components/map/backendWeatherServiceClientHelpers.js:158:13)
      at Object.<anonymous> (src/__tests__/marineOversizedGrid.test.js:30:44)

    console.log
      [WEATHER_TRUTH] Stage: mappedGrid | TraceID: 67d9604c | Product: test_product | Status: OK

      at recordTruthStage (src/components/map/weatherTruthTracker.js:353:13)

PASS src/components/map/marineLandAwareFetch.test.js
PASS src/components/map/marineFallbackNotice.test.js
PASS src/components/map/marineForensics.test.js
  ● Console

    console.log
      [BUILD] bundle=dev

      at announceBuild (src/components/map/marineForensics.js:83:13)

PASS src/__tests__/marineGridSeries.truthTag.test.js
  ● Console

    console.log
      [WEATHER_TRUTH] Stage: seriesFrameMint | TraceID: 31711ada | Product: series_GFS_waves_h0 | Status: OK

      at recordTruthStage (src/components/map/weatherTruthTracker.js:353:13)

    console.log
      [WEATHER_TRUTH] Stage: seriesFrameMint | TraceID: 31711ada | Product: series_GFS_waves_h0 | Status: OK

      at recordTruthStage (src/components/map/weatherTruthTracker.js:353:13)

    console.log
      [WEATHER_TRUTH] Stage: seriesFrameMint | TraceID: 31711ada | Product: series_GFS_waves_h0 | Status: OK

      at recordTruthStage (src/components/map/weatherTruthTracker.js:353:13)

    console.log
      [WEATHER_TRUTH] Stage: seriesFrameMint | TraceID: 31711ada | Product: series_GFS_waves_h0 | Status: OK

      at recordTruthStage (src/components/map/weatherTruthTracker.js:353:13)

    console.log
      [WEATHER_TRUTH] Stage: orchestratorCommit | TraceID: 31711ada | Product: series_GFS_waves_h0 | Status: OK

      at recordTruthStage (src/components/map/weatherTruthTracker.js:353:13)

    console.log
      [WEATHER_TRUTH] Stage: webglUpload | TraceID: 31711ada | Product: series_GFS_waves_h0 | Status: OK

      at recordTruthStage (src/components/map/weatherTruthTracker.js:353:13)

    console.log
      [WEATHER_TRUTH] Stage: seriesFrameMint | TraceID: 31711ada | Product: series_GFS_waves_h0 | Status: OK

      at recordTruthStage (src/components/map/weatherTruthTracker.js:353:13)

    console.log
      [WEATHER_TRUTH] Stage: webglUpload | TraceID: 31711ada | Product: series_GFS_waves_h0 | Status: OK

      at recordTruthStage (src/components/map/weatherTruthTracker.js:353:13)

    console.log
      [WEATHER_TRUTH] Stage: orchestratorCommit | TraceID: 31711ada | Product: series_GFS_waves_h0 | Status: OK

      at recordTruthStage (src/components/map/weatherTruthTracker.js:353:13)

    console.log
      [WEATHER_TRUTH] Stage: seriesFrameMint | TraceID: 6b3ae5df | Product: series_GFS_waves_h0 | Status: OK

      at recordTruthStage (src/components/map/weatherTruthTracker.js:353:13)

    console.log
      [WEATHER_TRUTH] Stage: webglUpload | TraceID: 6b3ae5df | Product: series_GFS_waves_h0 | Status: OK

      at recordTruthStage (src/components/map/weatherTruthTracker.js:353:13)

    console.log
      [WEATHER_TRUTH] Stage: seriesFrameMint | TraceID: 31711ada | Product: series_GFS_waves_h0 | Status: OK

      at recordTruthStage (src/components/map/weatherTruthTracker.js:353:13)

    console.log
      [WEATHER_TRUTH] Stage: webglUpload | TraceID: 31711ada | Product: series_GFS_waves_h0 | Status: OK

      at recordTruthStage (src/components/map/weatherTruthTracker.js:353:13)

    console.log
      [WEATHER_TRUTH] Stage: orchestratorCommit | TraceID: 31711ada | Product: series_GFS_waves_h0 | Status: OK

      at recordTruthStage (src/components/map/weatherTruthTracker.js:353:13)

    console.log
      [WEATHER_TRUTH] Stage: seriesFrameMint | TraceID: 4aa1bef6 | Product: series_GFS_waves_h0 | Status: OK

      at recordTruthStage (src/components/map/weatherTruthTracker.js:353:13)

    console.log
      [WEATHER_TRUTH] Stage: webglUpload | TraceID: 4aa1bef6 | Product: series_GFS_waves_h0 | Status: OK

      at recordTruthStage (src/components/map/weatherTruthTracker.js:353:13)

    console.log
      [WEATHER_TRUTH] Stage: seriesFrameMint | TraceID: 31711ada | Product: series_GFS_waves_h0 | Status: OK

      at recordTruthStage (src/components/map/weatherTruthTracker.js:353:13)

    console.error
      [WEATHER_TRUTH] {"logType":"WEATHER_TRUTH","stage":"webglUpload","status":"MISMATCH","traceId":"31711ada","productId":"series_GFS_waves_h0","dataHash":"tampered-hash","boundsHash":"8ef2aab0","mismatchReason":"dataHash mismatch from stage seriesFrameMint: expected e28d41fd, got tampered-hash","file":"test","functionName":"upload"}

      18 |   console.error = (...args) => {
      19 |     if (typeof args[0] === 'string' && args[0].includes('act(')) return;
    > 20 |     originalError.call(console, ...args);
         |                   ^
      21 |   };
      22 | });
      23 |

      at console.error (src/setupTests.js:20:19)
      at recordTruthStage (src/components/map/weatherTruthTracker.js:349:13)
      at Object.<anonymous> (src/__tests__/marineGridSeries.truthTag.test.js:178:21)

PASS src/components/map/marineZoomOutGate.wiring.test.js
PASS src/components/map/marineCoverageContract.test.js
PASS src/__tests__/marineCoarseBridgeModelSwitch.test.js
PASS src/__tests__/marineGridSeries.hour0.test.js
  ● Console

    console.log
      [WEATHER_TRUTH] Stage: seriesFrameMint | TraceID: 6abbdd5b | Product: series_GFS_waves_h0 | Status: OK

      at recordTruthStage (src/components/map/weatherTruthTracker.js:353:13)

    console.log
      [WEATHER_TRUTH] Stage: seriesFrameMint | TraceID: 4b2c0e39 | Product: series_GFS_waves_h0 | Status: OK

      at recordTruthStage (src/components/map/weatherTruthTracker.js:353:13)

    console.log
      [WEATHER_TRUTH] Stage: seriesFrameMint | TraceID: 6abbdd5b | Product: series_GFS_waves_h0 | Status: OK

      at recordTruthStage (src/components/map/weatherTruthTracker.js:353:13)

PASS src/components/map/marineTransitionCoordinator.switchHold.test.js
PASS src/components/map/marineRingReader.test.js
PASS src/__tests__/marineInFlightRegistry.test.js
PASS src/__tests__/marineStrandedPending.test.js
PASS src/components/map/marineControllerCache.requestKeyAlias.test.js
  ● Console

    console.log
      [WEATHER_TRUTH] Stage: cacheWrite | TraceID: b24a39bc | Product: undefined | Status: OK

      at recordTruthStage (src/components/map/weatherTruthTracker.js:353:13)

PASS src/components/map/marineResolutionWatch.test.js
PASS src/__tests__/marineParticleCarry.test.js
PASS src/__tests__/marineGridSeries.warming.test.js
  ● Console

    console.log
      [WEATHER_TRUTH] Stage: seriesFrameMint | TraceID: 8a1f139d | Product: series_GFS_waves_h0 | Status: OK

      at recordTruthStage (src/components/map/weatherTruthTracker.js:353:13)

PASS src/components/map/marineZoomOutGate.test.js
PASS src/components/map/marineMaskShelter.canonical.test.js
PASS src/__tests__/marineCacheMissReasons.test.js
PASS src/__tests__/marineGridSeries.heavyPages.test.js
  ● Console

    console.log
      [WEATHER_TRUTH] Stage: seriesFrameMint | TraceID: 4ff3d4a6 | Product: series_GFS_waves_h0 | Status: OK

      at recordTruthStage (src/components/map/weatherTruthTracker.js:353:13)

PASS src/__tests__/marineGlobalCoarseCooldown.test.js
  ● Console

    console.log
      [WEATHER_TRUTH] Stage: cacheRead | TraceID: e99abea7 | Product: undefined | Status: OK

      at recordTruthStage (src/components/map/weatherTruthTracker.js:353:13)

PASS src/components/map/marineOverlayMode.telemetryReason.test.js
PASS src/components/map/marineGridSeries.retry.test.js
PASS src/components/map/marineControllerCache.selectorTelemetry.test.js
PASS src/components/map/maskCoastSDF.test.js
PASS src/__tests__/marineTransitionCoordinator.test.js
PASS src/components/map/marineGridSeries.leak.test.js
PASS src/tests/mask-no-shrink-halo.test.js
PASS src/components/map/backendWeatherServiceClientCoverage.test.js
PASS src/__tests__/radarForecastSources.test.js
PASS src/__tests__/radarTileRecolor.test.js
PASS src/__tests__/maskNoDowngradeRetain.test.js
PASS src/__tests__/surfRating.test.js
PASS src/components/map/backendWeatherServiceClient.test.js
  ● Console

    console.warn
      [Backend Weather Service] Wind grid is not renderable. mappedVectors=1, nonzeroCount=0

      110 |     const originalWarn = console.warn;
      111 |     console.warn = (...args) => {
    > 112 |       originalWarn.apply(console, args);
          |                    ^
      113 |       try {
      114 |         if (cannotMatch(args)) return;
      115 |         const msg = args.join(' ');

      at console.warn (src/components/map/WeatherTelemetry.js:112:20)
      at mapNormalizedWindGridToWebGL (src/components/map/backendWindServiceClient.js:49:13)
      at Object.<anonymous> (src/components/map/backendWeatherServiceClient.test.js:233:50)

    console.log
      [WEATHER_TRUTH] Stage: mappedGrid | TraceID: 3d71de20 | Product: undefined | Status: OK

      at console.log (src/components/map/WeatherTelemetry.js:144:19)

    console.warn
      [Backend Weather Service] Failed to fetch products manifest: signal is aborted without reason

      110 |     const originalWarn = console.warn;
      111 |     console.warn = (...args) => {
    > 112 |       originalWarn.apply(console, args);
          |                    ^
      113 |       try {
      114 |         if (cannotMatch(args)) return;
      115 |         const msg = args.join(' ');

      at console.warn (src/components/map/WeatherTelemetry.js:112:20)
      at src/components/map/backendWeatherServiceClient.js:50:15

    console.warn
      [Backend Weather Service] Failed to fetch products manifest: signal is aborted without reason

      110 |     const originalWarn = console.warn;
      111 |     console.warn = (...args) => {
    > 112 |       originalWarn.apply(console, args);
          |                    ^
      113 |       try {
      114 |         if (cannotMatch(args)) return;
      115 |         const msg = args.join(' ');

      at console.warn (src/components/map/WeatherTelemetry.js:112:20)
      at src/components/map/backendWeatherServiceClient.js:50:15

    console.log
      [Backend Weather Service] Point fetch aborted (expected during model/layer switch).

      at console.log (src/components/map/WeatherTelemetry.js:144:19)
          at async Promise.allSettled (index 0)

    console.warn
      [Backend Weather Service] Failed to fetch products manifest: signal is aborted without reason

      110 |     const originalWarn = console.warn;
      111 |     console.warn = (...args) => {
    > 112 |       originalWarn.apply(console, args);
          |                    ^
      113 |       try {
      114 |         if (cannotMatch(args)) return;
      115 |         const msg = args.join(' ');

      at console.warn (src/components/map/WeatherTelemetry.js:112:20)
      at src/components/map/backendWeatherServiceClient.js:50:15

    console.log
      [Backend Weather Service] Point fetch aborted (expected during model/layer switch).

      at console.log (src/components/map/WeatherTelemetry.js:144:19)
          at async Promise.allSettled (index 1)

    console.warn
      [Backend Weather Service] Failed to fetch products manifest: signal is aborted without reason

      110 |     const originalWarn = console.warn;
      111 |     console.warn = (...args) => {
    > 112 |       originalWarn.apply(console, args);
          |                    ^
      113 |       try {
      114 |         if (cannotMatch(args)) return;
      115 |         const msg = args.join(' ');

      at console.warn (src/components/map/WeatherTelemetry.js:112:20)
      at src/components/map/backendWeatherServiceClient.js:50:15

    console.warn
      [Backend Weather Service] Failed to fetch products manifest: signal is aborted without reason

      110 |     const originalWarn = console.warn;
      111 |     console.warn = (...args) => {
    > 112 |       originalWarn.apply(console, args);
          |                    ^
      113 |       try {
      114 |         if (cannotMatch(args)) return;
      115 |         const msg = args.join(' ');

      at console.warn (src/components/map/WeatherTelemetry.js:112:20)
      at src/components/map/backendWeatherServiceClient.js:50:15

    console.warn
      [Backend Weather Service] Failed to fetch products manifest: HTTP 500

      110 |     const originalWarn = console.warn;
      111 |     console.warn = (...args) => {
    > 112 |       originalWarn.apply(console, args);
          |                    ^
      113 |       try {
      114 |         if (cannotMatch(args)) return;
      115 |         const msg = args.join(' ');

      at console.warn (src/components/map/WeatherTelemetry.js:112:20)
      at src/components/map/backendWeatherServiceClient.js:50:15

    console.warn
      [Backend Weather Service] Failed to fetch products manifest: HTTP 500

      110 |     const originalWarn = console.warn;
      111 |     console.warn = (...args) => {
    > 112 |       originalWarn.apply(console, args);
          |                    ^
      113 |       try {
      114 |         if (cannotMatch(args)) return;
      115 |         const msg = args.join(' ');

      at console.warn (src/components/map/WeatherTelemetry.js:112:20)
      at src/components/map/backendWeatherServiceClient.js:50:15

    console.warn
      [Backend Weather Service] Failed to fetch products manifest: HTTP 500

      110 |     const originalWarn = console.warn;
      111 |     console.warn = (...args) => {
    > 112 |       originalWarn.apply(console, args);
          |                    ^
      113 |       try {
      114 |         if (cannotMatch(args)) return;
      115 |         const msg = args.join(' ');

      at console.warn (src/components/map/WeatherTelemetry.js:112:20)
      at src/components/map/backendWeatherServiceClient.js:50:15

    console.error
      [Backend Weather Service] Point fetch error: boom. Falling back cleanly to standard proxy pipeline.

      18 |   console.error = (...args) => {
      19 |     if (typeof args[0] === 'string' && args[0].includes('act(')) return;
    > 20 |     originalError.call(console, ...args);
         |                   ^
      21 |   };
      22 | });
      23 |

      at console.error (src/setupTests.js:20:19)
      at fetchBackendExactPoint (src/components/map/backendWeatherServiceClientPoint.js:690:15)
          at async Promise.allSettled (index 0)
      at fetchBackendExactPoint (src/components/map/backendWeatherServiceClientPoint.js:258:31)
      at Object.<anonymous> (src/components/map/backendWeatherServiceClient.test.js:319:19)

    console.error
      [Backend Weather Service] Point fetch error: boom. Falling back cleanly to standard proxy pipeline.

      18 |   console.error = (...args) => {
      19 |     if (typeof args[0] === 'string' && args[0].includes('act(')) return;
    > 20 |     originalError.call(console, ...args);
         |                   ^
      21 |   };
      22 | });
      23 |

      at console.error (src/setupTests.js:20:19)
      at fetchBackendExactPoint (src/components/map/backendWeatherServiceClientPoint.js:690:15)
          at async Promise.allSettled (index 1)
      at fetchBackendExactPoint (src/components/map/backendWeatherServiceClientPoint.js:258:31)
      at Object.<anonymous> (src/components/map/backendWeatherServiceClient.test.js:319:19)

    console.warn
      [Backend Weather Service] Failed to fetch products manifest: HTTP 500

      110 |     const originalWarn = console.warn;
      111 |     console.warn = (...args) => {
    > 112 |       originalWarn.apply(console, args);
          |                    ^
      113 |       try {
      114 |         if (cannotMatch(args)) return;
      115 |         const msg = args.join(' ');

      at console.warn (src/components/map/WeatherTelemetry.js:112:20)
      at src/components/map/backendWeatherServiceClient.js:50:15

    console.warn
      [Backend Weather Service] Failed to fetch products manifest: HTTP 500

      110 |     const originalWarn = console.warn;
      111 |     console.warn = (...args) => {
    > 112 |       originalWarn.apply(console, args);
          |                    ^
      113 |       try {
      114 |         if (cannotMatch(args)) return;
      115 |         const msg = args.join(' ');

      at console.warn (src/components/map/WeatherTelemetry.js:112:20)
      at src/components/map/backendWeatherServiceClient.js:50:15

    console.warn
      [Backend Weather Service] Failed to fetch products manifest: HTTP 500

      110 |     const originalWarn = console.warn;
      111 |     console.warn = (...args) => {
    > 112 |       originalWarn.apply(console, args);
          |                    ^
      113 |       try {
      114 |         if (cannotMatch(args)) return;
      115 |         const msg = args.join(' ');

      at console.warn (src/components/map/WeatherTelemetry.js:112:20)
      at src/components/map/backendWeatherServiceClient.js:50:15

PASS src/__tests__/windViewportFine.test.js
PASS src/components/map/forecastDiagnostics.truthLayer.test.js
PASS src/components/map/ForecastWheel.test.js
PASS src/__tests__/weatherEngine.viewportHourGuard.test.js
  ● Console

    console.log
      [FETCH] [WeatherEngine] Fetching wind (attempt 1/5, offset: 0h)

      at attemptFetch (src/components/map/WeatherEngine.js:406:15)

    console.log
      [CACHE] [WeatherEngine] Committing GLOBAL base UNDER the resident fine grid (promote) (2 vectors)

      at src/components/map/WeatherEngine.js:485:23

    console.log
      [CACHE] [WeatherEngine] Wind data: 2 vectors

      at attemptFetch (src/components/map/WeatherEngine.js:560:19)

    console.log
      [CACHE] [WeatherEngine] Cache miss for wind at hour +48h. Fetching immediately...

      at src/components/map/WeatherEngine.js:886:17

    console.log
      [WeatherEngine] No renderable wind at +48h (no_wind_coverage) — holding last frame.

      at src/components/map/WeatherEngine.js:932:21

    console.log
      [WeatherEngine] Discarding stale-hour viewport wind fetch (req +0h; now +48h).

      at src/components/map/WeatherEngine.js:1026:23

    console.log
      [FETCH] [WeatherEngine] Fetching wind (attempt 1/5, offset: 0h)

      at attemptFetch (src/components/map/WeatherEngine.js:406:15)

    console.log
      [CACHE] [WeatherEngine] Committing GLOBAL base UNDER the resident fine grid (promote) (2 vectors)

      at src/components/map/WeatherEngine.js:485:23

    console.log
      [CACHE] [WeatherEngine] Wind data: 2 vectors

      at attemptFetch (src/components/map/WeatherEngine.js:560:19)

    console.log
      [CACHE] [WeatherEngine] Cache miss for wind at hour +48h. Fetching immediately...

      at src/components/map/WeatherEngine.js:886:17

    console.log
      [WeatherEngine] No renderable wind at +48h (no_wind_coverage) — holding last frame.

      at src/components/map/WeatherEngine.js:932:21

    console.log
      [FETCH] [WeatherEngine] Viewport wind fetch success: 2 vectors

      at src/components/map/WeatherEngine.js:1087:23

    console.log
      [FETCH] [WeatherEngine] Fetching wind (attempt 1/5, offset: 0h)

      at attemptFetch (src/components/map/WeatherEngine.js:406:15)

    console.log
      [CACHE] [WeatherEngine] Committing GLOBAL base UNDER the resident fine grid (promote) (2 vectors)

      at src/components/map/WeatherEngine.js:485:23

    console.log
      [CACHE] [WeatherEngine] Wind data: 2 vectors

      at attemptFetch (src/components/map/WeatherEngine.js:560:19)

    console.log
      [FETCH] [WeatherEngine] Viewport wind fetch success: 2 vectors

      at src/components/map/WeatherEngine.js:1087:23

PASS src/components/map/backendPrecipitationServiceClient.test.js
  ● Console

    console.warn
      [Backend Weather Service] Failed to fetch products manifest: HTTP 500

      48 |       return data;
      49 |     } catch (err) {
    > 50 |       console.warn("[Backend Weather Service] Failed to fetch products manifest:", err.message);
         |               ^
      51 |       return null;
      52 |     } finally {
      53 |       manifestFetchPromise = null;

      at src/components/map/backendWeatherServiceClient.js:50:15
      at fetchBackendExactPrecipitationPoint (src/components/map/backendPrecipitationServiceClient.js:41:20)
      at Object.<anonymous> (src/components/map/backendPrecipitationServiceClient.test.js:186:7)

    console.error
      [Backend Precipitation Service] Point fetch error: Internal Server Error. Falling back cleanly.

      18 |   console.error = (...args) => {
      19 |     if (typeof args[0] === 'string' && args[0].includes('act(')) return;
    > 20 |     originalError.call(console, ...args);
         |                   ^
      21 |   };
      22 | });
      23 |

      at console.error (src/setupTests.js:20:19)
      at fetchBackendExactPrecipitationPoint (src/components/map/backendPrecipitationServiceClient.js:285:13)
      at Object.<anonymous> (src/components/map/backendPrecipitationServiceClient.test.js:186:7)

PASS src/components/map/backendPressureServiceClient.test.js
  ● Console

    console.warn
      [Backend Weather Service] Failed to fetch products manifest: HTTP 500

      48 |       return data;
      49 |     } catch (err) {
    > 50 |       console.warn("[Backend Weather Service] Failed to fetch products manifest:", err.message);
         |               ^
      51 |       return null;
      52 |     } finally {
      53 |       manifestFetchPromise = null;

      at src/components/map/backendWeatherServiceClient.js:50:15
      at fetchBackendExactPressurePoint (src/components/map/backendPressureServiceClient.js:40:20)
      at Object.<anonymous> (src/components/map/backendPressureServiceClient.test.js:218:7)

    console.error
      [Backend Pressure Service] Point fetch error: Internal Server Error. Falling back cleanly.

      18 |   console.error = (...args) => {
      19 |     if (typeof args[0] === 'string' && args[0].includes('act(')) return;
    > 20 |     originalError.call(console, ...args);
         |                   ^
      21 |   };
      22 | });
      23 |

      at console.error (src/setupTests.js:20:19)
      at fetchBackendExactPressurePoint (src/components/map/backendPressureServiceClient.js:231:13)
      at Object.<anonymous> (src/components/map/backendPressureServiceClient.test.js:218:7)

PASS src/components/map/controls.a11y.test.js
PASS src/components/map/LayerAccessResolver.layerKeys.test.js
PASS src/components/admin/AdminSpotDuplicates.test.js
PASS src/components/map/MapMarkerLayers.a11y.test.js
PASS src/__tests__/weatherEngine.holdLastFrame.test.js
  ● Console

    console.log
      [FETCH] [WeatherEngine] Fetching wind (attempt 1/5, offset: 0h)

      at attemptFetch (src/components/map/WeatherEngine.js:406:15)

    console.log
      [CACHE] [WeatherEngine] Committing GLOBAL base UNDER the resident fine grid (promote) (2 vectors)

      at src/components/map/WeatherEngine.js:485:23

    console.log
      [CACHE] [WeatherEngine] Wind data: 2 vectors

      at attemptFetch (src/components/map/WeatherEngine.js:560:19)

    console.log
      [CACHE] [WeatherEngine] Cache miss for wind at hour +272h. Fetching immediately...

      at src/components/map/WeatherEngine.js:886:17

    console.log
      [WeatherEngine] No renderable wind at +272h (no_wind_coverage) — holding last frame.

      at src/components/map/WeatherEngine.js:932:21

    console.log
      [FETCH] [WeatherEngine] Fetching wind (attempt 1/5, offset: 0h)

      at attemptFetch (src/components/map/WeatherEngine.js:406:15)

    console.log
      [CACHE] [WeatherEngine] Committing GLOBAL base UNDER the resident fine grid (promote) (2 vectors)

      at src/components/map/WeatherEngine.js:485:23

    console.log
      [CACHE] [WeatherEngine] Wind data: 2 vectors

      at attemptFetch (src/components/map/WeatherEngine.js:560:19)

    console.log
      [FETCH] [WeatherEngine] Fetching wind (attempt 1/5, offset: 0h)

      at attemptFetch (src/components/map/WeatherEngine.js:406:15)

    console.log
      [CACHE] [WeatherEngine] Committing GLOBAL base UNDER the resident fine grid (promote) (2 vectors)

      at src/components/map/WeatherEngine.js:485:23

    console.log
      [CACHE] [WeatherEngine] Wind data: 2 vectors

      at attemptFetch (src/components/map/WeatherEngine.js:560:19)

    console.log
      [CACHE] [WeatherEngine] Cache miss for wind at hour +250h. Fetching immediately...

      at src/components/map/WeatherEngine.js:886:17

    console.log
      [WeatherEngine] No wind forecast coverage at offset +250h. Clearing visual.

      at src/components/map/WeatherEngine.js:922:21

    console.log
      [FETCH] [WeatherEngine] Fetching wind (attempt 1/5, offset: 0h)

      at attemptFetch (src/components/map/WeatherEngine.js:406:15)

    console.log
      [FETCH] [WeatherEngine] No data (attempt 1), retry in 3s

      at attemptFetch (src/components/map/WeatherEngine.js:606:21)

    console.log
      [CACHE] [WeatherEngine] Cache miss for wind at hour +48h. Fetching immediately...

      at src/components/map/WeatherEngine.js:886:17

    console.log
      [SCRUB] [WeatherEngine] Fetch wind grid success for hour +48h: 2 vectors

      at src/components/map/WeatherEngine.js:916:21

PASS src/__tests__/useModelTransition.finishOnce.test.js
  ● Console

    console.log
      [MODEL] Model changed to GFS, transitioning (caches retained, model-keyed)...

      at src/components/map/useModelTransition.js:143:15

    console.log
      [TRANSITION] Transition finished, activeModel: GFS

      at src/components/map/useModelTransition.js:172:23

    console.log
      [MODEL] Model changed to EURO, transitioning (caches retained, model-keyed)...

      at src/components/map/useModelTransition.js:143:15

    console.log
      [TRANSITION] Style load safety fallback triggered

      at src/components/map/useModelTransition.js:278:27

    console.log
      [TRANSITION] Transition finished, activeModel: EURO

      at src/components/map/useModelTransition.js:172:23

    console.log
      [MODEL] Model changed to GFS, transitioning (caches retained, model-keyed)...

      at src/components/map/useModelTransition.js:143:15

    console.log
      [TRANSITION] Transition finished, activeModel: GFS

      at src/components/map/useModelTransition.js:172:23

    console.log
      [MODEL] Model changed to GFS, transitioning (caches retained, model-keyed)...

      at src/components/map/useModelTransition.js:143:15

    console.log
      [TRANSITION] Transition finished, activeModel: GFS

      at src/components/map/useModelTransition.js:172:23

PASS src/__tests__/windGridSeries.truthTag.test.js
  ● Console

    console.log
      [WEATHER_TRUTH] Stage: orchestratorCommit | TraceID: 8d251e76 | Product: series_GFS_wind_h0 | Status: OK

      at recordTruthStage (src/components/map/weatherTruthTracker.js:353:13)

    console.log
      [WEATHER_TRUTH] Stage: webglUpload | TraceID: 8d251e76 | Product: series_GFS_wind_h0 | Status: OK

      at recordTruthStage (src/components/map/weatherTruthTracker.js:353:13)

PASS src/components/map/layerColorScaleCoverage.test.js
PASS src/__tests__/simField.noDowngrade.test.js
PASS src/components/map/legendTicks.test.js
PASS src/__tests__/windGridSeries.test.js
PASS src/__tests__/weatherEngine.modelSwitchPrewarm.test.js
  ● Console

    console.log
      [WeatherEngine] Viewport outside wind coverage (test_out_of_coverage). Clearing visual layer.

      at attemptFetch (src/components/map/WeatherEngine.js:359:17)

    console.log
      [WeatherEngine] Viewport outside wind coverage (test_out_of_coverage). Clearing visual layer.

      at attemptFetch (src/components/map/WeatherEngine.js:359:17)

    console.log
      [WeatherEngine] Viewport outside wind coverage (test_out_of_coverage). Clearing visual layer.

      at attemptFetch (src/components/map/WeatherEngine.js:359:17)

    console.log
      [WeatherEngine] Viewport outside wind coverage (test_out_of_coverage). Clearing visual layer.

      at attemptFetch (src/components/map/WeatherEngine.js:359:17)

    console.log
      [WeatherEngine] Viewport outside wind coverage (test_out_of_coverage). Clearing visual layer.

      at attemptFetch (src/components/map/WeatherEngine.js:359:17)

    console.log
      [WeatherEngine] Viewport outside wind coverage (test_out_of_coverage). Clearing visual layer.

      at attemptFetch (src/components/map/WeatherEngine.js:359:17)

    console.log
      [WeatherEngine] Viewport outside wind coverage (test_out_of_coverage). Clearing visual layer.

      at attemptFetch (src/components/map/WeatherEngine.js:359:17)

PASS src/components/map/ForecastWheel.valuetext.test.js
PASS src/components/map/LayerRegistry.reregister.test.js
PASS src/__tests__/ThemeContext.test.js
PASS src/__tests__/windModelPrewarm.test.js
  ● Console

    console.log
      [Backend Weather Service] Redirecting GFS Wind grid fetch to backend Weather Data Service for hourOffset=+0h

      at src/components/map/windController.js:322:17

    console.log
      [Backend Weather Service] Redirecting EURO Wind grid fetch to backend Weather Data Service for hourOffset=+0h

      at src/components/map/windController.js:322:17

    console.log
      [Backend Weather Service] Redirecting GFS Wind grid fetch to backend Weather Data Service for hourOffset=+0h

      at src/components/map/windController.js:322:17

    console.log
      [Backend Weather Service] Redirecting ICON Wind grid fetch to backend Weather Data Service for hourOffset=+0h

      at src/components/map/windController.js:322:17

    console.log
      [Backend Weather Service] Redirecting EURO Wind grid fetch to backend Weather Data Service for hourOffset=+0h

      at src/components/map/windController.js:322:17

PASS src/components/map/decodedOmSampler.test.js
PASS src/__tests__/windControllerTerminalNocov.test.js
  ● Console

    console.log
      [Backend Weather Service] Redirecting EURO Wind grid fetch to backend Weather Data Service for hourOffset=+272h

      at src/components/map/windController.js:322:17

    console.warn
      [Backend Weather Service] Wind grid redirect failed: no_wind_coverage.

      361 |         return result;
      362 |       } catch (err) {
    > 363 |         console.warn(`[Backend Weather Service] Wind grid redirect failed: ${err.message}.`);
          |                 ^
      364 |         lastWindRedirectFailureReason = err.message || '';
      365 |         if (typeof window !== 'undefined' && window.__BACKEND_WIND_SERVICE_DIAG__) {
      366 |           window.__BACKEND_WIND_SERVICE_DIAG__.fallbackPath = 'none';

      at src/components/map/windController.js:363:17
      at _fetchWindDataInner (src/components/map/windController.js:404:12)
      at fetchWindData (src/components/map/windController.js:200:12)
      at Object.<anonymous> (src/__tests__/windControllerTerminalNocov.test.js:59:20)

    console.warn
      [Fallback] Backend wind redirects failed for model=EURO, hour=272. Returning conformed safe zero grid.

      370 |     }
      371 |
    > 372 |     console.warn(`[Fallback] Backend wind redirects failed for model=${resolvedModel}, hour=${hourOffset}. Returning conformed safe zero grid.`);
          |             ^
      373 |     // Terminal no-coverage (wind analog of marineController's §7.6 recording): a coverage 404 from
      374 |     // the wind horizon gate won't resolve by refetching this run — record (model,'wind',hour) so the
      375 |     // scrub-settle stops re-driving the doomed fetch while the held frame keeps displaying. NEVER

      at src/components/map/windController.js:372:13
      at _fetchWindDataInner (src/components/map/windController.js:404:12)
      at fetchWindData (src/components/map/windController.js:200:12)
      at Object.<anonymous> (src/__tests__/windControllerTerminalNocov.test.js:59:20)

    console.log
      [Backend Weather Service] Redirecting GFS Wind grid fetch to backend Weather Data Service for hourOffset=+120h

      at src/components/map/windController.js:322:17

    console.warn
      [Backend Weather Service] Wind grid redirect failed: Backend returned HTTP 503.

      361 |         return result;
      362 |       } catch (err) {
    > 363 |         console.warn(`[Backend Weather Service] Wind grid redirect failed: ${err.message}.`);
          |                 ^
      364 |         lastWindRedirectFailureReason = err.message || '';
      365 |         if (typeof window !== 'undefined' && window.__BACKEND_WIND_SERVICE_DIAG__) {
      366 |           window.__BACKEND_WIND_SERVICE_DIAG__.fallbackPath = 'none';

      at src/components/map/windController.js:363:17
      at _fetchWindDataInner (src/components/map/windController.js:404:12)
      at fetchWindData (src/components/map/windController.js:200:12)
      at Object.<anonymous> (src/__tests__/windControllerTerminalNocov.test.js:73:20)

    console.warn
      [Fallback] Backend wind redirects failed for model=GFS, hour=120. Returning conformed safe zero grid.

      370 |     }
      371 |
    > 372 |     console.warn(`[Fallback] Backend wind redirects failed for model=${resolvedModel}, hour=${hourOffset}. Returning conformed safe zero grid.`);
          |             ^
      373 |     // Terminal no-coverage (wind analog of marineController's §7.6 recording): a coverage 404 from
      374 |     // the wind horizon gate won't resolve by refetching this run — record (model,'wind',hour) so the
      375 |     // scrub-settle stops re-driving the doomed fetch while the held frame keeps displaying. NEVER

      at src/components/map/windController.js:372:13
      at _fetchWindDataInner (src/components/map/windController.js:404:12)
      at fetchWindData (src/components/map/windController.js:200:12)
      at Object.<anonymous> (src/__tests__/windControllerTerminalNocov.test.js:73:20)

    console.log
      [Backend Weather Service] Redirecting GFS Wind grid fetch to backend Weather Data Service for hourOffset=+24h

      at src/components/map/windController.js:322:17

PASS src/__tests__/simField.timeRefresh.test.js
PASS src/__tests__/ratingParity.test.js
PASS src/__tests__/useModelTransition.retention.test.js
  ● Console

    console.log
      [MODEL] Model changed to GFS, transitioning (caches retained, model-keyed)...

      at src/components/map/useModelTransition.js:143:15

    console.log
      [MODEL] Model changed to EURO, transitioning (caches retained, model-keyed)...

      at src/components/map/useModelTransition.js:143:15

    console.log
      [MODEL] Model changed to GFS, transitioning and wiping block cache...

      at src/components/map/useModelTransition.js:143:15

    console.log
      [MODEL] Model changed to ICON, transitioning and wiping block cache...

      at src/components/map/useModelTransition.js:143:15

PASS src/__tests__/renderPlanBridge.publish.test.js
PASS src/__tests__/windSeamAndClearing.test.js
PASS src/components/map/inlandWaterGuard.test.js
PASS src/__tests__/ratingFieldPassthrough.test.js
PASS src/__tests__/TosReacceptanceGate.test.js
PASS src/components/map/backendWeatherServiceClientDiag.test.js
PASS src/__tests__/truthOverlayGate.test.js
PASS src/__tests__/windAnimTuning.test.js
PASS src/components/map/backendWeatherServiceClientHelpers.dirConfidence.test.js
  ● Console

    console.log
      [WEATHER_TRUTH] Stage: mappedGrid | TraceID: febb6d98 | Product: gfs_marine_waves_global_coarse_test.json | Status: OK

      at recordTruthStage (src/components/map/weatherTruthTracker.js:353:13)

PASS src/__tests__/windReinitKeepTrails.test.js
  ● Console

    console.log
      [WebGLWind] Particles re-initialized and FBOs cleared due to bounds change

      at reinitParticles (src/components/map/WebGLWindEngineInit.js:34:11)

    console.log
      [WebGLWind] Particles re-seeded (trails kept — camera recenter)

      at reinitParticles (src/components/map/WebGLWindEngineInit.js:34:11)

    console.log
      [WebGLWind] Particles re-initialized and FBOs cleared due to bounds change

      at reinitParticles (src/components/map/WebGLWindEngineInit.js:34:11)

PASS src/components/map/colorScales.aliasSurfaceTemperature.test.js
PASS src/__tests__/useOptimisticAction.test.js
PASS src/components/map/heightUnits.test.js
PASS src/__tests__/useWebPSupport.test.js
PASS src/__tests__/useRoutePreloader.test.js
PASS src/__tests__/useVirtualList.test.js
PASS src/components/map/deviceTier.windRes.test.js
PASS src/__tests__/usePullToRefresh.test.js
PASS src/components/messages/GifPicker.test.js
PASS src/__tests__/useFocusTrap.test.js
PASS src/components/map/marineCommitArbiter.sequence.test.js
  ● Console

    console.log
      [BUILD] bundle=dev

      at console.log (src/components/map/WeatherTelemetry.js:144:19)

    console.log
      
      === SEQUENCE SWEEP: 37268 interleavings x 2 modes ===

      at console.log (src/components/map/WeatherTelemetry.js:144:19)

    console.log
      trajectory divergences: 0 in 0 classes

      at console.log (src/components/map/WeatherTelemetry.js:144:19)

    console.log
      bounce (next-frame verdict instability): guards=0 arbiter=0

      at console.log (src/components/map/WeatherTelemetry.js:144:19)

    console.log
      teeth: stashes=16862 graceHolds=136 selfHeals=1171 arbLive=120147/120147

      at console.log (src/components/map/WeatherTelemetry.js:144:19)

PASS src/__tests__/useWebGLGuardrail.test.js
  ● Console

    console.warn
      [WebGLGuardrail] Warning: MapWebGL render FPS dropped below 20: 15 FPS

      193 |             return;
      194 |           }
    > 195 |           console.warn(`[WebGLGuardrail] Warning: MapWebGL render FPS dropped below 20: ${fps} FPS`);
          |                   ^
      196 |           
      197 |           // Log to console & telemetry
      198 |           WeatherTelemetry.emit('FPS_drop_detected', { 

      at onRender (src/components/map/useWebGLGuardrail.js:195:19)
      at Object.<anonymous> (src/__tests__/useWebGLGuardrail.test.js:217:9)

    console.warn
      [WebGLGuardrail] Warning: MapWebGL render FPS dropped below 20: 15 FPS

      193 |             return;
      194 |           }
    > 195 |           console.warn(`[WebGLGuardrail] Warning: MapWebGL render FPS dropped below 20: ${fps} FPS`);
          |                   ^
      196 |           
      197 |           // Log to console & telemetry
      198 |           WeatherTelemetry.emit('FPS_drop_detected', { 

      at onRender (src/components/map/useWebGLGuardrail.js:195:19)
      at Object.<anonymous> (src/__tests__/useWebGLGuardrail.test.js:217:9)

    console.warn
      [WebGLGuardrail] Warning: MapWebGL render FPS dropped below 20: 15 FPS

      193 |             return;
      194 |           }
    > 195 |           console.warn(`[WebGLGuardrail] Warning: MapWebGL render FPS dropped below 20: ${fps} FPS`);
          |                   ^
      196 |           
      197 |           // Log to console & telemetry
      198 |           WeatherTelemetry.emit('FPS_drop_detected', { 

      at onRender (src/components/map/useWebGLGuardrail.js:195:19)
      at Object.<anonymous> (src/__tests__/useWebGLGuardrail.test.js:217:9)

    console.warn
      [WebGLGuardrail] Warning: MapWebGL render FPS dropped below 20: 15 FPS

      193 |             return;
      194 |           }
    > 195 |           console.warn(`[WebGLGuardrail] Warning: MapWebGL render FPS dropped below 20: ${fps} FPS`);
          |                   ^
      196 |           
      197 |           // Log to console & telemetry
      198 |           WeatherTelemetry.emit('FPS_drop_detected', { 

      at onRender (src/components/map/useWebGLGuardrail.js:195:19)
      at Object.<anonymous> (src/__tests__/useWebGLGuardrail.test.js:217:9)

    console.warn
      [WebGLGuardrail] Warning: MapWebGL render FPS dropped below 20: 15 FPS

      193 |             return;
      194 |           }
    > 195 |           console.warn(`[WebGLGuardrail] Warning: MapWebGL render FPS dropped below 20: ${fps} FPS`);
          |                   ^
      196 |           
      197 |           // Log to console & telemetry
      198 |           WeatherTelemetry.emit('FPS_drop_detected', { 

      at onRender (src/components/map/useWebGLGuardrail.js:195:19)
      at Object.<anonymous> (src/__tests__/useWebGLGuardrail.test.js:217:9)

    console.warn
      [WebGLGuardrail] Warning: MapWebGL render FPS dropped below 20: 15 FPS

      193 |             return;
      194 |           }
    > 195 |           console.warn(`[WebGLGuardrail] Warning: MapWebGL render FPS dropped below 20: ${fps} FPS`);
          |                   ^
      196 |           
      197 |           // Log to console & telemetry
      198 |           WeatherTelemetry.emit('FPS_drop_detected', { 

      at onRender (src/components/map/useWebGLGuardrail.js:195:19)
      at Object.<anonymous> (src/__tests__/useWebGLGuardrail.test.js:217:9)

    console.warn
      [WebGLGuardrail] Warning: MapWebGL render FPS dropped below 20: 15 FPS

      193 |             return;
      194 |           }
    > 195 |           console.warn(`[WebGLGuardrail] Warning: MapWebGL render FPS dropped below 20: ${fps} FPS`);
          |                   ^
      196 |           
      197 |           // Log to console & telemetry
      198 |           WeatherTelemetry.emit('FPS_drop_detected', { 

      at onRender (src/components/map/useWebGLGuardrail.js:195:19)
      at Object.<anonymous> (src/__tests__/useWebGLGuardrail.test.js:217:9)

    console.warn
      [WebGLGuardrail] Warning: MapWebGL render FPS dropped below 20: 15 FPS

      193 |             return;
      194 |           }
    > 195 |           console.warn(`[WebGLGuardrail] Warning: MapWebGL render FPS dropped below 20: ${fps} FPS`);
          |                   ^
      196 |           
      197 |           // Log to console & telemetry
      198 |           WeatherTelemetry.emit('FPS_drop_detected', { 

      at onRender (src/components/map/useWebGLGuardrail.js:195:19)
      at Object.<anonymous> (src/__tests__/useWebGLGuardrail.test.js:217:9)

    console.warn
      [WebGLGuardrail] Warning: MapWebGL render FPS dropped below 20: 15 FPS

      193 |             return;
      194 |           }
    > 195 |           console.warn(`[WebGLGuardrail] Warning: MapWebGL render FPS dropped below 20: ${fps} FPS`);
          |                   ^
      196 |           
      197 |           // Log to console & telemetry
      198 |           WeatherTelemetry.emit('FPS_drop_detected', { 

      at onRender (src/components/map/useWebGLGuardrail.js:195:19)
      at Object.<anonymous> (src/__tests__/useWebGLGuardrail.test.js:217:9)

    console.warn
      [WebGLGuardrail] Warning: MapWebGL render FPS dropped below 20: 15 FPS

      193 |             return;
      194 |           }
    > 195 |           console.warn(`[WebGLGuardrail] Warning: MapWebGL render FPS dropped below 20: ${fps} FPS`);
          |                   ^
      196 |           
      197 |           // Log to console & telemetry
      198 |           WeatherTelemetry.emit('FPS_drop_detected', { 

      at onRender (src/components/map/useWebGLGuardrail.js:195:19)
      at Object.<anonymous> (src/__tests__/useWebGLGuardrail.test.js:217:9)

    console.warn
      [WebGLGuardrail] Warning: MapWebGL render FPS dropped below 20: 15 FPS

      193 |             return;
      194 |           }
    > 195 |           console.warn(`[WebGLGuardrail] Warning: MapWebGL render FPS dropped below 20: ${fps} FPS`);
          |                   ^
      196 |           
      197 |           // Log to console & telemetry
      198 |           WeatherTelemetry.emit('FPS_drop_detected', { 

      at onRender (src/components/map/useWebGLGuardrail.js:195:19)
      at Object.<anonymous> (src/__tests__/useWebGLGuardrail.test.js:217:9)

    console.warn
      [WebGLGuardrail] Warning: MapWebGL render FPS dropped below 20: 15 FPS

      193 |             return;
      194 |           }
    > 195 |           console.warn(`[WebGLGuardrail] Warning: MapWebGL render FPS dropped below 20: ${fps} FPS`);
          |                   ^
      196 |           
      197 |           // Log to console & telemetry
      198 |           WeatherTelemetry.emit('FPS_drop_detected', { 

      at onRender (src/components/map/useWebGLGuardrail.js:195:19)
      at Object.<anonymous> (src/__tests__/useWebGLGuardrail.test.js:217:9)

    console.error
      [WebGLGuardrail] Frame rate consistently below 20 FPS (15 FPS) for 12 consecutive seconds. Triggering local rendering fallback overrides.

      18 |   console.error = (...args) => {
      19 |     if (typeof args[0] === 'string' && args[0].includes('act(')) return;
    > 20 |     originalError.call(console, ...args);
         |                   ^
      21 |   };
      22 | });
      23 |

      at console.error (src/setupTests.js:20:19)
      at onRender (src/components/map/useWebGLGuardrail.js:206:21)
      at Object.<anonymous> (src/__tests__/useWebGLGuardrail.test.js:217:9)

    console.warn
      [WebGLGuardrail] Triggering fallback override for WebGL Marine layer

      207 |             
      208 |             if (hasMarine) {
    > 209 |               console.warn('[WebGLGuardrail] Triggering fallback override for WebGL Marine layer');
          |                       ^
      210 |               // Stamp the trip as OURS and when it happened — recovery only ever undoes a
      211 |               // performance trip, never a hard WebGL error or a human-forced fallback.
      212 |               guardrailOwned = true;

      at onRender (src/components/map/useWebGLGuardrail.js:209:23)
      at Object.<anonymous> (src/__tests__/useWebGLGuardrail.test.js:217:9)

    console.warn
      [WebGLGuardrail] Warning: MapWebGL render FPS dropped below 20: 15 FPS

      193 |             return;
      194 |           }
    > 195 |           console.warn(`[WebGLGuardrail] Warning: MapWebGL render FPS dropped below 20: ${fps} FPS`);
          |                   ^
      196 |           
      197 |           // Log to console & telemetry
      198 |           WeatherTelemetry.emit('FPS_drop_detected', { 

      at onRender (src/components/map/useWebGLGuardrail.js:195:19)
      at Object.<anonymous> (src/__tests__/useWebGLGuardrail.test.js:217:9)

    console.warn
      [WebGLGuardrail] Warning: MapWebGL render FPS dropped below 20: 1 FPS

      193 |             return;
      194 |           }
    > 195 |           console.warn(`[WebGLGuardrail] Warning: MapWebGL render FPS dropped below 20: ${fps} FPS`);
          |                   ^
      196 |           
      197 |           // Log to console & telemetry
      198 |           WeatherTelemetry.emit('FPS_drop_detected', { 

      at onRender (src/components/map/useWebGLGuardrail.js:195:19)
      at Object.<anonymous> (src/__tests__/useWebGLGuardrail.test.js:288:7)

    console.warn
      [WebGLGuardrail] Warning: MapWebGL render FPS dropped below 20: 1 FPS

      193 |             return;
      194 |           }
    > 195 |           console.warn(`[WebGLGuardrail] Warning: MapWebGL render FPS dropped below 20: ${fps} FPS`);
          |                   ^
      196 |           
      197 |           // Log to console & telemetry
      198 |           WeatherTelemetry.emit('FPS_drop_detected', { 

      at onRender (src/components/map/useWebGLGuardrail.js:195:19)
      at Object.<anonymous> (src/__tests__/useWebGLGuardrail.test.js:288:7)

    console.warn
      [WebGLGuardrail] Warning: MapWebGL render FPS dropped below 20: 1 FPS

      193 |             return;
      194 |           }
    > 195 |           console.warn(`[WebGLGuardrail] Warning: MapWebGL render FPS dropped below 20: ${fps} FPS`);
          |                   ^
      196 |           
      197 |           // Log to console & telemetry
      198 |           WeatherTelemetry.emit('FPS_drop_detected', { 

      at onRender (src/components/map/useWebGLGuardrail.js:195:19)
      at Object.<anonymous> (src/__tests__/useWebGLGuardrail.test.js:288:7)

    console.warn
      [WebGLGuardrail] Warning: MapWebGL render FPS dropped below 20: 1 FPS

      193 |             return;
      194 |           }
    > 195 |           console.warn(`[WebGLGuardrail] Warning: MapWebGL render FPS dropped below 20: ${fps} FPS`);
          |                   ^
      196 |           
      197 |           // Log to console & telemetry
      198 |           WeatherTelemetry.emit('FPS_drop_detected', { 

      at onRender (src/components/map/useWebGLGuardrail.js:195:19)
      at Object.<anonymous> (src/__tests__/useWebGLGuardrail.test.js:288:7)

    console.warn
      [WebGLGuardrail] Warning: MapWebGL render FPS dropped below 20: 1 FPS

      193 |             return;
      194 |           }
    > 195 |           console.warn(`[WebGLGuardrail] Warning: MapWebGL render FPS dropped below 20: ${fps} FPS`);
          |                   ^
      196 |           
      197 |           // Log to console & telemetry
      198 |           WeatherTelemetry.emit('FPS_drop_detected', { 

      at onRender (src/components/map/useWebGLGuardrail.js:195:19)
      at Object.<anonymous> (src/__tests__/useWebGLGuardrail.test.js:288:7)

    console.warn
      [WebGLGuardrail] Warning: MapWebGL render FPS dropped below 20: 1 FPS

      193 |             return;
      194 |           }
    > 195 |           console.warn(`[WebGLGuardrail] Warning: MapWebGL render FPS dropped below 20: ${fps} FPS`);
          |                   ^
      196 |           
      197 |           // Log to console & telemetry
      198 |           WeatherTelemetry.emit('FPS_drop_detected', { 

      at onRender (src/components/map/useWebGLGuardrail.js:195:19)
      at Object.<anonymous> (src/__tests__/useWebGLGuardrail.test.js:288:7)

    console.warn
      [WebGLGuardrail] Warning: MapWebGL render FPS dropped below 20: 1 FPS

      193 |             return;
      194 |           }
    > 195 |           console.warn(`[WebGLGuardrail] Warning: MapWebGL render FPS dropped below 20: ${fps} FPS`);
          |                   ^
      196 |           
      197 |           // Log to console & telemetry
      198 |           WeatherTelemetry.emit('FPS_drop_detected', { 

      at onRender (src/components/map/useWebGLGuardrail.js:195:19)
      at Object.<anonymous> (src/__tests__/useWebGLGuardrail.test.js:288:7)

    console.warn
      [WebGLGuardrail] Warning: MapWebGL render FPS dropped below 20: 1 FPS

      193 |             return;
      194 |           }
    > 195 |           console.warn(`[WebGLGuardrail] Warning: MapWebGL render FPS dropped below 20: ${fps} FPS`);
          |                   ^
      196 |           
      197 |           // Log to console & telemetry
      198 |           WeatherTelemetry.emit('FPS_drop_detected', { 

      at onRender (src/components/map/useWebGLGuardrail.js:195:19)
      at Object.<anonymous> (src/__tests__/useWebGLGuardrail.test.js:288:7)

    console.warn
      [WebGLGuardrail] Warning: MapWebGL render FPS dropped below 20: 1 FPS

      193 |             return;
      194 |           }
    > 195 |           console.warn(`[WebGLGuardrail] Warning: MapWebGL render FPS dropped below 20: ${fps} FPS`);
          |                   ^
      196 |           
      197 |           // Log to console & telemetry
      198 |           WeatherTelemetry.emit('FPS_drop_detected', { 

      at onRender (src/components/map/useWebGLGuardrail.js:195:19)
      at Object.<anonymous> (src/__tests__/useWebGLGuardrail.test.js:288:7)

    console.warn
      [WebGLGuardrail] Warning: MapWebGL render FPS dropped below 20: 1 FPS

      193 |             return;
      194 |           }
    > 195 |           console.warn(`[WebGLGuardrail] Warning: MapWebGL render FPS dropped below 20: ${fps} FPS`);
          |                   ^
      196 |           
      197 |           // Log to console & telemetry
      198 |           WeatherTelemetry.emit('FPS_drop_detected', { 

      at onRender (src/components/map/useWebGLGuardrail.js:195:19)
      at Object.<anonymous> (src/__tests__/useWebGLGuardrail.test.js:288:7)

    console.warn
      [WebGLGuardrail] Warning: MapWebGL render FPS dropped below 20: 1 FPS

      193 |             return;
      194 |           }
    > 195 |           console.warn(`[WebGLGuardrail] Warning: MapWebGL render FPS dropped below 20: ${fps} FPS`);
          |                   ^
      196 |           
      197 |           // Log to console & telemetry
      198 |           WeatherTelemetry.emit('FPS_drop_detected', { 

      at onRender (src/components/map/useWebGLGuardrail.js:195:19)
      at Object.<anonymous> (src/__tests__/useWebGLGuardrail.test.js:288:7)

    console.warn
      [WebGLGuardrail] Warning: MapWebGL render FPS dropped below 20: 1 FPS

      193 |             return;
      194 |           }
    > 195 |           console.warn(`[WebGLGuardrail] Warning: MapWebGL render FPS dropped below 20: ${fps} FPS`);
          |                   ^
      196 |           
      197 |           // Log to console & telemetry
      198 |           WeatherTelemetry.emit('FPS_drop_detected', { 

      at onRender (src/components/map/useWebGLGuardrail.js:195:19)
      at Object.<anonymous> (src/__tests__/useWebGLGuardrail.test.js:288:7)

    console.error
      [WebGLGuardrail] Frame rate consistently below 20 FPS (1 FPS) for 12 consecutive seconds. Triggering local rendering fallback overrides.

      18 |   console.error = (...args) => {
      19 |     if (typeof args[0] === 'string' && args[0].includes('act(')) return;
    > 20 |     originalError.call(console, ...args);
         |                   ^
      21 |   };
      22 | });
      23 |

      at console.error (src/setupTests.js:20:19)
      at onRender (src/components/map/useWebGLGuardrail.js:206:21)
      at Object.<anonymous> (src/__tests__/useWebGLGuardrail.test.js:288:7)

    console.warn
      [WebGLGuardrail] Triggering fallback override for WebGL Marine layer

      207 |             
      208 |             if (hasMarine) {
    > 209 |               console.warn('[WebGLGuardrail] Triggering fallback override for WebGL Marine layer');
          |                       ^
      210 |               // Stamp the trip as OURS and when it happened — recovery only ever undoes a
      211 |               // performance trip, never a hard WebGL error or a human-forced fallback.
      212 |               guardrailOwned = true;

      at onRender (src/components/map/useWebGLGuardrail.js:209:23)
      at Object.<anonymous> (src/__tests__/useWebGLGuardrail.test.js:288:7)

    console.warn
      [WebGLGuardrail] Warning: MapWebGL render FPS dropped below 20: 1 FPS

      193 |             return;
      194 |           }
    > 195 |           console.warn(`[WebGLGuardrail] Warning: MapWebGL render FPS dropped below 20: ${fps} FPS`);
          |                   ^
      196 |           
      197 |           // Log to console & telemetry
      198 |           WeatherTelemetry.emit('FPS_drop_detected', { 

      at onRender (src/components/map/useWebGLGuardrail.js:195:19)
      at Object.<anonymous> (src/__tests__/useWebGLGuardrail.test.js:288:7)

    console.warn
      [WebGLGuardrail] Warning: MapWebGL render FPS dropped below 20: 1 FPS

      193 |             return;
      194 |           }
    > 195 |           console.warn(`[WebGLGuardrail] Warning: MapWebGL render FPS dropped below 20: ${fps} FPS`);
          |                   ^
      196 |           
      197 |           // Log to console & telemetry
      198 |           WeatherTelemetry.emit('FPS_drop_detected', { 

      at onRender (src/components/map/useWebGLGuardrail.js:195:19)
      at src/__tests__/useWebGLGuardrail.test.js:305:7

    console.warn
      [WebGLGuardrail] Warning: MapWebGL render FPS dropped below 20: 1 FPS

      193 |             return;
      194 |           }
    > 195 |           console.warn(`[WebGLGuardrail] Warning: MapWebGL render FPS dropped below 20: ${fps} FPS`);
          |                   ^
      196 |           
      197 |           // Log to console & telemetry
      198 |           WeatherTelemetry.emit('FPS_drop_detected', { 

      at onRender (src/components/map/useWebGLGuardrail.js:195:19)
      at src/__tests__/useWebGLGuardrail.test.js:305:7

    console.warn
      [WebGLGuardrail] Warning: MapWebGL render FPS dropped below 20: 1 FPS

      193 |             return;
      194 |           }
    > 195 |           console.warn(`[WebGLGuardrail] Warning: MapWebGL render FPS dropped below 20: ${fps} FPS`);
          |                   ^
      196 |           
      197 |           // Log to console & telemetry
      198 |           WeatherTelemetry.emit('FPS_drop_detected', { 

      at onRender (src/components/map/useWebGLGuardrail.js:195:19)
      at src/__tests__/useWebGLGuardrail.test.js:305:7

    console.warn
      [WebGLGuardrail] Warning: MapWebGL render FPS dropped below 20: 1 FPS

      193 |             return;
      194 |           }
    > 195 |           console.warn(`[WebGLGuardrail] Warning: MapWebGL render FPS dropped below 20: ${fps} FPS`);
          |                   ^
      196 |           
      197 |           // Log to console & telemetry
      198 |           WeatherTelemetry.emit('FPS_drop_detected', { 

      at onRender (src/components/map/useWebGLGuardrail.js:195:19)
      at src/__tests__/useWebGLGuardrail.test.js:305:7

    console.warn
      [WebGLGuardrail] Warning: MapWebGL render FPS dropped below 20: 1 FPS

      193 |             return;
      194 |           }
    > 195 |           console.warn(`[WebGLGuardrail] Warning: MapWebGL render FPS dropped below 20: ${fps} FPS`);
          |                   ^
      196 |           
      197 |           // Log to console & telemetry
      198 |           WeatherTelemetry.emit('FPS_drop_detected', { 

      at onRender (src/components/map/useWebGLGuardrail.js:195:19)
      at src/__tests__/useWebGLGuardrail.test.js:305:7

    console.warn
      [WebGLGuardrail] Warning: MapWebGL render FPS dropped below 20: 1 FPS

      193 |             return;
      194 |           }
    > 195 |           console.warn(`[WebGLGuardrail] Warning: MapWebGL render FPS dropped below 20: ${fps} FPS`);
          |                   ^
      196 |           
      197 |           // Log to console & telemetry
      198 |           WeatherTelemetry.emit('FPS_drop_detected', { 

      at onRender (src/components/map/useWebGLGuardrail.js:195:19)
      at src/__tests__/useWebGLGuardrail.test.js:305:7

    console.warn
      [WebGLGuardrail] Warning: MapWebGL render FPS dropped below 20: 1 FPS

      193 |             return;
      194 |           }
    > 195 |           console.warn(`[WebGLGuardrail] Warning: MapWebGL render FPS dropped below 20: ${fps} FPS`);
          |                   ^
      196 |           
      197 |           // Log to console & telemetry
      198 |           WeatherTelemetry.emit('FPS_drop_detected', { 

      at onRender (src/components/map/useWebGLGuardrail.js:195:19)
      at src/__tests__/useWebGLGuardrail.test.js:305:7

    console.warn
      [WebGLGuardrail] Warning: MapWebGL render FPS dropped below 20: 1 FPS

      193 |             return;
      194 |           }
    > 195 |           console.warn(`[WebGLGuardrail] Warning: MapWebGL render FPS dropped below 20: ${fps} FPS`);
          |                   ^
      196 |           
      197 |           // Log to console & telemetry
      198 |           WeatherTelemetry.emit('FPS_drop_detected', { 

      at onRender (src/components/map/useWebGLGuardrail.js:195:19)
      at src/__tests__/useWebGLGuardrail.test.js:305:7

    console.warn
      [WebGLGuardrail] Warning: MapWebGL render FPS dropped below 20: 1 FPS

      193 |             return;
      194 |           }
    > 195 |           console.warn(`[WebGLGuardrail] Warning: MapWebGL render FPS dropped below 20: ${fps} FPS`);
          |                   ^
      196 |           
      197 |           // Log to console & telemetry
      198 |           WeatherTelemetry.emit('FPS_drop_detected', { 

      at onRender (src/components/map/useWebGLGuardrail.js:195:19)
      at src/__tests__/useWebGLGuardrail.test.js:305:7

    console.warn
      [WebGLGuardrail] Warning: MapWebGL render FPS dropped below 20: 1 FPS

      193 |             return;
      194 |           }
    > 195 |           console.warn(`[WebGLGuardrail] Warning: MapWebGL render FPS dropped below 20: ${fps} FPS`);
          |                   ^
      196 |           
      197 |           // Log to console & telemetry
      198 |           WeatherTelemetry.emit('FPS_drop_detected', { 

      at onRender (src/components/map/useWebGLGuardrail.js:195:19)
      at src/__tests__/useWebGLGuardrail.test.js:305:7

    console.warn
      [WebGLGuardrail] Warning: MapWebGL render FPS dropped below 20: 1 FPS

      193 |             return;
      194 |           }
    > 195 |           console.warn(`[WebGLGuardrail] Warning: MapWebGL render FPS dropped below 20: ${fps} FPS`);
          |                   ^
      196 |           
      197 |           // Log to console & telemetry
      198 |           WeatherTelemetry.emit('FPS_drop_detected', { 

      at onRender (src/components/map/useWebGLGuardrail.js:195:19)
      at src/__tests__/useWebGLGuardrail.test.js:305:7

    console.warn
      [WebGLGuardrail] Warning: MapWebGL render FPS dropped below 20: 1 FPS

      193 |             return;
      194 |           }
    > 195 |           console.warn(`[WebGLGuardrail] Warning: MapWebGL render FPS dropped below 20: ${fps} FPS`);
          |                   ^
      196 |           
      197 |           // Log to console & telemetry
      198 |           WeatherTelemetry.emit('FPS_drop_detected', { 

      at onRender (src/components/map/useWebGLGuardrail.js:195:19)
      at src/__tests__/useWebGLGuardrail.test.js:312:7

    console.warn
      [WebGLGuardrail] Warning: MapWebGL render FPS dropped below 20: 1 FPS

      193 |             return;
      194 |           }
    > 195 |           console.warn(`[WebGLGuardrail] Warning: MapWebGL render FPS dropped below 20: ${fps} FPS`);
          |                   ^
      196 |           
      197 |           // Log to console & telemetry
      198 |           WeatherTelemetry.emit('FPS_drop_detected', { 

      at onRender (src/components/map/useWebGLGuardrail.js:195:19)
      at src/__tests__/useWebGLGuardrail.test.js:312:7

    console.warn
      [WebGLGuardrail] Warning: MapWebGL render FPS dropped below 20: 1 FPS

      193 |             return;
      194 |           }
    > 195 |           console.warn(`[WebGLGuardrail] Warning: MapWebGL render FPS dropped below 20: ${fps} FPS`);
          |                   ^
      196 |           
      197 |           // Log to console & telemetry
      198 |           WeatherTelemetry.emit('FPS_drop_detected', { 

      at onRender (src/components/map/useWebGLGuardrail.js:195:19)
      at src/__tests__/useWebGLGuardrail.test.js:312:7

    console.warn
      [WebGLGuardrail] Warning: MapWebGL render FPS dropped below 20: 1 FPS

      193 |             return;
      194 |           }
    > 195 |           console.warn(`[WebGLGuardrail] Warning: MapWebGL render FPS dropped below 20: ${fps} FPS`);
          |                   ^
      196 |           
      197 |           // Log to console & telemetry
      198 |           WeatherTelemetry.emit('FPS_drop_detected', { 

      at onRender (src/components/map/useWebGLGuardrail.js:195:19)
      at src/__tests__/useWebGLGuardrail.test.js:312:7

    console.warn
      [WebGLGuardrail] Warning: MapWebGL render FPS dropped below 20: 1 FPS

      193 |             return;
      194 |           }
    > 195 |           console.warn(`[WebGLGuardrail] Warning: MapWebGL render FPS dropped below 20: ${fps} FPS`);
          |                   ^
      196 |           
      197 |           // Log to console & telemetry
      198 |           WeatherTelemetry.emit('FPS_drop_detected', { 

      at onRender (src/components/map/useWebGLGuardrail.js:195:19)
      at src/__tests__/useWebGLGuardrail.test.js:312:7

    console.warn
      [WebGLGuardrail] Warning: MapWebGL render FPS dropped below 20: 1 FPS

      193 |             return;
      194 |           }
    > 195 |           console.warn(`[WebGLGuardrail] Warning: MapWebGL render FPS dropped below 20: ${fps} FPS`);
          |                   ^
      196 |           
      197 |           // Log to console & telemetry
      198 |           WeatherTelemetry.emit('FPS_drop_detected', { 

      at onRender (src/components/map/useWebGLGuardrail.js:195:19)
      at src/__tests__/useWebGLGuardrail.test.js:312:7

    console.warn
      [WebGLGuardrail] Warning: MapWebGL render FPS dropped below 20: 1 FPS

      193 |             return;
      194 |           }
    > 195 |           console.warn(`[WebGLGuardrail] Warning: MapWebGL render FPS dropped below 20: ${fps} FPS`);
          |                   ^
      196 |           
      197 |           // Log to console & telemetry
      198 |           WeatherTelemetry.emit('FPS_drop_detected', { 

      at onRender (src/components/map/useWebGLGuardrail.js:195:19)
      at src/__tests__/useWebGLGuardrail.test.js:312:7

    console.warn
      [WebGLGuardrail] Warning: MapWebGL render FPS dropped below 20: 1 FPS

      193 |             return;
      194 |           }
    > 195 |           console.warn(`[WebGLGuardrail] Warning: MapWebGL render FPS dropped below 20: ${fps} FPS`);
          |                   ^
      196 |           
      197 |           // Log to console & telemetry
      198 |           WeatherTelemetry.emit('FPS_drop_detected', { 

      at onRender (src/components/map/useWebGLGuardrail.js:195:19)
      at src/__tests__/useWebGLGuardrail.test.js:312:7

    console.warn
      [WebGLGuardrail] Warning: MapWebGL render FPS dropped below 20: 1 FPS

      193 |             return;
      194 |           }
    > 195 |           console.warn(`[WebGLGuardrail] Warning: MapWebGL render FPS dropped below 20: ${fps} FPS`);
          |                   ^
      196 |           
      197 |           // Log to console & telemetry
      198 |           WeatherTelemetry.emit('FPS_drop_detected', { 

      at onRender (src/components/map/useWebGLGuardrail.js:195:19)
      at src/__tests__/useWebGLGuardrail.test.js:312:7

    console.warn
      [WebGLGuardrail] Warning: MapWebGL render FPS dropped below 20: 1 FPS

      193 |             return;
      194 |           }
    > 195 |           console.warn(`[WebGLGuardrail] Warning: MapWebGL render FPS dropped below 20: ${fps} FPS`);
          |                   ^
      196 |           
      197 |           // Log to console & telemetry
      198 |           WeatherTelemetry.emit('FPS_drop_detected', { 

      at onRender (src/components/map/useWebGLGuardrail.js:195:19)
      at src/__tests__/useWebGLGuardrail.test.js:312:7

    console.warn
      [WebGLGuardrail] Warning: MapWebGL render FPS dropped below 20: 1 FPS

      193 |             return;
      194 |           }
    > 195 |           console.warn(`[WebGLGuardrail] Warning: MapWebGL render FPS dropped below 20: ${fps} FPS`);
          |                   ^
      196 |           
      197 |           // Log to console & telemetry
      198 |           WeatherTelemetry.emit('FPS_drop_detected', { 

      at onRender (src/components/map/useWebGLGuardrail.js:195:19)
      at src/__tests__/useWebGLGuardrail.test.js:312:7

    console.warn
      [WebGLGuardrail] Warning: MapWebGL render FPS dropped below 20: 1 FPS

      193 |             return;
      194 |           }
    > 195 |           console.warn(`[WebGLGuardrail] Warning: MapWebGL render FPS dropped below 20: ${fps} FPS`);
          |                   ^
      196 |           
      197 |           // Log to console & telemetry
      198 |           WeatherTelemetry.emit('FPS_drop_detected', { 

      at onRender (src/components/map/useWebGLGuardrail.js:195:19)
      at src/__tests__/useWebGLGuardrail.test.js:316:5

    console.error
      [WebGLGuardrail] Frame rate consistently below 20 FPS (1 FPS) for 12 consecutive seconds. Triggering local rendering fallback overrides.

      18 |   console.error = (...args) => {
      19 |     if (typeof args[0] === 'string' && args[0].includes('act(')) return;
    > 20 |     originalError.call(console, ...args);
         |                   ^
      21 |   };
      22 | });
      23 |

      at console.error (src/setupTests.js:20:19)
      at onRender (src/components/map/useWebGLGuardrail.js:206:21)
      at src/__tests__/useWebGLGuardrail.test.js:316:5

    console.warn
      [WebGLGuardrail] Triggering fallback override for WebGL Marine layer

      207 |             
      208 |             if (hasMarine) {
    > 209 |               console.warn('[WebGLGuardrail] Triggering fallback override for WebGL Marine layer');
          |                       ^
      210 |               // Stamp the trip as OURS and when it happened — recovery only ever undoes a
      211 |               // performance trip, never a hard WebGL error or a human-forced fallback.
      212 |               guardrailOwned = true;

      at onRender (src/components/map/useWebGLGuardrail.js:209:23)
      at src/__tests__/useWebGLGuardrail.test.js:316:5

    console.warn
      [WebGLGuardrail] Warning: MapWebGL render FPS dropped below 20: 1 FPS

      193 |             return;
      194 |           }
    > 195 |           console.warn(`[WebGLGuardrail] Warning: MapWebGL render FPS dropped below 20: ${fps} FPS`);
          |                   ^
      196 |           
      197 |           // Log to console & telemetry
      198 |           WeatherTelemetry.emit('FPS_drop_detected', { 

      at onRender (src/components/map/useWebGLGuardrail.js:195:19)
      at src/__tests__/useWebGLGuardrail.test.js:305:7

    console.warn
      [WebGLGuardrail] Warning: MapWebGL render FPS dropped below 20: 1 FPS

      193 |             return;
      194 |           }
    > 195 |           console.warn(`[WebGLGuardrail] Warning: MapWebGL render FPS dropped below 20: ${fps} FPS`);
          |                   ^
      196 |           
      197 |           // Log to console & telemetry
      198 |           WeatherTelemetry.emit('FPS_drop_detected', { 

      at onRender (src/components/map/useWebGLGuardrail.js:195:19)
      at src/__tests__/useWebGLGuardrail.test.js:305:7

    console.warn
      [WebGLGuardrail] Warning: MapWebGL render FPS dropped below 20: 1 FPS

      193 |             return;
      194 |           }
    > 195 |           console.warn(`[WebGLGuardrail] Warning: MapWebGL render FPS dropped below 20: ${fps} FPS`);
          |                   ^
      196 |           
      197 |           // Log to console & telemetry
      198 |           WeatherTelemetry.emit('FPS_drop_detected', { 

      at onRender (src/components/map/useWebGLGuardrail.js:195:19)
      at src/__tests__/useWebGLGuardrail.test.js:305:7

    console.warn
      [WebGLGuardrail] Warning: MapWebGL render FPS dropped below 20: 1 FPS

      193 |             return;
      194 |           }
    > 195 |           console.warn(`[WebGLGuardrail] Warning: MapWebGL render FPS dropped below 20: ${fps} FPS`);
          |                   ^
      196 |           
      197 |           // Log to console & telemetry
      198 |           WeatherTelemetry.emit('FPS_drop_detected', { 

      at onRender (src/components/map/useWebGLGuardrail.js:195:19)
      at src/__tests__/useWebGLGuardrail.test.js:305:7

    console.warn
      [WebGLGuardrail] Warning: MapWebGL render FPS dropped below 20: 1 FPS

      193 |             return;
      194 |           }
    > 195 |           console.warn(`[WebGLGuardrail] Warning: MapWebGL render FPS dropped below 20: ${fps} FPS`);
          |                   ^
      196 |           
      197 |           // Log to console & telemetry
      198 |           WeatherTelemetry.emit('FPS_drop_detected', { 

      at onRender (src/components/map/useWebGLGuardrail.js:195:19)
      at src/__tests__/useWebGLGuardrail.test.js:305:7

    console.warn
      [WebGLGuardrail] Warning: MapWebGL render FPS dropped below 20: 1 FPS

      193 |             return;
      194 |           }
    > 195 |           console.warn(`[WebGLGuardrail] Warning: MapWebGL render FPS dropped below 20: ${fps} FPS`);
          |                   ^
      196 |           
      197 |           // Log to console & telemetry
      198 |           WeatherTelemetry.emit('FPS_drop_detected', { 

      at onRender (src/components/map/useWebGLGuardrail.js:195:19)
      at src/__tests__/useWebGLGuardrail.test.js:305:7

    console.warn
      [WebGLGuardrail] Warning: MapWebGL render FPS dropped below 20: 1 FPS

      193 |             return;
      194 |           }
    > 195 |           console.warn(`[WebGLGuardrail] Warning: MapWebGL render FPS dropped below 20: ${fps} FPS`);
          |                   ^
      196 |           
      197 |           // Log to console & telemetry
      198 |           WeatherTelemetry.emit('FPS_drop_detected', { 

      at onRender (src/components/map/useWebGLGuardrail.js:195:19)
      at src/__tests__/useWebGLGuardrail.test.js:305:7

    console.warn
      [WebGLGuardrail] Warning: MapWebGL render FPS dropped below 20: 1 FPS

      193 |             return;
      194 |           }
    > 195 |           console.warn(`[WebGLGuardrail] Warning: MapWebGL render FPS dropped below 20: ${fps} FPS`);
          |                   ^
      196 |           
      197 |           // Log to console & telemetry
      198 |           WeatherTelemetry.emit('FPS_drop_detected', { 

      at onRender (src/components/map/useWebGLGuardrail.js:195:19)
      at src/__tests__/useWebGLGuardrail.test.js:305:7

    console.warn
      [WebGLGuardrail] Warning: MapWebGL render FPS dropped below 20: 1 FPS

      193 |             return;
      194 |           }
    > 195 |           console.warn(`[WebGLGuardrail] Warning: MapWebGL render FPS dropped below 20: ${fps} FPS`);
          |                   ^
      196 |           
      197 |           // Log to console & telemetry
      198 |           WeatherTelemetry.emit('FPS_drop_detected', { 

      at onRender (src/components/map/useWebGLGuardrail.js:195:19)
      at src/__tests__/useWebGLGuardrail.test.js:305:7

    console.warn
      [WebGLGuardrail] Warning: MapWebGL render FPS dropped below 20: 1 FPS

      193 |             return;
      194 |           }
    > 195 |           console.warn(`[WebGLGuardrail] Warning: MapWebGL render FPS dropped below 20: ${fps} FPS`);
          |                   ^
      196 |           
      197 |           // Log to console & telemetry
      198 |           WeatherTelemetry.emit('FPS_drop_detected', { 

      at onRender (src/components/map/useWebGLGuardrail.js:195:19)
      at src/__tests__/useWebGLGuardrail.test.js:305:7

    console.warn
      [WebGLGuardrail] Warning: MapWebGL render FPS dropped below 20: 1 FPS

      193 |             return;
      194 |           }
    > 195 |           console.warn(`[WebGLGuardrail] Warning: MapWebGL render FPS dropped below 20: ${fps} FPS`);
          |                   ^
      196 |           
      197 |           // Log to console & telemetry
      198 |           WeatherTelemetry.emit('FPS_drop_detected', { 

      at onRender (src/components/map/useWebGLGuardrail.js:195:19)
      at src/__tests__/useWebGLGuardrail.test.js:305:7

    console.warn
      [WebGLGuardrail] Warning: MapWebGL render FPS dropped below 20: 1 FPS

      193 |             return;
      194 |           }
    > 195 |           console.warn(`[WebGLGuardrail] Warning: MapWebGL render FPS dropped below 20: ${fps} FPS`);
          |                   ^
      196 |           
      197 |           // Log to console & telemetry
      198 |           WeatherTelemetry.emit('FPS_drop_detected', { 

      at onRender (src/components/map/useWebGLGuardrail.js:195:19)
      at src/__tests__/useWebGLGuardrail.test.js:312:7

    console.warn
      [WebGLGuardrail] Warning: MapWebGL render FPS dropped below 20: 1 FPS

      193 |             return;
      194 |           }
    > 195 |           console.warn(`[WebGLGuardrail] Warning: MapWebGL render FPS dropped below 20: ${fps} FPS`);
          |                   ^
      196 |           
      197 |           // Log to console & telemetry
      198 |           WeatherTelemetry.emit('FPS_drop_detected', { 

      at onRender (src/components/map/useWebGLGuardrail.js:195:19)
      at src/__tests__/useWebGLGuardrail.test.js:312:7

    console.warn
      [WebGLGuardrail] Warning: MapWebGL render FPS dropped below 20: 1 FPS

      193 |             return;
      194 |           }
    > 195 |           console.warn(`[WebGLGuardrail] Warning: MapWebGL render FPS dropped below 20: ${fps} FPS`);
          |                   ^
      196 |           
      197 |           // Log to console & telemetry
      198 |           WeatherTelemetry.emit('FPS_drop_detected', { 

      at onRender (src/components/map/useWebGLGuardrail.js:195:19)
      at src/__tests__/useWebGLGuardrail.test.js:312:7

    console.warn
      [WebGLGuardrail] Warning: MapWebGL render FPS dropped below 20: 1 FPS

      193 |             return;
      194 |           }
    > 195 |           console.warn(`[WebGLGuardrail] Warning: MapWebGL render FPS dropped below 20: ${fps} FPS`);
          |                   ^
      196 |           
      197 |           // Log to console & telemetry
      198 |           WeatherTelemetry.emit('FPS_drop_detected', { 

      at onRender (src/components/map/useWebGLGuardrail.js:195:19)
      at src/__tests__/useWebGLGuardrail.test.js:312:7

    console.warn
      [WebGLGuardrail] Warning: MapWebGL render FPS dropped below 20: 1 FPS

      193 |             return;
      194 |           }
    > 195 |           console.warn(`[WebGLGuardrail] Warning: MapWebGL render FPS dropped below 20: ${fps} FPS`);
          |                   ^
      196 |           
      197 |           // Log to console & telemetry
      198 |           WeatherTelemetry.emit('FPS_drop_detected', { 

      at onRender (src/components/map/useWebGLGuardrail.js:195:19)
      at src/__tests__/useWebGLGuardrail.test.js:312:7

    console.warn
      [WebGLGuardrail] Warning: MapWebGL render FPS dropped below 20: 1 FPS

      193 |             return;
      194 |           }
    > 195 |           console.warn(`[WebGLGuardrail] Warning: MapWebGL render FPS dropped below 20: ${fps} FPS`);
          |                   ^
      196 |           
      197 |           // Log to console & telemetry
      198 |           WeatherTelemetry.emit('FPS_drop_detected', { 

      at onRender (src/components/map/useWebGLGuardrail.js:195:19)
      at src/__tests__/useWebGLGuardrail.test.js:312:7

    console.warn
      [WebGLGuardrail] Warning: MapWebGL render FPS dropped below 20: 1 FPS

      193 |             return;
      194 |           }
    > 195 |           console.warn(`[WebGLGuardrail] Warning: MapWebGL render FPS dropped below 20: ${fps} FPS`);
          |                   ^
      196 |           
      197 |           // Log to console & telemetry
      198 |           WeatherTelemetry.emit('FPS_drop_detected', { 

      at onRender (src/components/map/useWebGLGuardrail.js:195:19)
      at src/__tests__/useWebGLGuardrail.test.js:312:7

    console.warn
      [WebGLGuardrail] Warning: MapWebGL render FPS dropped below 20: 1 FPS

      193 |             return;
      194 |           }
    > 195 |           console.warn(`[WebGLGuardrail] Warning: MapWebGL render FPS dropped below 20: ${fps} FPS`);
          |                   ^
      196 |           
      197 |           // Log to console & telemetry
      198 |           WeatherTelemetry.emit('FPS_drop_detected', { 

      at onRender (src/components/map/useWebGLGuardrail.js:195:19)
      at src/__tests__/useWebGLGuardrail.test.js:312:7

    console.warn
      [WebGLGuardrail] Warning: MapWebGL render FPS dropped below 20: 1 FPS

      193 |             return;
      194 |           }
    > 195 |           console.warn(`[WebGLGuardrail] Warning: MapWebGL render FPS dropped below 20: ${fps} FPS`);
          |                   ^
      196 |           
      197 |           // Log to console & telemetry
      198 |           WeatherTelemetry.emit('FPS_drop_detected', { 

      at onRender (src/components/map/useWebGLGuardrail.js:195:19)
      at src/__tests__/useWebGLGuardrail.test.js:312:7

    console.warn
      [WebGLGuardrail] Warning: MapWebGL render FPS dropped below 20: 1 FPS

      193 |             return;
      194 |           }
    > 195 |           console.warn(`[WebGLGuardrail] Warning: MapWebGL render FPS dropped below 20: ${fps} FPS`);
          |                   ^
      196 |           
      197 |           // Log to console & telemetry
      198 |           WeatherTelemetry.emit('FPS_drop_detected', { 

      at onRender (src/components/map/useWebGLGuardrail.js:195:19)
      at src/__tests__/useWebGLGuardrail.test.js:312:7

    console.warn
      [WebGLGuardrail] Warning: MapWebGL render FPS dropped below 20: 1 FPS

      193 |             return;
      194 |           }
    > 195 |           console.warn(`[WebGLGuardrail] Warning: MapWebGL render FPS dropped below 20: ${fps} FPS`);
          |                   ^
      196 |           
      197 |           // Log to console & telemetry
      198 |           WeatherTelemetry.emit('FPS_drop_detected', { 

      at onRender (src/components/map/useWebGLGuardrail.js:195:19)
      at src/__tests__/useWebGLGuardrail.test.js:312:7

    console.warn
      [WebGLGuardrail] Warning: MapWebGL render FPS dropped below 20: 1 FPS

      193 |             return;
      194 |           }
    > 195 |           console.warn(`[WebGLGuardrail] Warning: MapWebGL render FPS dropped below 20: ${fps} FPS`);
          |                   ^
      196 |           
      197 |           // Log to console & telemetry
      198 |           WeatherTelemetry.emit('FPS_drop_detected', { 

      at onRender (src/components/map/useWebGLGuardrail.js:195:19)
      at src/__tests__/useWebGLGuardrail.test.js:316:5

    console.error
      [WebGLGuardrail] Frame rate consistently below 20 FPS (1 FPS) for 12 consecutive seconds. Triggering local rendering fallback overrides.

      18 |   console.error = (...args) => {
      19 |     if (typeof args[0] === 'string' && args[0].includes('act(')) return;
    > 20 |     originalError.call(console, ...args);
         |                   ^
      21 |   };
      22 | });
      23 |

      at console.error (src/setupTests.js:20:19)
      at onRender (src/components/map/useWebGLGuardrail.js:206:21)
      at src/__tests__/useWebGLGuardrail.test.js:316:5

    console.warn
      [WebGLGuardrail] Triggering fallback override for WebGL Marine layer

      207 |             
      208 |             if (hasMarine) {
    > 209 |               console.warn('[WebGLGuardrail] Triggering fallback override for WebGL Marine layer');
          |                       ^
      210 |               // Stamp the trip as OURS and when it happened — recovery only ever undoes a
      211 |               // performance trip, never a hard WebGL error or a human-forced fallback.
      212 |               guardrailOwned = true;

      at onRender (src/components/map/useWebGLGuardrail.js:209:23)
      at src/__tests__/useWebGLGuardrail.test.js:316:5

    console.warn
      [WebGLGuardrail] Warning: MapWebGL render FPS dropped below 20: 15 FPS

      193 |             return;
      194 |           }
    > 195 |           console.warn(`[WebGLGuardrail] Warning: MapWebGL render FPS dropped below 20: ${fps} FPS`);
          |                   ^
      196 |           
      197 |           // Log to console & telemetry
      198 |           WeatherTelemetry.emit('FPS_drop_detected', { 

      at onRender (src/components/map/useWebGLGuardrail.js:195:19)
      at Object.<anonymous> (src/__tests__/useWebGLGuardrail.test.js:349:9)

    console.warn
      [WebGLGuardrail] Warning: MapWebGL render FPS dropped below 20: 15 FPS

      193 |             return;
      194 |           }
    > 195 |           console.warn(`[WebGLGuardrail] Warning: MapWebGL render FPS dropped below 20: ${fps} FPS`);
          |                   ^
      196 |           
      197 |           // Log to console & telemetry
      198 |           WeatherTelemetry.emit('FPS_drop_detected', { 

      at onRender (src/components/map/useWebGLGuardrail.js:195:19)
      at Object.<anonymous> (src/__tests__/useWebGLGuardrail.test.js:349:9)

    console.warn
      [WebGLGuardrail] Warning: MapWebGL render FPS dropped below 20: 15 FPS

      193 |             return;
      194 |           }
    > 195 |           console.warn(`[WebGLGuardrail] Warning: MapWebGL render FPS dropped below 20: ${fps} FPS`);
          |                   ^
      196 |           
      197 |           // Log to console & telemetry
      198 |           WeatherTelemetry.emit('FPS_drop_detected', { 

      at onRender (src/components/map/useWebGLGuardrail.js:195:19)
      at Object.<anonymous> (src/__tests__/useWebGLGuardrail.test.js:349:9)

    console.warn
      [WebGLGuardrail] Warning: MapWebGL render FPS dropped below 20: 15 FPS

      193 |             return;
      194 |           }
    > 195 |           console.warn(`[WebGLGuardrail] Warning: MapWebGL render FPS dropped below 20: ${fps} FPS`);
          |                   ^
      196 |           
      197 |           // Log to console & telemetry
      198 |           WeatherTelemetry.emit('FPS_drop_detected', { 

      at onRender (src/components/map/useWebGLGuardrail.js:195:19)
      at Object.<anonymous> (src/__tests__/useWebGLGuardrail.test.js:349:9)

    console.warn
      [WebGLGuardrail] Warning: MapWebGL render FPS dropped below 20: 15 FPS

      193 |             return;
      194 |           }
    > 195 |           console.warn(`[WebGLGuardrail] Warning: MapWebGL render FPS dropped below 20: ${fps} FPS`);
          |                   ^
      196 |           
      197 |           // Log to console & telemetry
      198 |           WeatherTelemetry.emit('FPS_drop_detected', { 

      at onRender (src/components/map/useWebGLGuardrail.js:195:19)
      at Object.<anonymous> (src/__tests__/useWebGLGuardrail.test.js:349:9)

    console.warn
      [WebGLGuardrail] Warning: MapWebGL render FPS dropped below 20: 15 FPS

      193 |             return;
      194 |           }
    > 195 |           console.warn(`[WebGLGuardrail] Warning: MapWebGL render FPS dropped below 20: ${fps} FPS`);
          |                   ^
      196 |           
      197 |           // Log to console & telemetry
      198 |           WeatherTelemetry.emit('FPS_drop_detected', { 

      at onRender (src/components/map/useWebGLGuardrail.js:195:19)
      at Object.<anonymous> (src/__tests__/useWebGLGuardrail.test.js:349:9)

    console.warn
      [WebGLGuardrail] Warning: MapWebGL render FPS dropped below 20: 15 FPS

      193 |             return;
      194 |           }
    > 195 |           console.warn(`[WebGLGuardrail] Warning: MapWebGL render FPS dropped below 20: ${fps} FPS`);
          |                   ^
      196 |           
      197 |           // Log to console & telemetry
      198 |           WeatherTelemetry.emit('FPS_drop_detected', { 

      at onRender (src/components/map/useWebGLGuardrail.js:195:19)
      at Object.<anonymous> (src/__tests__/useWebGLGuardrail.test.js:349:9)

    console.warn
      [WebGLGuardrail] Warning: MapWebGL render FPS dropped below 20: 15 FPS

      193 |             return;
      194 |           }
    > 195 |           console.warn(`[WebGLGuardrail] Warning: MapWebGL render FPS dropped below 20: ${fps} FPS`);
          |                   ^
      196 |           
      197 |           // Log to console & telemetry
      198 |           WeatherTelemetry.emit('FPS_drop_detected', { 

      at onRender (src/components/map/useWebGLGuardrail.js:195:19)
      at Object.<anonymous> (src/__tests__/useWebGLGuardrail.test.js:349:9)

    console.warn
      [WebGLGuardrail] Warning: MapWebGL render FPS dropped below 20: 15 FPS

      193 |             return;
      194 |           }
    > 195 |           console.warn(`[WebGLGuardrail] Warning: MapWebGL render FPS dropped below 20: ${fps} FPS`);
          |                   ^
      196 |           
      197 |           // Log to console & telemetry
      198 |           WeatherTelemetry.emit('FPS_drop_detected', { 

      at onRender (src/components/map/useWebGLGuardrail.js:195:19)
      at Object.<anonymous> (src/__tests__/useWebGLGuardrail.test.js:349:9)

    console.warn
      [WebGLGuardrail] Warning: MapWebGL render FPS dropped below 20: 15 FPS

      193 |             return;
      194 |           }
    > 195 |           console.warn(`[WebGLGuardrail] Warning: MapWebGL render FPS dropped below 20: ${fps} FPS`);
          |                   ^
      196 |           
      197 |           // Log to console & telemetry
      198 |           WeatherTelemetry.emit('FPS_drop_detected', { 

      at onRender (src/components/map/useWebGLGuardrail.js:195:19)
      at Object.<anonymous> (src/__tests__/useWebGLGuardrail.test.js:349:9)

    console.warn
      [WebGLGuardrail] Warning: MapWebGL render FPS dropped below 20: 15 FPS

      193 |             return;
      194 |           }
    > 195 |           console.warn(`[WebGLGuardrail] Warning: MapWebGL render FPS dropped below 20: ${fps} FPS`);
          |                   ^
      196 |           
      197 |           // Log to console & telemetry
      198 |           WeatherTelemetry.emit('FPS_drop_detected', { 

      at onRender (src/components/map/useWebGLGuardrail.js:195:19)
      at Object.<anonymous> (src/__tests__/useWebGLGuardrail.test.js:349:9)

    console.warn
      [WebGLGuardrail] Warning: MapWebGL render FPS dropped below 20: 15 FPS

      193 |             return;
      194 |           }
    > 195 |           console.warn(`[WebGLGuardrail] Warning: MapWebGL render FPS dropped below 20: ${fps} FPS`);
          |                   ^
      196 |           
      197 |           // Log to console & telemetry
      198 |           WeatherTelemetry.emit('FPS_drop_detected', { 

      at onRender (src/components/map/useWebGLGuardrail.js:195:19)
      at Object.<anonymous> (src/__tests__/useWebGLGuardrail.test.js:360:9)

    console.warn
      [WebGLGuardrail] Warning: MapWebGL render FPS dropped below 20: 15 FPS

      193 |             return;
      194 |           }
    > 195 |           console.warn(`[WebGLGuardrail] Warning: MapWebGL render FPS dropped below 20: ${fps} FPS`);
          |                   ^
      196 |           
      197 |           // Log to console & telemetry
      198 |           WeatherTelemetry.emit('FPS_drop_detected', { 

      at onRender (src/components/map/useWebGLGuardrail.js:195:19)
      at Object.<anonymous> (src/__tests__/useWebGLGuardrail.test.js:360:9)

    console.warn
      [WebGLGuardrail] Warning: MapWebGL render FPS dropped below 20: 15 FPS

      193 |             return;
      194 |           }
    > 195 |           console.warn(`[WebGLGuardrail] Warning: MapWebGL render FPS dropped below 20: ${fps} FPS`);
          |                   ^
      196 |           
      197 |           // Log to console & telemetry
      198 |           WeatherTelemetry.emit('FPS_drop_detected', { 

      at onRender (src/components/map/useWebGLGuardrail.js:195:19)
      at Object.<anonymous> (src/__tests__/useWebGLGuardrail.test.js:371:9)

    console.warn
      [WebGLGuardrail] Warning: MapWebGL render FPS dropped below 20: 15 FPS

      193 |             return;
      194 |           }
    > 195 |           console.warn(`[WebGLGuardrail] Warning: MapWebGL render FPS dropped below 20: ${fps} FPS`);
          |                   ^
      196 |           
      197 |           // Log to console & telemetry
      198 |           WeatherTelemetry.emit('FPS_drop_detected', { 

      at onRender (src/components/map/useWebGLGuardrail.js:195:19)
      at Object.<anonymous> (src/__tests__/useWebGLGuardrail.test.js:371:9)

    console.warn
      [WebGLGuardrail] Warning: MapWebGL render FPS dropped below 20: 15 FPS

      193 |             return;
      194 |           }
    > 195 |           console.warn(`[WebGLGuardrail] Warning: MapWebGL render FPS dropped below 20: ${fps} FPS`);
          |                   ^
      196 |           
      197 |           // Log to console & telemetry
      198 |           WeatherTelemetry.emit('FPS_drop_detected', { 

      at onRender (src/components/map/useWebGLGuardrail.js:195:19)
      at Object.<anonymous> (src/__tests__/useWebGLGuardrail.test.js:371:9)

    console.warn
      [WebGLGuardrail] Warning: MapWebGL render FPS dropped below 20: 15 FPS

      193 |             return;
      194 |           }
    > 195 |           console.warn(`[WebGLGuardrail] Warning: MapWebGL render FPS dropped below 20: ${fps} FPS`);
          |                   ^
      196 |           
      197 |           // Log to console & telemetry
      198 |           WeatherTelemetry.emit('FPS_drop_detected', { 

      at onRender (src/components/map/useWebGLGuardrail.js:195:19)
      at Object.<anonymous> (src/__tests__/useWebGLGuardrail.test.js:371:9)

    console.warn
      [WebGLGuardrail] Warning: MapWebGL render FPS dropped below 20: 15 FPS

      193 |             return;
      194 |           }
    > 195 |           console.warn(`[WebGLGuardrail] Warning: MapWebGL render FPS dropped below 20: ${fps} FPS`);
          |                   ^
      196 |           
      197 |           // Log to console & telemetry
      198 |           WeatherTelemetry.emit('FPS_drop_detected', { 

      at onRender (src/components/map/useWebGLGuardrail.js:195:19)
      at Object.<anonymous> (src/__tests__/useWebGLGuardrail.test.js:371:9)

    console.warn
      [WebGLGuardrail] Warning: MapWebGL render FPS dropped below 20: 15 FPS

      193 |             return;
      194 |           }
    > 195 |           console.warn(`[WebGLGuardrail] Warning: MapWebGL render FPS dropped below 20: ${fps} FPS`);
          |                   ^
      196 |           
      197 |           // Log to console & telemetry
      198 |           WeatherTelemetry.emit('FPS_drop_detected', { 

      at onRender (src/components/map/useWebGLGuardrail.js:195:19)
      at Object.<anonymous> (src/__tests__/useWebGLGuardrail.test.js:371:9)

    console.warn
      [WebGLGuardrail] Warning: MapWebGL render FPS dropped below 20: 15 FPS

      193 |             return;
      194 |           }
    > 195 |           console.warn(`[WebGLGuardrail] Warning: MapWebGL render FPS dropped below 20: ${fps} FPS`);
          |                   ^
      196 |           
      197 |           // Log to console & telemetry
      198 |           WeatherTelemetry.emit('FPS_drop_detected', { 

      at onRender (src/components/map/useWebGLGuardrail.js:195:19)
      at Object.<anonymous> (src/__tests__/useWebGLGuardrail.test.js:371:9)

    console.warn
      [WebGLGuardrail] Warning: MapWebGL render FPS dropped below 20: 15 FPS

      193 |             return;
      194 |           }
    > 195 |           console.warn(`[WebGLGuardrail] Warning: MapWebGL render FPS dropped below 20: ${fps} FPS`);
          |                   ^
      196 |           
      197 |           // Log to console & telemetry
      198 |           WeatherTelemetry.emit('FPS_drop_detected', { 

      at onRender (src/components/map/useWebGLGuardrail.js:195:19)
      at Object.<anonymous> (src/__tests__/useWebGLGuardrail.test.js:371:9)

    console.warn
      [WebGLGuardrail] Warning: MapWebGL render FPS dropped below 20: 15 FPS

      193 |             return;
      194 |           }
    > 195 |           console.warn(`[WebGLGuardrail] Warning: MapWebGL render FPS dropped below 20: ${fps} FPS`);
          |                   ^
      196 |           
      197 |           // Log to console & telemetry
      198 |           WeatherTelemetry.emit('FPS_drop_detected', { 

      at onRender (src/components/map/useWebGLGuardrail.js:195:19)
      at Object.<anonymous> (src/__tests__/useWebGLGuardrail.test.js:371:9)

    console.warn
      [WebGLGuardrail] Warning: MapWebGL render FPS dropped below 20: 15 FPS

      193 |             return;
      194 |           }
    > 195 |           console.warn(`[WebGLGuardrail] Warning: MapWebGL render FPS dropped below 20: ${fps} FPS`);
          |                   ^
      196 |           
      197 |           // Log to console & telemetry
      198 |           WeatherTelemetry.emit('FPS_drop_detected', { 

      at onRender (src/components/map/useWebGLGuardrail.js:195:19)
      at Object.<anonymous> (src/__tests__/useWebGLGuardrail.test.js:371:9)

    console.error
      [WebGLGuardrail] Frame rate consistently below 20 FPS (15 FPS) for 12 consecutive seconds. Triggering local rendering fallback overrides.

      18 |   console.error = (...args) => {
      19 |     if (typeof args[0] === 'string' && args[0].includes('act(')) return;
    > 20 |     originalError.call(console, ...args);
         |                   ^
      21 |   };
      22 | });
      23 |

      at console.error (src/setupTests.js:20:19)
      at onRender (src/components/map/useWebGLGuardrail.js:206:21)
      at Object.<anonymous> (src/__tests__/useWebGLGuardrail.test.js:371:9)

    console.warn
      [WebGLGuardrail] Triggering fallback override for WebGL Marine layer

      207 |             
      208 |             if (hasMarine) {
    > 209 |               console.warn('[WebGLGuardrail] Triggering fallback override for WebGL Marine layer');
          |                       ^
      210 |               // Stamp the trip as OURS and when it happened — recovery only ever undoes a
      211 |               // performance trip, never a hard WebGL error or a human-forced fallback.
      212 |               guardrailOwned = true;

      at onRender (src/components/map/useWebGLGuardrail.js:209:23)
      at Object.<anonymous> (src/__tests__/useWebGLGuardrail.test.js:371:9)

    console.warn
      [WebGLGuardrail] Warning: MapWebGL render FPS dropped below 20: 15 FPS

      193 |             return;
      194 |           }
    > 195 |           console.warn(`[WebGLGuardrail] Warning: MapWebGL render FPS dropped below 20: ${fps} FPS`);
          |                   ^
      196 |           
      197 |           // Log to console & telemetry
      198 |           WeatherTelemetry.emit('FPS_drop_detected', { 

      at onRender (src/components/map/useWebGLGuardrail.js:195:19)
      at Object.<anonymous> (src/__tests__/useWebGLGuardrail.test.js:371:9)

PASS src/__tests__/useMarineWindData.transition.test.js
PASS src/components/map/marineCommitArbiter.differential.test.js
  ● Console

    console.log
      [BUILD] bundle=dev

      at console.log (src/components/map/WeatherTelemetry.js:144:19)

    console.log
      
      === SWEEP: 3000 fixtures ===

      at console.log (src/components/map/WeatherTelemetry.js:144:19)

    console.log
      Q1 guard-mode vs raw guard chain mismatches: 0

      at console.log (src/components/map/WeatherTelemetry.js:144:19)

    console.log
      Q2 agreement: 3000/3000 (100.0%)  [bothReject=430 bothCommit=2570]

      at console.log (src/components/map/WeatherTelemetry.js:144:19)

    console.log
      Q2 divergence classes: 0, total 0

      at console.log (src/components/map/WeatherTelemetry.js:144:19)

PASS src/components/map/marineCommitArbiter.test.js
  ● Console

    console.log
      [BUILD] bundle=dev

      at console.log (src/components/map/WeatherTelemetry.js:144:19)

PASS src/components/map/marineController.tightestContained.test.js
  ● Console

    console.log
      [WEATHER_TRUTH] Stage: cacheRead | TraceID: a6d0e91e | Product: undefined | Status: OK

      at recordTruthStage (src/components/map/weatherTruthTracker.js:353:13)

    console.log
      [WEATHER_TRUTH] Stage: cacheRead | TraceID: 020995a0 | Product: undefined | Status: OK

      at recordTruthStage (src/components/map/weatherTruthTracker.js:353:13)

    console.log
      [WEATHER_TRUTH] Stage: cacheRead | TraceID: de379fd0 | Product: undefined | Status: OK

      at recordTruthStage (src/components/map/weatherTruthTracker.js:353:13)

    console.log
      [WEATHER_TRUTH] Stage: cacheRead | TraceID: a6d0e91e | Product: undefined | Status: OK

      at recordTruthStage (src/components/map/weatherTruthTracker.js:353:13)

PASS src/components/map/marineCommitGate.wiring.test.js
PASS src/components/map/MarineAnimTuner.defaults.test.js
PASS src/components/map/marineCoarseBridgeGrace.test.js
PASS src/components/map/marineController.globalSeriesPrewarm.test.js
PASS src/components/map/marineGridSeries.globalPrewarm.test.js
PASS src/components/map/maskSmoothing.test.js
PASS src/components/map/marineGridSeries.antimeridian.test.js
PASS src/components/map/marineSharpenTrace.test.js
PASS src/components/map/marineGridSeries.cancellation.test.js
PASS src/components/map/marineWarmCoverage.test.js
PASS src/components/map/marineScrubHold.test.js
PASS src/components/map/marineGridSeries.coverage.test.js
PASS src/components/map/marineControllerUtils.snapConfig.test.js
PASS src/components/map/marineCommitShortCircuit.test.js
PASS src/components/map/marineTransitionCoordinator.strandWatchdog.test.js
PASS src/components/map/marineTransitionCoordinator.clearHold.test.js
PASS src/components/map/nearshoreDecay.proof.test.js
PASS src/components/map/modelHorizons.test.js
PASS src/components/map/modelProvenance.test.js
PASS src/components/map/useWebGLGuardrail.ratingBandLoss.test.js
  ● Console

    console.warn
      [WebGLGuardrail] Warning: MapWebGL render FPS dropped below 20: 1 FPS

      110 |     const originalWarn = console.warn;
      111 |     console.warn = (...args) => {
    > 112 |       originalWarn.apply(console, args);
          |                    ^
      113 |       try {
      114 |         if (cannotMatch(args)) return;
      115 |         const msg = args.join(' ');

      at console.warn (src/components/map/WeatherTelemetry.js:112:20)
      at f (src/components/map/useWebGLGuardrail.js:195:19)
      at forEach (src/components/map/useWebGLGuardrail.ratingBandLoss.test.js:40:57)
          at Array.forEach (<anonymous>)
      at Object.__fire (src/components/map/useWebGLGuardrail.ratingBandLoss.test.js:40:42)
      at driveFrames (src/components/map/useWebGLGuardrail.ratingBandLoss.test.js:64:59)
      at Object.<anonymous> (src/components/map/useWebGLGuardrail.ratingBandLoss.test.js:98:5)

    console.warn
      [WebGLGuardrail] Warning: MapWebGL render FPS dropped below 20: 1 FPS

      110 |     const originalWarn = console.warn;
      111 |     console.warn = (...args) => {
    > 112 |       originalWarn.apply(console, args);
          |                    ^
      113 |       try {
      114 |         if (cannotMatch(args)) return;
      115 |         const msg = args.join(' ');

      at console.warn (src/components/map/WeatherTelemetry.js:112:20)
      at f (src/components/map/useWebGLGuardrail.js:195:19)
      at forEach (src/components/map/useWebGLGuardrail.ratingBandLoss.test.js:40:57)
          at Array.forEach (<anonymous>)
      at Object.__fire (src/components/map/useWebGLGuardrail.ratingBandLoss.test.js:40:42)
      at driveFrames (src/components/map/useWebGLGuardrail.ratingBandLoss.test.js:64:59)
      at Object.<anonymous> (src/components/map/useWebGLGuardrail.ratingBandLoss.test.js:98:5)

    console.warn
      [WebGLGuardrail] Warning: MapWebGL render FPS dropped below 20: 1 FPS

      110 |     const originalWarn = console.warn;
      111 |     console.warn = (...args) => {
    > 112 |       originalWarn.apply(console, args);
          |                    ^
      113 |       try {
      114 |         if (cannotMatch(args)) return;
      115 |         const msg = args.join(' ');

      at console.warn (src/components/map/WeatherTelemetry.js:112:20)
      at f (src/components/map/useWebGLGuardrail.js:195:19)
      at forEach (src/components/map/useWebGLGuardrail.ratingBandLoss.test.js:40:57)
          at Array.forEach (<anonymous>)
      at Object.__fire (src/components/map/useWebGLGuardrail.ratingBandLoss.test.js:40:42)
      at driveFrames (src/components/map/useWebGLGuardrail.ratingBandLoss.test.js:64:59)
      at Object.<anonymous> (src/components/map/useWebGLGuardrail.ratingBandLoss.test.js:98:5)

    console.warn
      [WebGLGuardrail] Warning: MapWebGL render FPS dropped below 20: 1 FPS

      110 |     const originalWarn = console.warn;
      111 |     console.warn = (...args) => {
    > 112 |       originalWarn.apply(console, args);
          |                    ^
      113 |       try {
      114 |         if (cannotMatch(args)) return;
      115 |         const msg = args.join(' ');

      at console.warn (src/components/map/WeatherTelemetry.js:112:20)
      at f (src/components/map/useWebGLGuardrail.js:195:19)
      at forEach (src/components/map/useWebGLGuardrail.ratingBandLoss.test.js:40:57)
          at Array.forEach (<anonymous>)
      at Object.__fire (src/components/map/useWebGLGuardrail.ratingBandLoss.test.js:40:42)
      at driveFrames (src/components/map/useWebGLGuardrail.ratingBandLoss.test.js:64:59)
      at Object.<anonymous> (src/components/map/useWebGLGuardrail.ratingBandLoss.test.js:98:5)

    console.warn
      [WebGLGuardrail] Warning: MapWebGL render FPS dropped below 20: 1 FPS

      110 |     const originalWarn = console.warn;
      111 |     console.warn = (...args) => {
    > 112 |       originalWarn.apply(console, args);
          |                    ^
      113 |       try {
      114 |         if (cannotMatch(args)) return;
      115 |         const msg = args.join(' ');

      at console.warn (src/components/map/WeatherTelemetry.js:112:20)
      at f (src/components/map/useWebGLGuardrail.js:195:19)
      at forEach (src/components/map/useWebGLGuardrail.ratingBandLoss.test.js:40:57)
          at Array.forEach (<anonymous>)
      at Object.__fire (src/components/map/useWebGLGuardrail.ratingBandLoss.test.js:40:42)
      at driveFrames (src/components/map/useWebGLGuardrail.ratingBandLoss.test.js:64:59)
      at Object.<anonymous> (src/components/map/useWebGLGuardrail.ratingBandLoss.test.js:98:5)

    console.warn
      [WebGLGuardrail] Warning: MapWebGL render FPS dropped below 20: 1 FPS

      110 |     const originalWarn = console.warn;
      111 |     console.warn = (...args) => {
    > 112 |       originalWarn.apply(console, args);
          |                    ^
      113 |       try {
      114 |         if (cannotMatch(args)) return;
      115 |         const msg = args.join(' ');

      at console.warn (src/components/map/WeatherTelemetry.js:112:20)
      at f (src/components/map/useWebGLGuardrail.js:195:19)
      at forEach (src/components/map/useWebGLGuardrail.ratingBandLoss.test.js:40:57)
          at Array.forEach (<anonymous>)
      at Object.__fire (src/components/map/useWebGLGuardrail.ratingBandLoss.test.js:40:42)
      at driveFrames (src/components/map/useWebGLGuardrail.ratingBandLoss.test.js:64:59)
      at Object.<anonymous> (src/components/map/useWebGLGuardrail.ratingBandLoss.test.js:98:5)

    console.warn
      [WebGLGuardrail] Warning: MapWebGL render FPS dropped below 20: 1 FPS

      110 |     const originalWarn = console.warn;
      111 |     console.warn = (...args) => {
    > 112 |       originalWarn.apply(console, args);
          |                    ^
      113 |       try {
      114 |         if (cannotMatch(args)) return;
      115 |         const msg = args.join(' ');

      at console.warn (src/components/map/WeatherTelemetry.js:112:20)
      at f (src/components/map/useWebGLGuardrail.js:195:19)
      at forEach (src/components/map/useWebGLGuardrail.ratingBandLoss.test.js:40:57)
          at Array.forEach (<anonymous>)
      at Object.__fire (src/components/map/useWebGLGuardrail.ratingBandLoss.test.js:40:42)
      at driveFrames (src/components/map/useWebGLGuardrail.ratingBandLoss.test.js:64:59)
      at Object.<anonymous> (src/components/map/useWebGLGuardrail.ratingBandLoss.test.js:98:5)

    console.warn
      [WebGLGuardrail] Warning: MapWebGL render FPS dropped below 20: 1 FPS

      110 |     const originalWarn = console.warn;
      111 |     console.warn = (...args) => {
    > 112 |       originalWarn.apply(console, args);
          |                    ^
      113 |       try {
      114 |         if (cannotMatch(args)) return;
      115 |         const msg = args.join(' ');

      at console.warn (src/components/map/WeatherTelemetry.js:112:20)
      at f (src/components/map/useWebGLGuardrail.js:195:19)
      at forEach (src/components/map/useWebGLGuardrail.ratingBandLoss.test.js:40:57)
          at Array.forEach (<anonymous>)
      at Object.__fire (src/components/map/useWebGLGuardrail.ratingBandLoss.test.js:40:42)
      at driveFrames (src/components/map/useWebGLGuardrail.ratingBandLoss.test.js:64:59)
      at Object.<anonymous> (src/components/map/useWebGLGuardrail.ratingBandLoss.test.js:98:5)

    console.warn
      [WebGLGuardrail] Warning: MapWebGL render FPS dropped below 20: 1 FPS

      110 |     const originalWarn = console.warn;
      111 |     console.warn = (...args) => {
    > 112 |       originalWarn.apply(console, args);
          |                    ^
      113 |       try {
      114 |         if (cannotMatch(args)) return;
      115 |         const msg = args.join(' ');

      at console.warn (src/components/map/WeatherTelemetry.js:112:20)
      at f (src/components/map/useWebGLGuardrail.js:195:19)
      at forEach (src/components/map/useWebGLGuardrail.ratingBandLoss.test.js:40:57)
          at Array.forEach (<anonymous>)
      at Object.__fire (src/components/map/useWebGLGuardrail.ratingBandLoss.test.js:40:42)
      at driveFrames (src/components/map/useWebGLGuardrail.ratingBandLoss.test.js:64:59)
      at Object.<anonymous> (src/components/map/useWebGLGuardrail.ratingBandLoss.test.js:98:5)

    console.warn
      [WebGLGuardrail] Warning: MapWebGL render FPS dropped below 20: 1 FPS

      110 |     const originalWarn = console.warn;
      111 |     console.warn = (...args) => {
    > 112 |       originalWarn.apply(console, args);
          |                    ^
      113 |       try {
      114 |         if (cannotMatch(args)) return;
      115 |         const msg = args.join(' ');

      at console.warn (src/components/map/WeatherTelemetry.js:112:20)
      at f (src/components/map/useWebGLGuardrail.js:195:19)
      at forEach (src/components/map/useWebGLGuardrail.ratingBandLoss.test.js:40:57)
          at Array.forEach (<anonymous>)
      at Object.__fire (src/components/map/useWebGLGuardrail.ratingBandLoss.test.js:40:42)
      at driveFrames (src/components/map/useWebGLGuardrail.ratingBandLoss.test.js:64:59)
      at Object.<anonymous> (src/components/map/useWebGLGuardrail.ratingBandLoss.test.js:98:5)

    console.warn
      [WebGLGuardrail] Warning: MapWebGL render FPS dropped below 20: 1 FPS

      110 |     const originalWarn = console.warn;
      111 |     console.warn = (...args) => {
    > 112 |       originalWarn.apply(console, args);
          |                    ^
      113 |       try {
      114 |         if (cannotMatch(args)) return;
      115 |         const msg = args.join(' ');

      at console.warn (src/components/map/WeatherTelemetry.js:112:20)
      at f (src/components/map/useWebGLGuardrail.js:195:19)
      at forEach (src/components/map/useWebGLGuardrail.ratingBandLoss.test.js:40:57)
          at Array.forEach (<anonymous>)
      at Object.__fire (src/components/map/useWebGLGuardrail.ratingBandLoss.test.js:40:42)
      at driveFrames (src/components/map/useWebGLGuardrail.ratingBandLoss.test.js:64:59)
      at Object.<anonymous> (src/components/map/useWebGLGuardrail.ratingBandLoss.test.js:98:5)

    console.warn
      [WebGLGuardrail] Warning: MapWebGL render FPS dropped below 20: 1 FPS

      110 |     const originalWarn = console.warn;
      111 |     console.warn = (...args) => {
    > 112 |       originalWarn.apply(console, args);
          |                    ^
      113 |       try {
      114 |         if (cannotMatch(args)) return;
      115 |         const msg = args.join(' ');

      at console.warn (src/components/map/WeatherTelemetry.js:112:20)
      at f (src/components/map/useWebGLGuardrail.js:195:19)
      at forEach (src/components/map/useWebGLGuardrail.ratingBandLoss.test.js:40:57)
          at Array.forEach (<anonymous>)
      at Object.__fire (src/components/map/useWebGLGuardrail.ratingBandLoss.test.js:40:42)
      at driveFrames (src/components/map/useWebGLGuardrail.ratingBandLoss.test.js:64:59)
      at Object.<anonymous> (src/components/map/useWebGLGuardrail.ratingBandLoss.test.js:98:5)

    console.error
      [WebGLGuardrail] Frame rate consistently below 20 FPS (1 FPS) for 12 consecutive seconds. Triggering local rendering fallback overrides.

      18 |   console.error = (...args) => {
      19 |     if (typeof args[0] === 'string' && args[0].includes('act(')) return;
    > 20 |     originalError.call(console, ...args);
         |                   ^
      21 |   };
      22 | });
      23 |

      at console.error (src/setupTests.js:20:19)
      at f (src/components/map/useWebGLGuardrail.js:206:21)
      at forEach (src/components/map/useWebGLGuardrail.ratingBandLoss.test.js:40:57)
          at Array.forEach (<anonymous>)
      at Object.__fire (src/components/map/useWebGLGuardrail.ratingBandLoss.test.js:40:42)
      at driveFrames (src/components/map/useWebGLGuardrail.ratingBandLoss.test.js:64:59)
      at Object.<anonymous> (src/components/map/useWebGLGuardrail.ratingBandLoss.test.js:98:5)

    console.warn
      [WebGLGuardrail] Triggering fallback override for WebGL Marine layer

      110 |     const originalWarn = console.warn;
      111 |     console.warn = (...args) => {
    > 112 |       originalWarn.apply(console, args);
          |                    ^
      113 |       try {
      114 |         if (cannotMatch(args)) return;
      115 |         const msg = args.join(' ');

      at console.warn (src/components/map/WeatherTelemetry.js:112:20)
      at f (src/components/map/useWebGLGuardrail.js:209:23)
      at forEach (src/components/map/useWebGLGuardrail.ratingBandLoss.test.js:40:57)
          at Array.forEach (<anonymous>)
      at Object.__fire (src/components/map/useWebGLGuardrail.ratingBandLoss.test.js:40:42)
      at driveFrames (src/components/map/useWebGLGuardrail.ratingBandLoss.test.js:64:59)
      at Object.<anonymous> (src/components/map/useWebGLGuardrail.ratingBandLoss.test.js:98:5)

    console.warn
      [WebGLGuardrail] Warning: MapWebGL render FPS dropped below 20: 1 FPS

      110 |     const originalWarn = console.warn;
      111 |     console.warn = (...args) => {
    > 112 |       originalWarn.apply(console, args);
          |                    ^
      113 |       try {
      114 |         if (cannotMatch(args)) return;
      115 |         const msg = args.join(' ');

      at console.warn (src/components/map/WeatherTelemetry.js:112:20)
      at f (src/components/map/useWebGLGuardrail.js:195:19)
      at forEach (src/components/map/useWebGLGuardrail.ratingBandLoss.test.js:40:57)
          at Array.forEach (<anonymous>)
      at Object.__fire (src/components/map/useWebGLGuardrail.ratingBandLoss.test.js:40:42)
      at driveFrames (src/components/map/useWebGLGuardrail.ratingBandLoss.test.js:64:59)
      at Object.<anonymous> (src/components/map/useWebGLGuardrail.ratingBandLoss.test.js:98:5)

    console.warn
      [WebGLGuardrail] Warning: MapWebGL render FPS dropped below 20: 1 FPS

      110 |     const originalWarn = console.warn;
      111 |     console.warn = (...args) => {
    > 112 |       originalWarn.apply(console, args);
          |                    ^
      113 |       try {
      114 |         if (cannotMatch(args)) return;
      115 |         const msg = args.join(' ');

      at console.warn (src/components/map/WeatherTelemetry.js:112:20)
      at f (src/components/map/useWebGLGuardrail.js:195:19)
      at forEach (src/components/map/useWebGLGuardrail.ratingBandLoss.test.js:40:57)
          at Array.forEach (<anonymous>)
      at Object.__fire (src/components/map/useWebGLGuardrail.ratingBandLoss.test.js:40:42)
      at driveFrames (src/components/map/useWebGLGuardrail.ratingBandLoss.test.js:64:59)
      at Object.<anonymous> (src/components/map/useWebGLGuardrail.ratingBandLoss.test.js:98:5)

    console.warn
      [WebGLGuardrail] Warning: MapWebGL render FPS dropped below 20: 1 FPS

      110 |     const originalWarn = console.warn;
      111 |     console.warn = (...args) => {
    > 112 |       originalWarn.apply(console, args);
          |                    ^
      113 |       try {
      114 |         if (cannotMatch(args)) return;
      115 |         const msg = args.join(' ');

      at console.warn (src/components/map/WeatherTelemetry.js:112:20)
      at f (src/components/map/useWebGLGuardrail.js:195:19)
      at forEach (src/components/map/useWebGLGuardrail.ratingBandLoss.test.js:40:57)
          at Array.forEach (<anonymous>)
      at Object.__fire (src/components/map/useWebGLGuardrail.ratingBandLoss.test.js:40:42)
      at driveFrames (src/components/map/useWebGLGuardrail.ratingBandLoss.test.js:64:59)
      at Object.<anonymous> (src/components/map/useWebGLGuardrail.ratingBandLoss.test.js:98:5)

    console.warn
      [WebGLGuardrail] Warning: MapWebGL render FPS dropped below 20: 1 FPS

      110 |     const originalWarn = console.warn;
      111 |     console.warn = (...args) => {
    > 112 |       originalWarn.apply(console, args);
          |                    ^
      113 |       try {
      114 |         if (cannotMatch(args)) return;
      115 |         const msg = args.join(' ');

      at console.warn (src/components/map/WeatherTelemetry.js:112:20)
      at f (src/components/map/useWebGLGuardrail.js:195:19)
      at forEach (src/components/map/useWebGLGuardrail.ratingBandLoss.test.js:40:57)
          at Array.forEach (<anonymous>)
      at Object.__fire (src/components/map/useWebGLGuardrail.ratingBandLoss.test.js:40:42)
      at driveFrames (src/components/map/useWebGLGuardrail.ratingBandLoss.test.js:64:59)
      at Object.<anonymous> (src/components/map/useWebGLGuardrail.ratingBandLoss.test.js:98:5)

    console.warn
      [WebGLGuardrail] Warning: MapWebGL render FPS dropped below 20: 1 FPS

      110 |     const originalWarn = console.warn;
      111 |     console.warn = (...args) => {
    > 112 |       originalWarn.apply(console, args);
          |                    ^
      113 |       try {
      114 |         if (cannotMatch(args)) return;
      115 |         const msg = args.join(' ');

      at console.warn (src/components/map/WeatherTelemetry.js:112:20)
      at f (src/components/map/useWebGLGuardrail.js:195:19)
      at forEach (src/components/map/useWebGLGuardrail.ratingBandLoss.test.js:40:57)
          at Array.forEach (<anonymous>)
      at Object.__fire (src/components/map/useWebGLGuardrail.ratingBandLoss.test.js:40:42)
      at driveFrames (src/components/map/useWebGLGuardrail.ratingBandLoss.test.js:64:59)
      at Object.<anonymous> (src/components/map/useWebGLGuardrail.ratingBandLoss.test.js:98:5)

    console.warn
      [WebGLGuardrail] Warning: MapWebGL render FPS dropped below 20: 1 FPS

      110 |     const originalWarn = console.warn;
      111 |     console.warn = (...args) => {
    > 112 |       originalWarn.apply(console, args);
          |                    ^
      113 |       try {
      114 |         if (cannotMatch(args)) return;
      115 |         const msg = args.join(' ');

      at console.warn (src/components/map/WeatherTelemetry.js:112:20)
      at f (src/components/map/useWebGLGuardrail.js:195:19)
      at forEach (src/components/map/useWebGLGuardrail.ratingBandLoss.test.js:40:57)
          at Array.forEach (<anonymous>)
      at Object.__fire (src/components/map/useWebGLGuardrail.ratingBandLoss.test.js:40:42)
      at driveFrames (src/components/map/useWebGLGuardrail.ratingBandLoss.test.js:64:59)
      at Object.<anonymous> (src/components/map/useWebGLGuardrail.ratingBandLoss.test.js:98:5)

    console.warn
      [WebGLGuardrail] Warning: MapWebGL render FPS dropped below 20: 1 FPS

      110 |     const originalWarn = console.warn;
      111 |     console.warn = (...args) => {
    > 112 |       originalWarn.apply(console, args);
          |                    ^
      113 |       try {
      114 |         if (cannotMatch(args)) return;
      115 |         const msg = args.join(' ');

      at console.warn (src/components/map/WeatherTelemetry.js:112:20)
      at f (src/components/map/useWebGLGuardrail.js:195:19)
      at forEach (src/components/map/useWebGLGuardrail.ratingBandLoss.test.js:40:57)
          at Array.forEach (<anonymous>)
      at Object.__fire (src/components/map/useWebGLGuardrail.ratingBandLoss.test.js:40:42)
      at driveFrames (src/components/map/useWebGLGuardrail.ratingBandLoss.test.js:64:59)
      at Object.<anonymous> (src/components/map/useWebGLGuardrail.ratingBandLoss.test.js:98:5)

    console.warn
      [WebGLGuardrail] Warning: MapWebGL render FPS dropped below 20: 1 FPS

      110 |     const originalWarn = console.warn;
      111 |     console.warn = (...args) => {
    > 112 |       originalWarn.apply(console, args);
          |                    ^
      113 |       try {
      114 |         if (cannotMatch(args)) return;
      115 |         const msg = args.join(' ');

      at console.warn (src/components/map/WeatherTelemetry.js:112:20)
      at f (src/components/map/useWebGLGuardrail.js:195:19)
      at forEach (src/components/map/useWebGLGuardrail.ratingBandLoss.test.js:40:57)
          at Array.forEach (<anonymous>)
      at Object.__fire (src/components/map/useWebGLGuardrail.ratingBandLoss.test.js:40:42)
      at driveFrames (src/components/map/useWebGLGuardrail.ratingBandLoss.test.js:64:59)
      at Object.<anonymous> (src/components/map/useWebGLGuardrail.ratingBandLoss.test.js:98:5)

    console.warn
      [WebGLGuardrail] Warning: MapWebGL render FPS dropped below 20: 1 FPS

      110 |     const originalWarn = console.warn;
      111 |     console.warn = (...args) => {
    > 112 |       originalWarn.apply(console, args);
          |                    ^
      113 |       try {
      114 |         if (cannotMatch(args)) return;
      115 |         const msg = args.join(' ');

      at console.warn (src/components/map/WeatherTelemetry.js:112:20)
      at f (src/components/map/useWebGLGuardrail.js:195:19)
      at forEach (src/components/map/useWebGLGuardrail.ratingBandLoss.test.js:40:57)
          at Array.forEach (<anonymous>)
      at Object.__fire (src/components/map/useWebGLGuardrail.ratingBandLoss.test.js:40:42)
      at driveFrames (src/components/map/useWebGLGuardrail.ratingBandLoss.test.js:64:59)
      at Object.<anonymous> (src/components/map/useWebGLGuardrail.ratingBandLoss.test.js:98:5)

    console.warn
      [WebGLGuardrail] Warning: MapWebGL render FPS dropped below 20: 1 FPS

      110 |     const originalWarn = console.warn;
      111 |     console.warn = (...args) => {
    > 112 |       originalWarn.apply(console, args);
          |                    ^
      113 |       try {
      114 |         if (cannotMatch(args)) return;
      115 |         const msg = args.join(' ');

      at console.warn (src/components/map/WeatherTelemetry.js:112:20)
      at f (src/components/map/useWebGLGuardrail.js:195:19)
      at forEach (src/components/map/useWebGLGuardrail.ratingBandLoss.test.js:40:57)
          at Array.forEach (<anonymous>)
      at Object.__fire (src/components/map/useWebGLGuardrail.ratingBandLoss.test.js:40:42)
      at driveFrames (src/components/map/useWebGLGuardrail.ratingBandLoss.test.js:64:59)
      at tripped (src/components/map/useWebGLGuardrail.ratingBandLoss.test.js:213:5)
      at Object.<anonymous> (src/components/map/useWebGLGuardrail.ratingBandLoss.test.js:224:30)

    console.warn
      [WebGLGuardrail] Warning: MapWebGL render FPS dropped below 20: 1 FPS

      110 |     const originalWarn = console.warn;
      111 |     console.warn = (...args) => {
    > 112 |       originalWarn.apply(console, args);
          |                    ^
      113 |       try {
      114 |         if (cannotMatch(args)) return;
      115 |         const msg = args.join(' ');

      at console.warn (src/components/map/WeatherTelemetry.js:112:20)
      at f (src/components/map/useWebGLGuardrail.js:195:19)
      at forEach (src/components/map/useWebGLGuardrail.ratingBandLoss.test.js:40:57)
          at Array.forEach (<anonymous>)
      at Object.__fire (src/components/map/useWebGLGuardrail.ratingBandLoss.test.js:40:42)
      at driveFrames (src/components/map/useWebGLGuardrail.ratingBandLoss.test.js:64:59)
      at tripped (src/components/map/useWebGLGuardrail.ratingBandLoss.test.js:213:5)
      at Object.<anonymous> (src/components/map/useWebGLGuardrail.ratingBandLoss.test.js:224:30)

    console.warn
      [WebGLGuardrail] Warning: MapWebGL render FPS dropped below 20: 1 FPS

      110 |     const originalWarn = console.warn;
      111 |     console.warn = (...args) => {
    > 112 |       originalWarn.apply(console, args);
          |                    ^
      113 |       try {
      114 |         if (cannotMatch(args)) return;
      115 |         const msg = args.join(' ');

      at console.warn (src/components/map/WeatherTelemetry.js:112:20)
      at f (src/components/map/useWebGLGuardrail.js:195:19)
      at forEach (src/components/map/useWebGLGuardrail.ratingBandLoss.test.js:40:57)
          at Array.forEach (<anonymous>)
      at Object.__fire (src/components/map/useWebGLGuardrail.ratingBandLoss.test.js:40:42)
      at driveFrames (src/components/map/useWebGLGuardrail.ratingBandLoss.test.js:64:59)
      at tripped (src/components/map/useWebGLGuardrail.ratingBandLoss.test.js:213:5)
      at Object.<anonymous> (src/components/map/useWebGLGuardrail.ratingBandLoss.test.js:224:30)

    console.warn
      [WebGLGuardrail] Warning: MapWebGL render FPS dropped below 20: 1 FPS

      110 |     const originalWarn = console.warn;
      111 |     console.warn = (...args) => {
    > 112 |       originalWarn.apply(console, args);
          |                    ^
      113 |       try {
      114 |         if (cannotMatch(args)) return;
      115 |         const msg = args.join(' ');

      at console.warn (src/components/map/WeatherTelemetry.js:112:20)
      at f (src/components/map/useWebGLGuardrail.js:195:19)
      at forEach (src/components/map/useWebGLGuardrail.ratingBandLoss.test.js:40:57)
          at Array.forEach (<anonymous>)
      at Object.__fire (src/components/map/useWebGLGuardrail.ratingBandLoss.test.js:40:42)
      at driveFrames (src/components/map/useWebGLGuardrail.ratingBandLoss.test.js:64:59)
      at tripped (src/components/map/useWebGLGuardrail.ratingBandLoss.test.js:213:5)
      at Object.<anonymous> (src/components/map/useWebGLGuardrail.ratingBandLoss.test.js:224:30)

    console.warn
      [WebGLGuardrail] Warning: MapWebGL render FPS dropped below 20: 1 FPS

      110 |     const originalWarn = console.warn;
      111 |     console.warn = (...args) => {
    > 112 |       originalWarn.apply(console, args);
          |                    ^
      113 |       try {
      114 |         if (cannotMatch(args)) return;
      115 |         const msg = args.join(' ');

      at console.warn (src/components/map/WeatherTelemetry.js:112:20)
      at f (src/components/map/useWebGLGuardrail.js:195:19)
      at forEach (src/components/map/useWebGLGuardrail.ratingBandLoss.test.js:40:57)
          at Array.forEach (<anonymous>)
      at Object.__fire (src/components/map/useWebGLGuardrail.ratingBandLoss.test.js:40:42)
      at driveFrames (src/components/map/useWebGLGuardrail.ratingBandLoss.test.js:64:59)
      at tripped (src/components/map/useWebGLGuardrail.ratingBandLoss.test.js:213:5)
      at Object.<anonymous> (src/components/map/useWebGLGuardrail.ratingBandLoss.test.js:224:30)

    console.warn
      [WebGLGuardrail] Warning: MapWebGL render FPS dropped below 20: 1 FPS

      110 |     const originalWarn = console.warn;
      111 |     console.warn = (...args) => {
    > 112 |       originalWarn.apply(console, args);
          |                    ^
      113 |       try {
      114 |         if (cannotMatch(args)) return;
      115 |         const msg = args.join(' ');

      at console.warn (src/components/map/WeatherTelemetry.js:112:20)
      at f (src/components/map/useWebGLGuardrail.js:195:19)
      at forEach (src/components/map/useWebGLGuardrail.ratingBandLoss.test.js:40:57)
          at Array.forEach (<anonymous>)
      at Object.__fire (src/components/map/useWebGLGuardrail.ratingBandLoss.test.js:40:42)
      at driveFrames (src/components/map/useWebGLGuardrail.ratingBandLoss.test.js:64:59)
      at tripped (src/components/map/useWebGLGuardrail.ratingBandLoss.test.js:213:5)
      at Object.<anonymous> (src/components/map/useWebGLGuardrail.ratingBandLoss.test.js:224:30)

    console.warn
      [WebGLGuardrail] Warning: MapWebGL render FPS dropped below 20: 1 FPS

      110 |     const originalWarn = console.warn;
      111 |     console.warn = (...args) => {
    > 112 |       originalWarn.apply(console, args);
          |                    ^
      113 |       try {
      114 |         if (cannotMatch(args)) return;
      115 |         const msg = args.join(' ');

      at console.warn (src/components/map/WeatherTelemetry.js:112:20)
      at f (src/components/map/useWebGLGuardrail.js:195:19)
      at forEach (src/components/map/useWebGLGuardrail.ratingBandLoss.test.js:40:57)
          at Array.forEach (<anonymous>)
      at Object.__fire (src/components/map/useWebGLGuardrail.ratingBandLoss.test.js:40:42)
      at driveFrames (src/components/map/useWebGLGuardrail.ratingBandLoss.test.js:64:59)
      at tripped (src/components/map/useWebGLGuardrail.ratingBandLoss.test.js:213:5)
      at Object.<anonymous> (src/components/map/useWebGLGuardrail.ratingBandLoss.test.js:224:30)

    console.warn
      [WebGLGuardrail] Warning: MapWebGL render FPS dropped below 20: 1 FPS

      110 |     const originalWarn = console.warn;
      111 |     console.warn = (...args) => {
    > 112 |       originalWarn.apply(console, args);
          |                    ^
      113 |       try {
      114 |         if (cannotMatch(args)) return;
      115 |         const msg = args.join(' ');

      at console.warn (src/components/map/WeatherTelemetry.js:112:20)
      at f (src/components/map/useWebGLGuardrail.js:195:19)
      at forEach (src/components/map/useWebGLGuardrail.ratingBandLoss.test.js:40:57)
          at Array.forEach (<anonymous>)
      at Object.__fire (src/components/map/useWebGLGuardrail.ratingBandLoss.test.js:40:42)
      at driveFrames (src/components/map/useWebGLGuardrail.ratingBandLoss.test.js:64:59)
      at tripped (src/components/map/useWebGLGuardrail.ratingBandLoss.test.js:213:5)
      at Object.<anonymous> (src/components/map/useWebGLGuardrail.ratingBandLoss.test.js:224:30)

    console.warn
      [WebGLGuardrail] Warning: MapWebGL render FPS dropped below 20: 1 FPS

      110 |     const originalWarn = console.warn;
      111 |     console.warn = (...args) => {
    > 112 |       originalWarn.apply(console, args);
          |                    ^
      113 |       try {
      114 |         if (cannotMatch(args)) return;
      115 |         const msg = args.join(' ');

      at console.warn (src/components/map/WeatherTelemetry.js:112:20)
      at f (src/components/map/useWebGLGuardrail.js:195:19)
      at forEach (src/components/map/useWebGLGuardrail.ratingBandLoss.test.js:40:57)
          at Array.forEach (<anonymous>)
      at Object.__fire (src/components/map/useWebGLGuardrail.ratingBandLoss.test.js:40:42)
      at driveFrames (src/components/map/useWebGLGuardrail.ratingBandLoss.test.js:64:59)
      at tripped (src/components/map/useWebGLGuardrail.ratingBandLoss.test.js:213:5)
      at Object.<anonymous> (src/components/map/useWebGLGuardrail.ratingBandLoss.test.js:224:30)

    console.warn
      [WebGLGuardrail] Warning: MapWebGL render FPS dropped below 20: 1 FPS

      110 |     const originalWarn = console.warn;
      111 |     console.warn = (...args) => {
    > 112 |       originalWarn.apply(console, args);
          |                    ^
      113 |       try {
      114 |         if (cannotMatch(args)) return;
      115 |         const msg = args.join(' ');

      at console.warn (src/components/map/WeatherTelemetry.js:112:20)
      at f (src/components/map/useWebGLGuardrail.js:195:19)
      at forEach (src/components/map/useWebGLGuardrail.ratingBandLoss.test.js:40:57)
          at Array.forEach (<anonymous>)
      at Object.__fire (src/components/map/useWebGLGuardrail.ratingBandLoss.test.js:40:42)
      at driveFrames (src/components/map/useWebGLGuardrail.ratingBandLoss.test.js:64:59)
      at tripped (src/components/map/useWebGLGuardrail.ratingBandLoss.test.js:213:5)
      at Object.<anonymous> (src/components/map/useWebGLGuardrail.ratingBandLoss.test.js:224:30)

    console.warn
      [WebGLGuardrail] Warning: MapWebGL render FPS dropped below 20: 1 FPS

      110 |     const originalWarn = console.warn;
      111 |     console.warn = (...args) => {
    > 112 |       originalWarn.apply(console, args);
          |                    ^
      113 |       try {
      114 |         if (cannotMatch(args)) return;
      115 |         const msg = args.join(' ');

      at console.warn (src/components/map/WeatherTelemetry.js:112:20)
      at f (src/components/map/useWebGLGuardrail.js:195:19)
      at forEach (src/components/map/useWebGLGuardrail.ratingBandLoss.test.js:40:57)
          at Array.forEach (<anonymous>)
      at Object.__fire (src/components/map/useWebGLGuardrail.ratingBandLoss.test.js:40:42)
      at driveFrames (src/components/map/useWebGLGuardrail.ratingBandLoss.test.js:64:59)
      at tripped (src/components/map/useWebGLGuardrail.ratingBandLoss.test.js:213:5)
      at Object.<anonymous> (src/components/map/useWebGLGuardrail.ratingBandLoss.test.js:224:30)

    console.warn
      [WebGLGuardrail] Warning: MapWebGL render FPS dropped below 20: 1 FPS

      110 |     const originalWarn = console.warn;
      111 |     console.warn = (...args) => {
    > 112 |       originalWarn.apply(console, args);
          |                    ^
      113 |       try {
      114 |         if (cannotMatch(args)) return;
      115 |         const msg = args.join(' ');

      at console.warn (src/components/map/WeatherTelemetry.js:112:20)
      at f (src/components/map/useWebGLGuardrail.js:195:19)
      at forEach (src/components/map/useWebGLGuardrail.ratingBandLoss.test.js:40:57)
          at Array.forEach (<anonymous>)
      at Object.__fire (src/components/map/useWebGLGuardrail.ratingBandLoss.test.js:40:42)
      at driveFrames (src/components/map/useWebGLGuardrail.ratingBandLoss.test.js:64:59)
      at tripped (src/components/map/useWebGLGuardrail.ratingBandLoss.test.js:213:5)
      at Object.<anonymous> (src/components/map/useWebGLGuardrail.ratingBandLoss.test.js:224:30)

    console.error
      [WebGLGuardrail] Frame rate consistently below 20 FPS (1 FPS) for 12 consecutive seconds. Triggering local rendering fallback overrides.

      18 |   console.error = (...args) => {
      19 |     if (typeof args[0] === 'string' && args[0].includes('act(')) return;
    > 20 |     originalError.call(console, ...args);
         |                   ^
      21 |   };
      22 | });
      23 |

      at console.error (src/setupTests.js:20:19)
      at f (src/components/map/useWebGLGuardrail.js:206:21)
      at forEach (src/components/map/useWebGLGuardrail.ratingBandLoss.test.js:40:57)
          at Array.forEach (<anonymous>)
      at Object.__fire (src/components/map/useWebGLGuardrail.ratingBandLoss.test.js:40:42)
      at driveFrames (src/components/map/useWebGLGuardrail.ratingBandLoss.test.js:64:59)
      at tripped (src/components/map/useWebGLGuardrail.ratingBandLoss.test.js:213:5)
      at Object.<anonymous> (src/components/map/useWebGLGuardrail.ratingBandLoss.test.js:224:30)

    console.warn
      [WebGLGuardrail] Triggering fallback override for WebGL Marine layer

      110 |     const originalWarn = console.warn;
      111 |     console.warn = (...args) => {
    > 112 |       originalWarn.apply(console, args);
          |                    ^
      113 |       try {
      114 |         if (cannotMatch(args)) return;
      115 |         const msg = args.join(' ');

      at console.warn (src/components/map/WeatherTelemetry.js:112:20)
      at f (src/components/map/useWebGLGuardrail.js:209:23)
      at forEach (src/components/map/useWebGLGuardrail.ratingBandLoss.test.js:40:57)
          at Array.forEach (<anonymous>)
      at Object.__fire (src/components/map/useWebGLGuardrail.ratingBandLoss.test.js:40:42)
      at driveFrames (src/components/map/useWebGLGuardrail.ratingBandLoss.test.js:64:59)
      at tripped (src/components/map/useWebGLGuardrail.ratingBandLoss.test.js:213:5)
      at Object.<anonymous> (src/components/map/useWebGLGuardrail.ratingBandLoss.test.js:224:30)

    console.warn
      [WebGLGuardrail] Warning: MapWebGL render FPS dropped below 20: 1 FPS

      110 |     const originalWarn = console.warn;
      111 |     console.warn = (...args) => {
    > 112 |       originalWarn.apply(console, args);
          |                    ^
      113 |       try {
      114 |         if (cannotMatch(args)) return;
      115 |         const msg = args.join(' ');

      at console.warn (src/components/map/WeatherTelemetry.js:112:20)
      at f (src/components/map/useWebGLGuardrail.js:195:19)
      at forEach (src/components/map/useWebGLGuardrail.ratingBandLoss.test.js:40:57)
          at Array.forEach (<anonymous>)
      at Object.__fire (src/components/map/useWebGLGuardrail.ratingBandLoss.test.js:40:42)
      at driveFrames (src/components/map/useWebGLGuardrail.ratingBandLoss.test.js:64:59)
      at tripped (src/components/map/useWebGLGuardrail.ratingBandLoss.test.js:213:5)
      at Object.<anonymous> (src/components/map/useWebGLGuardrail.ratingBandLoss.test.js:224:30)

    console.warn
      [WebGLGuardrail] Warning: MapWebGL render FPS dropped below 20: 1 FPS

      110 |     const originalWarn = console.warn;
      111 |     console.warn = (...args) => {
    > 112 |       originalWarn.apply(console, args);
          |                    ^
      113 |       try {
      114 |         if (cannotMatch(args)) return;
      115 |         const msg = args.join(' ');

      at console.warn (src/components/map/WeatherTelemetry.js:112:20)
      at f (src/components/map/useWebGLGuardrail.js:195:19)
      at forEach (src/components/map/useWebGLGuardrail.ratingBandLoss.test.js:40:57)
          at Array.forEach (<anonymous>)
      at Object.__fire (src/components/map/useWebGLGuardrail.ratingBandLoss.test.js:40:42)
      at driveFrames (src/components/map/useWebGLGuardrail.ratingBandLoss.test.js:64:59)
      at tripped (src/components/map/useWebGLGuardrail.ratingBandLoss.test.js:213:5)
      at Object.<anonymous> (src/components/map/useWebGLGuardrail.ratingBandLoss.test.js:224:30)

    console.warn
      [WebGLGuardrail] Warning: MapWebGL render FPS dropped below 20: 1 FPS

      110 |     const originalWarn = console.warn;
      111 |     console.warn = (...args) => {
    > 112 |       originalWarn.apply(console, args);
          |                    ^
      113 |       try {
      114 |         if (cannotMatch(args)) return;
      115 |         const msg = args.join(' ');

      at console.warn (src/components/map/WeatherTelemetry.js:112:20)
      at f (src/components/map/useWebGLGuardrail.js:195:19)
      at forEach (src/components/map/useWebGLGuardrail.ratingBandLoss.test.js:40:57)
          at Array.forEach (<anonymous>)
      at Object.__fire (src/components/map/useWebGLGuardrail.ratingBandLoss.test.js:40:42)
      at driveFrames (src/components/map/useWebGLGuardrail.ratingBandLoss.test.js:64:59)
      at tripped (src/components/map/useWebGLGuardrail.ratingBandLoss.test.js:213:5)
      at Object.<anonymous> (src/components/map/useWebGLGuardrail.ratingBandLoss.test.js:224:30)

    console.warn
      [WebGLGuardrail] Warning: MapWebGL render FPS dropped below 20: 1 FPS

      110 |     const originalWarn = console.warn;
      111 |     console.warn = (...args) => {
    > 112 |       originalWarn.apply(console, args);
          |                    ^
      113 |       try {
      114 |         if (cannotMatch(args)) return;
      115 |         const msg = args.join(' ');

      at console.warn (src/components/map/WeatherTelemetry.js:112:20)
      at f (src/components/map/useWebGLGuardrail.js:195:19)
      at forEach (src/components/map/useWebGLGuardrail.ratingBandLoss.test.js:40:57)
          at Array.forEach (<anonymous>)
      at Object.__fire (src/components/map/useWebGLGuardrail.ratingBandLoss.test.js:40:42)
      at driveFrames (src/components/map/useWebGLGuardrail.ratingBandLoss.test.js:64:59)
      at tripped (src/components/map/useWebGLGuardrail.ratingBandLoss.test.js:213:5)
      at Object.<anonymous> (src/components/map/useWebGLGuardrail.ratingBandLoss.test.js:224:30)

    console.warn
      [WebGLGuardrail] Warning: MapWebGL render FPS dropped below 20: 1 FPS

      110 |     const originalWarn = console.warn;
      111 |     console.warn = (...args) => {
    > 112 |       originalWarn.apply(console, args);
          |                    ^
      113 |       try {
      114 |         if (cannotMatch(args)) return;
      115 |         const msg = args.join(' ');

      at console.warn (src/components/map/WeatherTelemetry.js:112:20)
      at f (src/components/map/useWebGLGuardrail.js:195:19)
      at forEach (src/components/map/useWebGLGuardrail.ratingBandLoss.test.js:40:57)
          at Array.forEach (<anonymous>)
      at Object.__fire (src/components/map/useWebGLGuardrail.ratingBandLoss.test.js:40:42)
      at driveFrames (src/components/map/useWebGLGuardrail.ratingBandLoss.test.js:64:59)
      at tripped (src/components/map/useWebGLGuardrail.ratingBandLoss.test.js:213:5)
      at Object.<anonymous> (src/components/map/useWebGLGuardrail.ratingBandLoss.test.js:224:30)

    console.warn
      [WebGLGuardrail] Warning: MapWebGL render FPS dropped below 20: 1 FPS

      110 |     const originalWarn = console.warn;
      111 |     console.warn = (...args) => {
    > 112 |       originalWarn.apply(console, args);
          |                    ^
      113 |       try {
      114 |         if (cannotMatch(args)) return;
      115 |         const msg = args.join(' ');

      at console.warn (src/components/map/WeatherTelemetry.js:112:20)
      at f (src/components/map/useWebGLGuardrail.js:195:19)
      at forEach (src/components/map/useWebGLGuardrail.ratingBandLoss.test.js:40:57)
          at Array.forEach (<anonymous>)
      at Object.__fire (src/components/map/useWebGLGuardrail.ratingBandLoss.test.js:40:42)
      at driveFrames (src/components/map/useWebGLGuardrail.ratingBandLoss.test.js:64:59)
      at tripped (src/components/map/useWebGLGuardrail.ratingBandLoss.test.js:213:5)
      at Object.<anonymous> (src/components/map/useWebGLGuardrail.ratingBandLoss.test.js:224:30)

    console.warn
      [WebGLGuardrail] Warning: MapWebGL render FPS dropped below 20: 1 FPS

      110 |     const originalWarn = console.warn;
      111 |     console.warn = (...args) => {
    > 112 |       originalWarn.apply(console, args);
          |                    ^
      113 |       try {
      114 |         if (cannotMatch(args)) return;
      115 |         const msg = args.join(' ');

      at console.warn (src/components/map/WeatherTelemetry.js:112:20)
      at f (src/components/map/useWebGLGuardrail.js:195:19)
      at forEach (src/components/map/useWebGLGuardrail.ratingBandLoss.test.js:40:57)
          at Array.forEach (<anonymous>)
      at Object.__fire (src/components/map/useWebGLGuardrail.ratingBandLoss.test.js:40:42)
      at driveFrames (src/components/map/useWebGLGuardrail.ratingBandLoss.test.js:64:59)
      at tripped (src/components/map/useWebGLGuardrail.ratingBandLoss.test.js:213:5)
      at Object.<anonymous> (src/components/map/useWebGLGuardrail.ratingBandLoss.test.js:224:30)

    console.warn
      [WebGLGuardrail] Warning: MapWebGL render FPS dropped below 20: 1 FPS

      110 |     const originalWarn = console.warn;
      111 |     console.warn = (...args) => {
    > 112 |       originalWarn.apply(console, args);
          |                    ^
      113 |       try {
      114 |         if (cannotMatch(args)) return;
      115 |         const msg = args.join(' ');

      at console.warn (src/components/map/WeatherTelemetry.js:112:20)
      at f (src/components/map/useWebGLGuardrail.js:195:19)
      at forEach (src/components/map/useWebGLGuardrail.ratingBandLoss.test.js:40:57)
          at Array.forEach (<anonymous>)
      at Object.__fire (src/components/map/useWebGLGuardrail.ratingBandLoss.test.js:40:42)
      at driveFrames (src/components/map/useWebGLGuardrail.ratingBandLoss.test.js:64:59)
      at tripped (src/components/map/useWebGLGuardrail.ratingBandLoss.test.js:213:5)
      at Object.<anonymous> (src/components/map/useWebGLGuardrail.ratingBandLoss.test.js:224:30)

    console.warn
      [WebGLGuardrail] Warning: MapWebGL render FPS dropped below 20: 1 FPS

      110 |     const originalWarn = console.warn;
      111 |     console.warn = (...args) => {
    > 112 |       originalWarn.apply(console, args);
          |                    ^
      113 |       try {
      114 |         if (cannotMatch(args)) return;
      115 |         const msg = args.join(' ');

      at console.warn (src/components/map/WeatherTelemetry.js:112:20)
      at f (src/components/map/useWebGLGuardrail.js:195:19)
      at forEach (src/components/map/useWebGLGuardrail.ratingBandLoss.test.js:40:57)
          at Array.forEach (<anonymous>)
      at Object.__fire (src/components/map/useWebGLGuardrail.ratingBandLoss.test.js:40:42)
      at driveFrames (src/components/map/useWebGLGuardrail.ratingBandLoss.test.js:64:59)
      at tripped (src/components/map/useWebGLGuardrail.ratingBandLoss.test.js:213:5)
      at Object.<anonymous> (src/components/map/useWebGLGuardrail.ratingBandLoss.test.js:224:30)

    console.warn
      [WebGLGuardrail] Recovery attempt 1/2: re-enabling the WebGL Marine layer after backoff.

      110 |     const originalWarn = console.warn;
      111 |     console.warn = (...args) => {
    > 112 |       originalWarn.apply(console, args);
          |                    ^
      113 |       try {
      114 |         if (cannotMatch(args)) return;
      115 |         const msg = args.join(' ');

      at console.warn (src/components/map/WeatherTelemetry.js:112:20)
      at recoveryTick (src/components/map/useWebGLGuardrail.js:260:15)
      at callTimer (../../../../../Raw-Surf/frontend/node_modules/@sinonjs/fake-timers/src/fake-timers-src.js:729:24)
      at doTickInner (../../../../../Raw-Surf/frontend/node_modules/@sinonjs/fake-timers/src/fake-timers-src.js:1289:29)
      at doTick (../../../../../Raw-Surf/frontend/node_modules/@sinonjs/fake-timers/src/fake-timers-src.js:1370:20)
      at Object.tick (../../../../../Raw-Surf/frontend/node_modules/@sinonjs/fake-timers/src/fake-timers-src.js:1378:20)
      at FakeTimers.advanceTimersByTime (../../../../../Raw-Surf/frontend/node_modules/@jest/fake-timers/build/modernFakeTimers.js:101:19)
      at advance (src/components/map/useWebGLGuardrail.ratingBandLoss.test.js:221:56)
      at Object.<anonymous> (src/components/map/useWebGLGuardrail.ratingBandLoss.test.js:225:5)

    console.warn
      [WebGLGuardrail] Warning: MapWebGL render FPS dropped below 20: 1 FPS

      110 |     const originalWarn = console.warn;
      111 |     console.warn = (...args) => {
    > 112 |       originalWarn.apply(console, args);
          |                    ^
      113 |       try {
      114 |         if (cannotMatch(args)) return;
      115 |         const msg = args.join(' ');

      at console.warn (src/components/map/WeatherTelemetry.js:112:20)
      at f (src/components/map/useWebGLGuardrail.js:195:19)
      at forEach (src/components/map/useWebGLGuardrail.ratingBandLoss.test.js:40:57)
          at Array.forEach (<anonymous>)
      at Object.__fire (src/components/map/useWebGLGuardrail.ratingBandLoss.test.js:40:42)
      at driveFrames (src/components/map/useWebGLGuardrail.ratingBandLoss.test.js:64:59)
      at tripped (src/components/map/useWebGLGuardrail.ratingBandLoss.test.js:213:5)
      at Object.<anonymous> (src/components/map/useWebGLGuardrail.ratingBandLoss.test.js:230:30)

    console.warn
      [WebGLGuardrail] Warning: MapWebGL render FPS dropped below 20: 1 FPS

      110 |     const originalWarn = console.warn;
      111 |     console.warn = (...args) => {
    > 112 |       originalWarn.apply(console, args);
          |                    ^
      113 |       try {
      114 |         if (cannotMatch(args)) return;
      115 |         const msg = args.join(' ');

      at console.warn (src/components/map/WeatherTelemetry.js:112:20)
      at f (src/components/map/useWebGLGuardrail.js:195:19)
      at forEach (src/components/map/useWebGLGuardrail.ratingBandLoss.test.js:40:57)
          at Array.forEach (<anonymous>)
      at Object.__fire (src/components/map/useWebGLGuardrail.ratingBandLoss.test.js:40:42)
      at driveFrames (src/components/map/useWebGLGuardrail.ratingBandLoss.test.js:64:59)
      at tripped (src/components/map/useWebGLGuardrail.ratingBandLoss.test.js:213:5)
      at Object.<anonymous> (src/components/map/useWebGLGuardrail.ratingBandLoss.test.js:230:30)

    console.warn
      [WebGLGuardrail] Warning: MapWebGL render FPS dropped below 20: 1 FPS

      110 |     const originalWarn = console.warn;
      111 |     console.warn = (...args) => {
    > 112 |       originalWarn.apply(console, args);
          |                    ^
      113 |       try {
      114 |         if (cannotMatch(args)) return;
      115 |         const msg = args.join(' ');

      at console.warn (src/components/map/WeatherTelemetry.js:112:20)
      at f (src/components/map/useWebGLGuardrail.js:195:19)
      at forEach (src/components/map/useWebGLGuardrail.ratingBandLoss.test.js:40:57)
          at Array.forEach (<anonymous>)
      at Object.__fire (src/components/map/useWebGLGuardrail.ratingBandLoss.test.js:40:42)
      at driveFrames (src/components/map/useWebGLGuardrail.ratingBandLoss.test.js:64:59)
      at tripped (src/components/map/useWebGLGuardrail.ratingBandLoss.test.js:213:5)
      at Object.<anonymous> (src/components/map/useWebGLGuardrail.ratingBandLoss.test.js:230:30)

    console.warn
      [WebGLGuardrail] Warning: MapWebGL render FPS dropped below 20: 1 FPS

      110 |     const originalWarn = console.warn;
      111 |     console.warn = (...args) => {
    > 112 |       originalWarn.apply(console, args);
          |                    ^
      113 |       try {
      114 |         if (cannotMatch(args)) return;
      115 |         const msg = args.join(' ');

      at console.warn (src/components/map/WeatherTelemetry.js:112:20)
      at f (src/components/map/useWebGLGuardrail.js:195:19)
      at forEach (src/components/map/useWebGLGuardrail.ratingBandLoss.test.js:40:57)
          at Array.forEach (<anonymous>)
      at Object.__fire (src/components/map/useWebGLGuardrail.ratingBandLoss.test.js:40:42)
      at driveFrames (src/components/map/useWebGLGuardrail.ratingBandLoss.test.js:64:59)
      at tripped (src/components/map/useWebGLGuardrail.ratingBandLoss.test.js:213:5)
      at Object.<anonymous> (src/components/map/useWebGLGuardrail.ratingBandLoss.test.js:230:30)

    console.warn
      [WebGLGuardrail] Warning: MapWebGL render FPS dropped below 20: 1 FPS

      110 |     const originalWarn = console.warn;
      111 |     console.warn = (...args) => {
    > 112 |       originalWarn.apply(console, args);
          |                    ^
      113 |       try {
      114 |         if (cannotMatch(args)) return;
      115 |         const msg = args.join(' ');

      at console.warn (src/components/map/WeatherTelemetry.js:112:20)
      at f (src/components/map/useWebGLGuardrail.js:195:19)
      at forEach (src/components/map/useWebGLGuardrail.ratingBandLoss.test.js:40:57)
          at Array.forEach (<anonymous>)
      at Object.__fire (src/components/map/useWebGLGuardrail.ratingBandLoss.test.js:40:42)
      at driveFrames (src/components/map/useWebGLGuardrail.ratingBandLoss.test.js:64:59)
      at tripped (src/components/map/useWebGLGuardrail.ratingBandLoss.test.js:213:5)
      at Object.<anonymous> (src/components/map/useWebGLGuardrail.ratingBandLoss.test.js:230:30)

    console.warn
      [WebGLGuardrail] Warning: MapWebGL render FPS dropped below 20: 1 FPS

      110 |     const originalWarn = console.warn;
      111 |     console.warn = (...args) => {
    > 112 |       originalWarn.apply(console, args);
          |                    ^
      113 |       try {
      114 |         if (cannotMatch(args)) return;
      115 |         const msg = args.join(' ');

      at console.warn (src/components/map/WeatherTelemetry.js:112:20)
      at f (src/components/map/useWebGLGuardrail.js:195:19)
      at forEach (src/components/map/useWebGLGuardrail.ratingBandLoss.test.js:40:57)
          at Array.forEach (<anonymous>)
      at Object.__fire (src/components/map/useWebGLGuardrail.ratingBandLoss.test.js:40:42)
      at driveFrames (src/components/map/useWebGLGuardrail.ratingBandLoss.test.js:64:59)
      at tripped (src/components/map/useWebGLGuardrail.ratingBandLoss.test.js:213:5)
      at Object.<anonymous> (src/components/map/useWebGLGuardrail.ratingBandLoss.test.js:230:30)

    console.warn
      [WebGLGuardrail] Warning: MapWebGL render FPS dropped below 20: 1 FPS

      110 |     const originalWarn = console.warn;
      111 |     console.warn = (...args) => {
    > 112 |       originalWarn.apply(console, args);
          |                    ^
      113 |       try {
      114 |         if (cannotMatch(args)) return;
      115 |         const msg = args.join(' ');

      at console.warn (src/components/map/WeatherTelemetry.js:112:20)
      at f (src/components/map/useWebGLGuardrail.js:195:19)
      at forEach (src/components/map/useWebGLGuardrail.ratingBandLoss.test.js:40:57)
          at Array.forEach (<anonymous>)
      at Object.__fire (src/components/map/useWebGLGuardrail.ratingBandLoss.test.js:40:42)
      at driveFrames (src/components/map/useWebGLGuardrail.ratingBandLoss.test.js:64:59)
      at tripped (src/components/map/useWebGLGuardrail.ratingBandLoss.test.js:213:5)
      at Object.<anonymous> (src/components/map/useWebGLGuardrail.ratingBandLoss.test.js:230:30)

    console.warn
      [WebGLGuardrail] Warning: MapWebGL render FPS dropped below 20: 1 FPS

      110 |     const originalWarn = console.warn;
      111 |     console.warn = (...args) => {
    > 112 |       originalWarn.apply(console, args);
          |                    ^
      113 |       try {
      114 |         if (cannotMatch(args)) return;
      115 |         const msg = args.join(' ');

      at console.warn (src/components/map/WeatherTelemetry.js:112:20)
      at f (src/components/map/useWebGLGuardrail.js:195:19)
      at forEach (src/components/map/useWebGLGuardrail.ratingBandLoss.test.js:40:57)
          at Array.forEach (<anonymous>)
      at Object.__fire (src/components/map/useWebGLGuardrail.ratingBandLoss.test.js:40:42)
      at driveFrames (src/components/map/useWebGLGuardrail.ratingBandLoss.test.js:64:59)
      at tripped (src/components/map/useWebGLGuardrail.ratingBandLoss.test.js:213:5)
      at Object.<anonymous> (src/components/map/useWebGLGuardrail.ratingBandLoss.test.js:230:30)

    console.warn
      [WebGLGuardrail] Warning: MapWebGL render FPS dropped below 20: 1 FPS

      110 |     const originalWarn = console.warn;
      111 |     console.warn = (...args) => {
    > 112 |       originalWarn.apply(console, args);
          |                    ^
      113 |       try {
      114 |         if (cannotMatch(args)) return;
      115 |         const msg = args.join(' ');

      at console.warn (src/components/map/WeatherTelemetry.js:112:20)
      at f (src/components/map/useWebGLGuardrail.js:195:19)
      at forEach (src/components/map/useWebGLGuardrail.ratingBandLoss.test.js:40:57)
          at Array.forEach (<anonymous>)
      at Object.__fire (src/components/map/useWebGLGuardrail.ratingBandLoss.test.js:40:42)
      at driveFrames (src/components/map/useWebGLGuardrail.ratingBandLoss.test.js:64:59)
      at tripped (src/components/map/useWebGLGuardrail.ratingBandLoss.test.js:213:5)
      at Object.<anonymous> (src/components/map/useWebGLGuardrail.ratingBandLoss.test.js:230:30)

    console.warn
      [WebGLGuardrail] Warning: MapWebGL render FPS dropped below 20: 1 FPS

      110 |     const originalWarn = console.warn;
      111 |     console.warn = (...args) => {
    > 112 |       originalWarn.apply(console, args);
          |                    ^
      113 |       try {
      114 |         if (cannotMatch(args)) return;
      115 |         const msg = args.join(' ');

      at console.warn (src/components/map/WeatherTelemetry.js:112:20)
      at f (src/components/map/useWebGLGuardrail.js:195:19)
      at forEach (src/components/map/useWebGLGuardrail.ratingBandLoss.test.js:40:57)
          at Array.forEach (<anonymous>)
      at Object.__fire (src/components/map/useWebGLGuardrail.ratingBandLoss.test.js:40:42)
      at driveFrames (src/components/map/useWebGLGuardrail.ratingBandLoss.test.js:64:59)
      at tripped (src/components/map/useWebGLGuardrail.ratingBandLoss.test.js:213:5)
      at Object.<anonymous> (src/components/map/useWebGLGuardrail.ratingBandLoss.test.js:230:30)

    console.warn
      [WebGLGuardrail] Warning: MapWebGL render FPS dropped below 20: 1 FPS

      110 |     const originalWarn = console.warn;
      111 |     console.warn = (...args) => {
    > 112 |       originalWarn.apply(console, args);
          |                    ^
      113 |       try {
      114 |         if (cannotMatch(args)) return;
      115 |         const msg = args.join(' ');

      at console.warn (src/components/map/WeatherTelemetry.js:112:20)
      at f (src/components/map/useWebGLGuardrail.js:195:19)
      at forEach (src/components/map/useWebGLGuardrail.ratingBandLoss.test.js:40:57)
          at Array.forEach (<anonymous>)
      at Object.__fire (src/components/map/useWebGLGuardrail.ratingBandLoss.test.js:40:42)
      at driveFrames (src/components/map/useWebGLGuardrail.ratingBandLoss.test.js:64:59)
      at tripped (src/components/map/useWebGLGuardrail.ratingBandLoss.test.js:213:5)
      at Object.<anonymous> (src/components/map/useWebGLGuardrail.ratingBandLoss.test.js:230:30)

    console.warn
      [WebGLGuardrail] Warning: MapWebGL render FPS dropped below 20: 1 FPS

      110 |     const originalWarn = console.warn;
      111 |     console.warn = (...args) => {
    > 112 |       originalWarn.apply(console, args);
          |                    ^
      113 |       try {
      114 |         if (cannotMatch(args)) return;
      115 |         const msg = args.join(' ');

      at console.warn (src/components/map/WeatherTelemetry.js:112:20)
      at f (src/components/map/useWebGLGuardrail.js:195:19)
      at forEach (src/components/map/useWebGLGuardrail.ratingBandLoss.test.js:40:57)
          at Array.forEach (<anonymous>)
      at Object.__fire (src/components/map/useWebGLGuardrail.ratingBandLoss.test.js:40:42)
      at driveFrames (src/components/map/useWebGLGuardrail.ratingBandLoss.test.js:64:59)
      at tripped (src/components/map/useWebGLGuardrail.ratingBandLoss.test.js:213:5)
      at Object.<anonymous> (src/components/map/useWebGLGuardrail.ratingBandLoss.test.js:230:30)

    console.error
      [WebGLGuardrail] Frame rate consistently below 20 FPS (1 FPS) for 12 consecutive seconds. Triggering local rendering fallback overrides.

      18 |   console.error = (...args) => {
      19 |     if (typeof args[0] === 'string' && args[0].includes('act(')) return;
    > 20 |     originalError.call(console, ...args);
         |                   ^
      21 |   };
      22 | });
      23 |

      at console.error (src/setupTests.js:20:19)
      at f (src/components/map/useWebGLGuardrail.js:206:21)
      at forEach (src/components/map/useWebGLGuardrail.ratingBandLoss.test.js:40:57)
          at Array.forEach (<anonymous>)
      at Object.__fire (src/components/map/useWebGLGuardrail.ratingBandLoss.test.js:40:42)
      at driveFrames (src/components/map/useWebGLGuardrail.ratingBandLoss.test.js:64:59)
      at tripped (src/components/map/useWebGLGuardrail.ratingBandLoss.test.js:213:5)
      at Object.<anonymous> (src/components/map/useWebGLGuardrail.ratingBandLoss.test.js:230:30)

    console.warn
      [WebGLGuardrail] Triggering fallback override for WebGL Marine layer

      110 |     const originalWarn = console.warn;
      111 |     console.warn = (...args) => {
    > 112 |       originalWarn.apply(console, args);
          |                    ^
      113 |       try {
      114 |         if (cannotMatch(args)) return;
      115 |         const msg = args.join(' ');

      at console.warn (src/components/map/WeatherTelemetry.js:112:20)
      at f (src/components/map/useWebGLGuardrail.js:209:23)
      at forEach (src/components/map/useWebGLGuardrail.ratingBandLoss.test.js:40:57)
          at Array.forEach (<anonymous>)
      at Object.__fire (src/components/map/useWebGLGuardrail.ratingBandLoss.test.js:40:42)
      at driveFrames (src/components/map/useWebGLGuardrail.ratingBandLoss.test.js:64:59)
      at tripped (src/components/map/useWebGLGuardrail.ratingBandLoss.test.js:213:5)
      at Object.<anonymous> (src/components/map/useWebGLGuardrail.ratingBandLoss.test.js:230:30)

    console.warn
      [WebGLGuardrail] Warning: MapWebGL render FPS dropped below 20: 1 FPS

      110 |     const originalWarn = console.warn;
      111 |     console.warn = (...args) => {
    > 112 |       originalWarn.apply(console, args);
          |                    ^
      113 |       try {
      114 |         if (cannotMatch(args)) return;
      115 |         const msg = args.join(' ');

      at console.warn (src/components/map/WeatherTelemetry.js:112:20)
      at f (src/components/map/useWebGLGuardrail.js:195:19)
      at forEach (src/components/map/useWebGLGuardrail.ratingBandLoss.test.js:40:57)
          at Array.forEach (<anonymous>)
      at Object.__fire (src/components/map/useWebGLGuardrail.ratingBandLoss.test.js:40:42)
      at driveFrames (src/components/map/useWebGLGuardrail.ratingBandLoss.test.js:64:59)
      at tripped (src/components/map/useWebGLGuardrail.ratingBandLoss.test.js:213:5)
      at Object.<anonymous> (src/components/map/useWebGLGuardrail.ratingBandLoss.test.js:230:30)

    console.warn
      [WebGLGuardrail] Warning: MapWebGL render FPS dropped below 20: 1 FPS

      110 |     const originalWarn = console.warn;
      111 |     console.warn = (...args) => {
    > 112 |       originalWarn.apply(console, args);
          |                    ^
      113 |       try {
      114 |         if (cannotMatch(args)) return;
      115 |         const msg = args.join(' ');

      at console.warn (src/components/map/WeatherTelemetry.js:112:20)
      at f (src/components/map/useWebGLGuardrail.js:195:19)
      at forEach (src/components/map/useWebGLGuardrail.ratingBandLoss.test.js:40:57)
          at Array.forEach (<anonymous>)
      at Object.__fire (src/components/map/useWebGLGuardrail.ratingBandLoss.test.js:40:42)
      at driveFrames (src/components/map/useWebGLGuardrail.ratingBandLoss.test.js:64:59)
      at tripped (src/components/map/useWebGLGuardrail.ratingBandLoss.test.js:213:5)
      at Object.<anonymous> (src/components/map/useWebGLGuardrail.ratingBandLoss.test.js:230:30)

    console.warn
      [WebGLGuardrail] Warning: MapWebGL render FPS dropped below 20: 1 FPS

      110 |     const originalWarn = console.warn;
      111 |     console.warn = (...args) => {
    > 112 |       originalWarn.apply(console, args);
          |                    ^
      113 |       try {
      114 |         if (cannotMatch(args)) return;
      115 |         const msg = args.join(' ');

      at console.warn (src/components/map/WeatherTelemetry.js:112:20)
      at f (src/components/map/useWebGLGuardrail.js:195:19)
      at forEach (src/components/map/useWebGLGuardrail.ratingBandLoss.test.js:40:57)
          at Array.forEach (<anonymous>)
      at Object.__fire (src/components/map/useWebGLGuardrail.ratingBandLoss.test.js:40:42)
      at driveFrames (src/components/map/useWebGLGuardrail.ratingBandLoss.test.js:64:59)
      at tripped (src/components/map/useWebGLGuardrail.ratingBandLoss.test.js:213:5)
      at Object.<anonymous> (src/components/map/useWebGLGuardrail.ratingBandLoss.test.js:230:30)

    console.warn
      [WebGLGuardrail] Warning: MapWebGL render FPS dropped below 20: 1 FPS

      110 |     const originalWarn = console.warn;
      111 |     console.warn = (...args) => {
    > 112 |       originalWarn.apply(console, args);
          |                    ^
      113 |       try {
      114 |         if (cannotMatch(args)) return;
      115 |         const msg = args.join(' ');

      at console.warn (src/components/map/WeatherTelemetry.js:112:20)
      at f (src/components/map/useWebGLGuardrail.js:195:19)
      at forEach (src/components/map/useWebGLGuardrail.ratingBandLoss.test.js:40:57)
          at Array.forEach (<anonymous>)
      at Object.__fire (src/components/map/useWebGLGuardrail.ratingBandLoss.test.js:40:42)
      at driveFrames (src/components/map/useWebGLGuardrail.ratingBandLoss.test.js:64:59)
      at tripped (src/components/map/useWebGLGuardrail.ratingBandLoss.test.js:213:5)
      at Object.<anonymous> (src/components/map/useWebGLGuardrail.ratingBandLoss.test.js:230:30)

    console.warn
      [WebGLGuardrail] Warning: MapWebGL render FPS dropped below 20: 1 FPS

      110 |     const originalWarn = console.warn;
      111 |     console.warn = (...args) => {
    > 112 |       originalWarn.apply(console, args);
          |                    ^
      113 |       try {
      114 |         if (cannotMatch(args)) return;
      115 |         const msg = args.join(' ');

      at console.warn (src/components/map/WeatherTelemetry.js:112:20)
      at f (src/components/map/useWebGLGuardrail.js:195:19)
      at forEach (src/components/map/useWebGLGuardrail.ratingBandLoss.test.js:40:57)
          at Array.forEach (<anonymous>)
      at Object.__fire (src/components/map/useWebGLGuardrail.ratingBandLoss.test.js:40:42)
      at driveFrames (src/components/map/useWebGLGuardrail.ratingBandLoss.test.js:64:59)
      at tripped (src/components/map/useWebGLGuardrail.ratingBandLoss.test.js:213:5)
      at Object.<anonymous> (src/components/map/useWebGLGuardrail.ratingBandLoss.test.js:230:30)

    console.warn
      [WebGLGuardrail] Warning: MapWebGL render FPS dropped below 20: 1 FPS

      110 |     const originalWarn = console.warn;
      111 |     console.warn = (...args) => {
    > 112 |       originalWarn.apply(console, args);
          |                    ^
      113 |       try {
      114 |         if (cannotMatch(args)) return;
      115 |         const msg = args.join(' ');

      at console.warn (src/components/map/WeatherTelemetry.js:112:20)
      at f (src/components/map/useWebGLGuardrail.js:195:19)
      at forEach (src/components/map/useWebGLGuardrail.ratingBandLoss.test.js:40:57)
          at Array.forEach (<anonymous>)
      at Object.__fire (src/components/map/useWebGLGuardrail.ratingBandLoss.test.js:40:42)
      at driveFrames (src/components/map/useWebGLGuardrail.ratingBandLoss.test.js:64:59)
      at tripped (src/components/map/useWebGLGuardrail.ratingBandLoss.test.js:213:5)
      at Object.<anonymous> (src/components/map/useWebGLGuardrail.ratingBandLoss.test.js:230:30)

    console.warn
      [WebGLGuardrail] Warning: MapWebGL render FPS dropped below 20: 1 FPS

      110 |     const originalWarn = console.warn;
      111 |     console.warn = (...args) => {
    > 112 |       originalWarn.apply(console, args);
          |                    ^
      113 |       try {
      114 |         if (cannotMatch(args)) return;
      115 |         const msg = args.join(' ');

      at console.warn (src/components/map/WeatherTelemetry.js:112:20)
      at f (src/components/map/useWebGLGuardrail.js:195:19)
      at forEach (src/components/map/useWebGLGuardrail.ratingBandLoss.test.js:40:57)
          at Array.forEach (<anonymous>)
      at Object.__fire (src/components/map/useWebGLGuardrail.ratingBandLoss.test.js:40:42)
      at driveFrames (src/components/map/useWebGLGuardrail.ratingBandLoss.test.js:64:59)
      at tripped (src/components/map/useWebGLGuardrail.ratingBandLoss.test.js:213:5)
      at Object.<anonymous> (src/components/map/useWebGLGuardrail.ratingBandLoss.test.js:230:30)

    console.warn
      [WebGLGuardrail] Warning: MapWebGL render FPS dropped below 20: 1 FPS

      110 |     const originalWarn = console.warn;
      111 |     console.warn = (...args) => {
    > 112 |       originalWarn.apply(console, args);
          |                    ^
      113 |       try {
      114 |         if (cannotMatch(args)) return;
      115 |         const msg = args.join(' ');

      at console.warn (src/components/map/WeatherTelemetry.js:112:20)
      at f (src/components/map/useWebGLGuardrail.js:195:19)
      at forEach (src/components/map/useWebGLGuardrail.ratingBandLoss.test.js:40:57)
          at Array.forEach (<anonymous>)
      at Object.__fire (src/components/map/useWebGLGuardrail.ratingBandLoss.test.js:40:42)
      at driveFrames (src/components/map/useWebGLGuardrail.ratingBandLoss.test.js:64:59)
      at tripped (src/components/map/useWebGLGuardrail.ratingBandLoss.test.js:213:5)
      at Object.<anonymous> (src/components/map/useWebGLGuardrail.ratingBandLoss.test.js:230:30)

    console.warn
      [WebGLGuardrail] Warning: MapWebGL render FPS dropped below 20: 1 FPS

      110 |     const originalWarn = console.warn;
      111 |     console.warn = (...args) => {
    > 112 |       originalWarn.apply(console, args);
          |                    ^
      113 |       try {
      114 |         if (cannotMatch(args)) return;
      115 |         const msg = args.join(' ');

      at console.warn (src/components/map/WeatherTelemetry.js:112:20)
      at f (src/components/map/useWebGLGuardrail.js:195:19)
      at forEach (src/components/map/useWebGLGuardrail.ratingBandLoss.test.js:40:57)
          at Array.forEach (<anonymous>)
      at Object.__fire (src/components/map/useWebGLGuardrail.ratingBandLoss.test.js:40:42)
      at driveFrames (src/components/map/useWebGLGuardrail.ratingBandLoss.test.js:64:59)
      at tripped (src/components/map/useWebGLGuardrail.ratingBandLoss.test.js:213:5)
      at Object.<anonymous> (src/components/map/useWebGLGuardrail.ratingBandLoss.test.js:230:30)

    console.warn
      [WebGLGuardrail] Warning: MapWebGL render FPS dropped below 20: 1 FPS

      110 |     const originalWarn = console.warn;
      111 |     console.warn = (...args) => {
    > 112 |       originalWarn.apply(console, args);
          |                    ^
      113 |       try {
      114 |         if (cannotMatch(args)) return;
      115 |         const msg = args.join(' ');

      at console.warn (src/components/map/WeatherTelemetry.js:112:20)
      at f (src/components/map/useWebGLGuardrail.js:195:19)
      at forEach (src/components/map/useWebGLGuardrail.ratingBandLoss.test.js:40:57)
          at Array.forEach (<anonymous>)
      at Object.__fire (src/components/map/useWebGLGuardrail.ratingBandLoss.test.js:40:42)
      at driveFrames (src/components/map/useWebGLGuardrail.ratingBandLoss.test.js:64:59)
      at Object.<anonymous> (src/components/map/useWebGLGuardrail.ratingBandLoss.test.js:242:5)

    console.warn
      [WebGLGuardrail] Warning: MapWebGL render FPS dropped below 20: 1 FPS

      110 |     const originalWarn = console.warn;
      111 |     console.warn = (...args) => {
    > 112 |       originalWarn.apply(console, args);
          |                    ^
      113 |       try {
      114 |         if (cannotMatch(args)) return;
      115 |         const msg = args.join(' ');

      at console.warn (src/components/map/WeatherTelemetry.js:112:20)
      at f (src/components/map/useWebGLGuardrail.js:195:19)
      at forEach (src/components/map/useWebGLGuardrail.ratingBandLoss.test.js:40:57)
          at Array.forEach (<anonymous>)
      at Object.__fire (src/components/map/useWebGLGuardrail.ratingBandLoss.test.js:40:42)
      at driveFrames (src/components/map/useWebGLGuardrail.ratingBandLoss.test.js:64:59)
      at Object.<anonymous> (src/components/map/useWebGLGuardrail.ratingBandLoss.test.js:242:5)

    console.warn
      [WebGLGuardrail] Warning: MapWebGL render FPS dropped below 20: 1 FPS

      110 |     const originalWarn = console.warn;
      111 |     console.warn = (...args) => {
    > 112 |       originalWarn.apply(console, args);
          |                    ^
      113 |       try {
      114 |         if (cannotMatch(args)) return;
      115 |         const msg = args.join(' ');

      at console.warn (src/components/map/WeatherTelemetry.js:112:20)
      at f (src/components/map/useWebGLGuardrail.js:195:19)
      at forEach (src/components/map/useWebGLGuardrail.ratingBandLoss.test.js:40:57)
          at Array.forEach (<anonymous>)
      at Object.__fire (src/components/map/useWebGLGuardrail.ratingBandLoss.test.js:40:42)
      at driveFrames (src/components/map/useWebGLGuardrail.ratingBandLoss.test.js:64:59)
      at Object.<anonymous> (src/components/map/useWebGLGuardrail.ratingBandLoss.test.js:242:5)

    console.warn
      [WebGLGuardrail] Warning: MapWebGL render FPS dropped below 20: 1 FPS

      110 |     const originalWarn = console.warn;
      111 |     console.warn = (...args) => {
    > 112 |       originalWarn.apply(console, args);
          |                    ^
      113 |       try {
      114 |         if (cannotMatch(args)) return;
      115 |         const msg = args.join(' ');

      at console.warn (src/components/map/WeatherTelemetry.js:112:20)
      at f (src/components/map/useWebGLGuardrail.js:195:19)
      at forEach (src/components/map/useWebGLGuardrail.ratingBandLoss.test.js:40:57)
          at Array.forEach (<anonymous>)
      at Object.__fire (src/components/map/useWebGLGuardrail.ratingBandLoss.test.js:40:42)
      at driveFrames (src/components/map/useWebGLGuardrail.ratingBandLoss.test.js:64:59)
      at Object.<anonymous> (src/components/map/useWebGLGuardrail.ratingBandLoss.test.js:242:5)

    console.warn
      [WebGLGuardrail] Warning: MapWebGL render FPS dropped below 20: 1 FPS

      110 |     const originalWarn = console.warn;
      111 |     console.warn = (...args) => {
    > 112 |       originalWarn.apply(console, args);
          |                    ^
      113 |       try {
      114 |         if (cannotMatch(args)) return;
      115 |         const msg = args.join(' ');

      at console.warn (src/components/map/WeatherTelemetry.js:112:20)
      at f (src/components/map/useWebGLGuardrail.js:195:19)
      at forEach (src/components/map/useWebGLGuardrail.ratingBandLoss.test.js:40:57)
          at Array.forEach (<anonymous>)
      at Object.__fire (src/components/map/useWebGLGuardrail.ratingBandLoss.test.js:40:42)
      at driveFrames (src/components/map/useWebGLGuardrail.ratingBandLoss.test.js:64:59)
      at Object.<anonymous> (src/components/map/useWebGLGuardrail.ratingBandLoss.test.js:242:5)

    console.warn
      [WebGLGuardrail] Warning: MapWebGL render FPS dropped below 20: 1 FPS

      110 |     const originalWarn = console.warn;
      111 |     console.warn = (...args) => {
    > 112 |       originalWarn.apply(console, args);
          |                    ^
      113 |       try {
      114 |         if (cannotMatch(args)) return;
      115 |         const msg = args.join(' ');

      at console.warn (src/components/map/WeatherTelemetry.js:112:20)
      at f (src/components/map/useWebGLGuardrail.js:195:19)
      at forEach (src/components/map/useWebGLGuardrail.ratingBandLoss.test.js:40:57)
          at Array.forEach (<anonymous>)
      at Object.__fire (src/components/map/useWebGLGuardrail.ratingBandLoss.test.js:40:42)
      at driveFrames (src/components/map/useWebGLGuardrail.ratingBandLoss.test.js:64:59)
      at Object.<anonymous> (src/components/map/useWebGLGuardrail.ratingBandLoss.test.js:242:5)

    console.warn
      [WebGLGuardrail] Warning: MapWebGL render FPS dropped below 20: 1 FPS

      110 |     const originalWarn = console.warn;
      111 |     console.warn = (...args) => {
    > 112 |       originalWarn.apply(console, args);
          |                    ^
      113 |       try {
      114 |         if (cannotMatch(args)) return;
      115 |         const msg = args.join(' ');

      at console.warn (src/components/map/WeatherTelemetry.js:112:20)
      at f (src/components/map/useWebGLGuardrail.js:195:19)
      at forEach (src/components/map/useWebGLGuardrail.ratingBandLoss.test.js:40:57)
          at Array.forEach (<anonymous>)
      at Object.__fire (src/components/map/useWebGLGuardrail.ratingBandLoss.test.js:40:42)
      at driveFrames (src/components/map/useWebGLGuardrail.ratingBandLoss.test.js:64:59)
      at Object.<anonymous> (src/components/map/useWebGLGuardrail.ratingBandLoss.test.js:242:5)

    console.warn
      [WebGLGuardrail] Warning: MapWebGL render FPS dropped below 20: 1 FPS

      110 |     const originalWarn = console.warn;
      111 |     console.warn = (...args) => {
    > 112 |       originalWarn.apply(console, args);
          |                    ^
      113 |       try {
      114 |         if (cannotMatch(args)) return;
      115 |         const msg = args.join(' ');

      at console.warn (src/components/map/WeatherTelemetry.js:112:20)
      at f (src/components/map/useWebGLGuardrail.js:195:19)
      at forEach (src/components/map/useWebGLGuardrail.ratingBandLoss.test.js:40:57)
          at Array.forEach (<anonymous>)
      at Object.__fire (src/components/map/useWebGLGuardrail.ratingBandLoss.test.js:40:42)
      at driveFrames (src/components/map/useWebGLGuardrail.ratingBandLoss.test.js:64:59)
      at Object.<anonymous> (src/components/map/useWebGLGuardrail.ratingBandLoss.test.js:242:5)

    console.warn
      [WebGLGuardrail] Warning: MapWebGL render FPS dropped below 20: 1 FPS

      110 |     const originalWarn = console.warn;
      111 |     console.warn = (...args) => {
    > 112 |       originalWarn.apply(console, args);
          |                    ^
      113 |       try {
      114 |         if (cannotMatch(args)) return;
      115 |         const msg = args.join(' ');

      at console.warn (src/components/map/WeatherTelemetry.js:112:20)
      at f (src/components/map/useWebGLGuardrail.js:195:19)
      at forEach (src/components/map/useWebGLGuardrail.ratingBandLoss.test.js:40:57)
          at Array.forEach (<anonymous>)
      at Object.__fire (src/components/map/useWebGLGuardrail.ratingBandLoss.test.js:40:42)
      at driveFrames (src/components/map/useWebGLGuardrail.ratingBandLoss.test.js:64:59)
      at Object.<anonymous> (src/components/map/useWebGLGuardrail.ratingBandLoss.test.js:242:5)

    console.warn
      [WebGLGuardrail] Warning: MapWebGL render FPS dropped below 20: 1 FPS

      110 |     const originalWarn = console.warn;
      111 |     console.warn = (...args) => {
    > 112 |       originalWarn.apply(console, args);
          |                    ^
      113 |       try {
      114 |         if (cannotMatch(args)) return;
      115 |         const msg = args.join(' ');

      at console.warn (src/components/map/WeatherTelemetry.js:112:20)
      at f (src/components/map/useWebGLGuardrail.js:195:19)
      at forEach (src/components/map/useWebGLGuardrail.ratingBandLoss.test.js:40:57)
          at Array.forEach (<anonymous>)
      at Object.__fire (src/components/map/useWebGLGuardrail.ratingBandLoss.test.js:40:42)
      at driveFrames (src/components/map/useWebGLGuardrail.ratingBandLoss.test.js:64:59)
      at Object.<anonymous> (src/components/map/useWebGLGuardrail.ratingBandLoss.test.js:242:5)

    console.warn
      [WebGLGuardrail] Warning: MapWebGL render FPS dropped below 20: 1 FPS

      110 |     const originalWarn = console.warn;
      111 |     console.warn = (...args) => {
    > 112 |       originalWarn.apply(console, args);
          |                    ^
      113 |       try {
      114 |         if (cannotMatch(args)) return;
      115 |         const msg = args.join(' ');

      at console.warn (src/components/map/WeatherTelemetry.js:112:20)
      at f (src/components/map/useWebGLGuardrail.js:195:19)
      at forEach (src/components/map/useWebGLGuardrail.ratingBandLoss.test.js:40:57)
          at Array.forEach (<anonymous>)
      at Object.__fire (src/components/map/useWebGLGuardrail.ratingBandLoss.test.js:40:42)
      at driveFrames (src/components/map/useWebGLGuardrail.ratingBandLoss.test.js:64:59)
      at Object.<anonymous> (src/components/map/useWebGLGuardrail.ratingBandLoss.test.js:242:5)

    console.warn
      [WebGLGuardrail] Warning: MapWebGL render FPS dropped below 20: 1 FPS

      110 |     const originalWarn = console.warn;
      111 |     console.warn = (...args) => {
    > 112 |       originalWarn.apply(console, args);
          |                    ^
      113 |       try {
      114 |         if (cannotMatch(args)) return;
      115 |         const msg = args.join(' ');

      at console.warn (src/components/map/WeatherTelemetry.js:112:20)
      at f (src/components/map/useWebGLGuardrail.js:195:19)
      at forEach (src/components/map/useWebGLGuardrail.ratingBandLoss.test.js:40:57)
          at Array.forEach (<anonymous>)
      at Object.__fire (src/components/map/useWebGLGuardrail.ratingBandLoss.test.js:40:42)
      at driveFrames (src/components/map/useWebGLGuardrail.ratingBandLoss.test.js:64:59)
      at Object.<anonymous> (src/components/map/useWebGLGuardrail.ratingBandLoss.test.js:242:5)

    console.error
      [WebGLGuardrail] Frame rate consistently below 20 FPS (1 FPS) for 12 consecutive seconds. Triggering local rendering fallback overrides.

      18 |   console.error = (...args) => {
      19 |     if (typeof args[0] === 'string' && args[0].includes('act(')) return;
    > 20 |     originalError.call(console, ...args);
         |                   ^
      21 |   };
      22 | });
      23 |

      at console.error (src/setupTests.js:20:19)
      at f (src/components/map/useWebGLGuardrail.js:206:21)
      at forEach (src/components/map/useWebGLGuardrail.ratingBandLoss.test.js:40:57)
          at Array.forEach (<anonymous>)
      at Object.__fire (src/components/map/useWebGLGuardrail.ratingBandLoss.test.js:40:42)
      at driveFrames (src/components/map/useWebGLGuardrail.ratingBandLoss.test.js:64:59)
      at Object.<anonymous> (src/components/map/useWebGLGuardrail.ratingBandLoss.test.js:242:5)

    console.warn
      [WebGLGuardrail] Triggering fallback override for WebGL Marine layer

      110 |     const originalWarn = console.warn;
      111 |     console.warn = (...args) => {
    > 112 |       originalWarn.apply(console, args);
          |                    ^
      113 |       try {
      114 |         if (cannotMatch(args)) return;
      115 |         const msg = args.join(' ');

      at console.warn (src/components/map/WeatherTelemetry.js:112:20)
      at f (src/components/map/useWebGLGuardrail.js:209:23)
      at forEach (src/components/map/useWebGLGuardrail.ratingBandLoss.test.js:40:57)
          at Array.forEach (<anonymous>)
      at Object.__fire (src/components/map/useWebGLGuardrail.ratingBandLoss.test.js:40:42)
      at driveFrames (src/components/map/useWebGLGuardrail.ratingBandLoss.test.js:64:59)
      at Object.<anonymous> (src/components/map/useWebGLGuardrail.ratingBandLoss.test.js:242:5)

    console.warn
      [WebGLGuardrail] Warning: MapWebGL render FPS dropped below 20: 1 FPS

      110 |     const originalWarn = console.warn;
      111 |     console.warn = (...args) => {
    > 112 |       originalWarn.apply(console, args);
          |                    ^
      113 |       try {
      114 |         if (cannotMatch(args)) return;
      115 |         const msg = args.join(' ');

      at console.warn (src/components/map/WeatherTelemetry.js:112:20)
      at f (src/components/map/useWebGLGuardrail.js:195:19)
      at forEach (src/components/map/useWebGLGuardrail.ratingBandLoss.test.js:40:57)
          at Array.forEach (<anonymous>)
      at Object.__fire (src/components/map/useWebGLGuardrail.ratingBandLoss.test.js:40:42)
      at driveFrames (src/components/map/useWebGLGuardrail.ratingBandLoss.test.js:64:59)
      at Object.<anonymous> (src/components/map/useWebGLGuardrail.ratingBandLoss.test.js:242:5)

    console.warn
      [WebGLGuardrail] Warning: MapWebGL render FPS dropped below 20: 1 FPS

      110 |     const originalWarn = console.warn;
      111 |     console.warn = (...args) => {
    > 112 |       originalWarn.apply(console, args);
          |                    ^
      113 |       try {
      114 |         if (cannotMatch(args)) return;
      115 |         const msg = args.join(' ');

      at console.warn (src/components/map/WeatherTelemetry.js:112:20)
      at f (src/components/map/useWebGLGuardrail.js:195:19)
      at forEach (src/components/map/useWebGLGuardrail.ratingBandLoss.test.js:40:57)
          at Array.forEach (<anonymous>)
      at Object.__fire (src/components/map/useWebGLGuardrail.ratingBandLoss.test.js:40:42)
      at driveFrames (src/components/map/useWebGLGuardrail.ratingBandLoss.test.js:64:59)
      at Object.<anonymous> (src/components/map/useWebGLGuardrail.ratingBandLoss.test.js:242:5)

    console.warn
      [WebGLGuardrail] Warning: MapWebGL render FPS dropped below 20: 1 FPS

      110 |     const originalWarn = console.warn;
      111 |     console.warn = (...args) => {
    > 112 |       originalWarn.apply(console, args);
          |                    ^
      113 |       try {
      114 |         if (cannotMatch(args)) return;
      115 |         const msg = args.join(' ');

      at console.warn (src/components/map/WeatherTelemetry.js:112:20)
      at f (src/components/map/useWebGLGuardrail.js:195:19)
      at forEach (src/components/map/useWebGLGuardrail.ratingBandLoss.test.js:40:57)
          at Array.forEach (<anonymous>)
      at Object.__fire (src/components/map/useWebGLGuardrail.ratingBandLoss.test.js:40:42)
      at driveFrames (src/components/map/useWebGLGuardrail.ratingBandLoss.test.js:64:59)
      at Object.<anonymous> (src/components/map/useWebGLGuardrail.ratingBandLoss.test.js:242:5)

    console.warn
      [WebGLGuardrail] Warning: MapWebGL render FPS dropped below 20: 1 FPS

      110 |     const originalWarn = console.warn;
      111 |     console.warn = (...args) => {
    > 112 |       originalWarn.apply(console, args);
          |                    ^
      113 |       try {
      114 |         if (cannotMatch(args)) return;
      115 |         const msg = args.join(' ');

      at console.warn (src/components/map/WeatherTelemetry.js:112:20)
      at f (src/components/map/useWebGLGuardrail.js:195:19)
      at forEach (src/components/map/useWebGLGuardrail.ratingBandLoss.test.js:40:57)
          at Array.forEach (<anonymous>)
      at Object.__fire (src/components/map/useWebGLGuardrail.ratingBandLoss.test.js:40:42)
      at driveFrames (src/components/map/useWebGLGuardrail.ratingBandLoss.test.js:64:59)
      at Object.<anonymous> (src/components/map/useWebGLGuardrail.ratingBandLoss.test.js:242:5)

    console.warn
      [WebGLGuardrail] Warning: MapWebGL render FPS dropped below 20: 1 FPS

      110 |     const originalWarn = console.warn;
      111 |     console.warn = (...args) => {
    > 112 |       originalWarn.apply(console, args);
          |                    ^
      113 |       try {
      114 |         if (cannotMatch(args)) return;
      115 |         const msg = args.join(' ');

      at console.warn (src/components/map/WeatherTelemetry.js:112:20)
      at f (src/components/map/useWebGLGuardrail.js:195:19)
      at forEach (src/components/map/useWebGLGuardrail.ratingBandLoss.test.js:40:57)
          at Array.forEach (<anonymous>)
      at Object.__fire (src/components/map/useWebGLGuardrail.ratingBandLoss.test.js:40:42)
      at driveFrames (src/components/map/useWebGLGuardrail.ratingBandLoss.test.js:64:59)
      at Object.<anonymous> (src/components/map/useWebGLGuardrail.ratingBandLoss.test.js:242:5)

    console.warn
      [WebGLGuardrail] Warning: MapWebGL render FPS dropped below 20: 1 FPS

      110 |     const originalWarn = console.warn;
      111 |     console.warn = (...args) => {
    > 112 |       originalWarn.apply(console, args);
          |                    ^
      113 |       try {
      114 |         if (cannotMatch(args)) return;
      115 |         const msg = args.join(' ');

      at console.warn (src/components/map/WeatherTelemetry.js:112:20)
      at f (src/components/map/useWebGLGuardrail.js:195:19)
      at forEach (src/components/map/useWebGLGuardrail.ratingBandLoss.test.js:40:57)
          at Array.forEach (<anonymous>)
      at Object.__fire (src/components/map/useWebGLGuardrail.ratingBandLoss.test.js:40:42)
      at driveFrames (src/components/map/useWebGLGuardrail.ratingBandLoss.test.js:64:59)
      at Object.<anonymous> (src/components/map/useWebGLGuardrail.ratingBandLoss.test.js:242:5)

    console.warn
      [WebGLGuardrail] Warning: MapWebGL render FPS dropped below 20: 1 FPS

      110 |     const originalWarn = console.warn;
      111 |     console.warn = (...args) => {
    > 112 |       originalWarn.apply(console, args);
          |                    ^
      113 |       try {
      114 |         if (cannotMatch(args)) return;
      115 |         const msg = args.join(' ');

      at console.warn (src/components/map/WeatherTelemetry.js:112:20)
      at f (src/components/map/useWebGLGuardrail.js:195:19)
      at forEach (src/components/map/useWebGLGuardrail.ratingBandLoss.test.js:40:57)
          at Array.forEach (<anonymous>)
      at Object.__fire (src/components/map/useWebGLGuardrail.ratingBandLoss.test.js:40:42)
      at driveFrames (src/components/map/useWebGLGuardrail.ratingBandLoss.test.js:64:59)
      at Object.<anonymous> (src/components/map/useWebGLGuardrail.ratingBandLoss.test.js:242:5)

    console.warn
      [WebGLGuardrail] Warning: MapWebGL render FPS dropped below 20: 1 FPS

      110 |     const originalWarn = console.warn;
      111 |     console.warn = (...args) => {
    > 112 |       originalWarn.apply(console, args);
          |                    ^
      113 |       try {
      114 |         if (cannotMatch(args)) return;
      115 |         const msg = args.join(' ');

      at console.warn (src/components/map/WeatherTelemetry.js:112:20)
      at f (src/components/map/useWebGLGuardrail.js:195:19)
      at forEach (src/components/map/useWebGLGuardrail.ratingBandLoss.test.js:40:57)
          at Array.forEach (<anonymous>)
      at Object.__fire (src/components/map/useWebGLGuardrail.ratingBandLoss.test.js:40:42)
      at driveFrames (src/components/map/useWebGLGuardrail.ratingBandLoss.test.js:64:59)
      at Object.<anonymous> (src/components/map/useWebGLGuardrail.ratingBandLoss.test.js:242:5)

    console.warn
      [WebGLGuardrail] Warning: MapWebGL render FPS dropped below 20: 1 FPS

      110 |     const originalWarn = console.warn;
      111 |     console.warn = (...args) => {
    > 112 |       originalWarn.apply(console, args);
          |                    ^
      113 |       try {
      114 |         if (cannotMatch(args)) return;
      115 |         const msg = args.join(' ');

      at console.warn (src/components/map/WeatherTelemetry.js:112:20)
      at f (src/components/map/useWebGLGuardrail.js:195:19)
      at forEach (src/components/map/useWebGLGuardrail.ratingBandLoss.test.js:40:57)
          at Array.forEach (<anonymous>)
      at Object.__fire (src/components/map/useWebGLGuardrail.ratingBandLoss.test.js:40:42)
      at driveFrames (src/components/map/useWebGLGuardrail.ratingBandLoss.test.js:64:59)
      at Object.<anonymous> (src/components/map/useWebGLGuardrail.ratingBandLoss.test.js:242:5)

    console.warn
      [WebGLGuardrail] Warning: MapWebGL render FPS dropped below 20: 1 FPS

      110 |     const originalWarn = console.warn;
      111 |     console.warn = (...args) => {
    > 112 |       originalWarn.apply(console, args);
          |                    ^
      113 |       try {
      114 |         if (cannotMatch(args)) return;
      115 |         const msg = args.join(' ');

      at console.warn (src/components/map/WeatherTelemetry.js:112:20)
      at f (src/components/map/useWebGLGuardrail.js:195:19)
      at forEach (src/components/map/useWebGLGuardrail.ratingBandLoss.test.js:40:57)
          at Array.forEach (<anonymous>)
      at Object.__fire (src/components/map/useWebGLGuardrail.ratingBandLoss.test.js:40:42)
      at driveFrames (src/components/map/useWebGLGuardrail.ratingBandLoss.test.js:64:59)
      at tripped (src/components/map/useWebGLGuardrail.ratingBandLoss.test.js:213:5)
      at Object.<anonymous> (src/components/map/useWebGLGuardrail.ratingBandLoss.test.js:251:30)

    console.warn
      [WebGLGuardrail] Warning: MapWebGL render FPS dropped below 20: 1 FPS

      110 |     const originalWarn = console.warn;
      111 |     console.warn = (...args) => {
    > 112 |       originalWarn.apply(console, args);
          |                    ^
      113 |       try {
      114 |         if (cannotMatch(args)) return;
      115 |         const msg = args.join(' ');

      at console.warn (src/components/map/WeatherTelemetry.js:112:20)
      at f (src/components/map/useWebGLGuardrail.js:195:19)
      at forEach (src/components/map/useWebGLGuardrail.ratingBandLoss.test.js:40:57)
          at Array.forEach (<anonymous>)
      at Object.__fire (src/components/map/useWebGLGuardrail.ratingBandLoss.test.js:40:42)
      at driveFrames (src/components/map/useWebGLGuardrail.ratingBandLoss.test.js:64:59)
      at tripped (src/components/map/useWebGLGuardrail.ratingBandLoss.test.js:213:5)
      at Object.<anonymous> (src/components/map/useWebGLGuardrail.ratingBandLoss.test.js:251:30)

    console.warn
      [WebGLGuardrail] Warning: MapWebGL render FPS dropped below 20: 1 FPS

      110 |     const originalWarn = console.warn;
      111 |     console.warn = (...args) => {
    > 112 |       originalWarn.apply(console, args);
          |                    ^
      113 |       try {
      114 |         if (cannotMatch(args)) return;
      115 |         const msg = args.join(' ');

      at console.warn (src/components/map/WeatherTelemetry.js:112:20)
      at f (src/components/map/useWebGLGuardrail.js:195:19)
      at forEach (src/components/map/useWebGLGuardrail.ratingBandLoss.test.js:40:57)
          at Array.forEach (<anonymous>)
      at Object.__fire (src/components/map/useWebGLGuardrail.ratingBandLoss.test.js:40:42)
      at driveFrames (src/components/map/useWebGLGuardrail.ratingBandLoss.test.js:64:59)
      at tripped (src/components/map/useWebGLGuardrail.ratingBandLoss.test.js:213:5)
      at Object.<anonymous> (src/components/map/useWebGLGuardrail.ratingBandLoss.test.js:251:30)

    console.warn
      [WebGLGuardrail] Warning: MapWebGL render FPS dropped below 20: 1 FPS

      110 |     const originalWarn = console.warn;
      111 |     console.warn = (...args) => {
    > 112 |       originalWarn.apply(console, args);
          |                    ^
      113 |       try {
      114 |         if (cannotMatch(args)) return;
      115 |         const msg = args.join(' ');

      at console.warn (src/components/map/WeatherTelemetry.js:112:20)
      at f (src/components/map/useWebGLGuardrail.js:195:19)
      at forEach (src/components/map/useWebGLGuardrail.ratingBandLoss.test.js:40:57)
          at Array.forEach (<anonymous>)
      at Object.__fire (src/components/map/useWebGLGuardrail.ratingBandLoss.test.js:40:42)
      at driveFrames (src/components/map/useWebGLGuardrail.ratingBandLoss.test.js:64:59)
      at tripped (src/components/map/useWebGLGuardrail.ratingBandLoss.test.js:213:5)
      at Object.<anonymous> (src/components/map/useWebGLGuardrail.ratingBandLoss.test.js:251:30)

    console.warn
      [WebGLGuardrail] Warning: MapWebGL render FPS dropped below 20: 1 FPS

      110 |     const originalWarn = console.warn;
      111 |     console.warn = (...args) => {
    > 112 |       originalWarn.apply(console, args);
          |                    ^
      113 |       try {
      114 |         if (cannotMatch(args)) return;
      115 |         const msg = args.join(' ');

      at console.warn (src/components/map/WeatherTelemetry.js:112:20)
      at f (src/components/map/useWebGLGuardrail.js:195:19)
      at forEach (src/components/map/useWebGLGuardrail.ratingBandLoss.test.js:40:57)
          at Array.forEach (<anonymous>)
      at Object.__fire (src/components/map/useWebGLGuardrail.ratingBandLoss.test.js:40:42)
      at driveFrames (src/components/map/useWebGLGuardrail.ratingBandLoss.test.js:64:59)
      at tripped (src/components/map/useWebGLGuardrail.ratingBandLoss.test.js:213:5)
      at Object.<anonymous> (src/components/map/useWebGLGuardrail.ratingBandLoss.test.js:251:30)

    console.warn
      [WebGLGuardrail] Warning: MapWebGL render FPS dropped below 20: 1 FPS

      110 |     const originalWarn = console.warn;
      111 |     console.warn = (...args) => {
    > 112 |       originalWarn.apply(console, args);
          |                    ^
      113 |       try {
      114 |         if (cannotMatch(args)) return;
      115 |         const msg = args.join(' ');

      at console.warn (src/components/map/WeatherTelemetry.js:112:20)
      at f (src/components/map/useWebGLGuardrail.js:195:19)
      at forEach (src/components/map/useWebGLGuardrail.ratingBandLoss.test.js:40:57)
          at Array.forEach (<anonymous>)
      at Object.__fire (src/components/map/useWebGLGuardrail.ratingBandLoss.test.js:40:42)
      at driveFrames (src/components/map/useWebGLGuardrail.ratingBandLoss.test.js:64:59)
      at tripped (src/components/map/useWebGLGuardrail.ratingBandLoss.test.js:213:5)
      at Object.<anonymous> (src/components/map/useWebGLGuardrail.ratingBandLoss.test.js:251:30)

    console.warn
      [WebGLGuardrail] Warning: MapWebGL render FPS dropped below 20: 1 FPS

      110 |     const originalWarn = console.warn;
      111 |     console.warn = (...args) => {
    > 112 |       originalWarn.apply(console, args);
          |                    ^
      113 |       try {
      114 |         if (cannotMatch(args)) return;
      115 |         const msg = args.join(' ');

      at console.warn (src/components/map/WeatherTelemetry.js:112:20)
      at f (src/components/map/useWebGLGuardrail.js:195:19)
      at forEach (src/components/map/useWebGLGuardrail.ratingBandLoss.test.js:40:57)
          at Array.forEach (<anonymous>)
      at Object.__fire (src/components/map/useWebGLGuardrail.ratingBandLoss.test.js:40:42)
      at driveFrames (src/components/map/useWebGLGuardrail.ratingBandLoss.test.js:64:59)
      at tripped (src/components/map/useWebGLGuardrail.ratingBandLoss.test.js:213:5)
      at Object.<anonymous> (src/components/map/useWebGLGuardrail.ratingBandLoss.test.js:251:30)

    console.warn
      [WebGLGuardrail] Warning: MapWebGL render FPS dropped below 20: 1 FPS

      110 |     const originalWarn = console.warn;
      111 |     console.warn = (...args) => {
    > 112 |       originalWarn.apply(console, args);
          |                    ^
      113 |       try {
      114 |         if (cannotMatch(args)) return;
      115 |         const msg = args.join(' ');

      at console.warn (src/components/map/WeatherTelemetry.js:112:20)
      at f (src/components/map/useWebGLGuardrail.js:195:19)
      at forEach (src/components/map/useWebGLGuardrail.ratingBandLoss.test.js:40:57)
          at Array.forEach (<anonymous>)
      at Object.__fire (src/components/map/useWebGLGuardrail.ratingBandLoss.test.js:40:42)
      at driveFrames (src/components/map/useWebGLGuardrail.ratingBandLoss.test.js:64:59)
      at tripped (src/components/map/useWebGLGuardrail.ratingBandLoss.test.js:213:5)
      at Object.<anonymous> (src/components/map/useWebGLGuardrail.ratingBandLoss.test.js:251:30)

    console.warn
      [WebGLGuardrail] Warning: MapWebGL render FPS dropped below 20: 1 FPS

      110 |     const originalWarn = console.warn;
      111 |     console.warn = (...args) => {
    > 112 |       originalWarn.apply(console, args);
          |                    ^
      113 |       try {
      114 |         if (cannotMatch(args)) return;
      115 |         const msg = args.join(' ');

      at console.warn (src/components/map/WeatherTelemetry.js:112:20)
      at f (src/components/map/useWebGLGuardrail.js:195:19)
      at forEach (src/components/map/useWebGLGuardrail.ratingBandLoss.test.js:40:57)
          at Array.forEach (<anonymous>)
      at Object.__fire (src/components/map/useWebGLGuardrail.ratingBandLoss.test.js:40:42)
      at driveFrames (src/components/map/useWebGLGuardrail.ratingBandLoss.test.js:64:59)
      at tripped (src/components/map/useWebGLGuardrail.ratingBandLoss.test.js:213:5)
      at Object.<anonymous> (src/components/map/useWebGLGuardrail.ratingBandLoss.test.js:251:30)

    console.warn
      [WebGLGuardrail] Warning: MapWebGL render FPS dropped below 20: 1 FPS

      110 |     const originalWarn = console.warn;
      111 |     console.warn = (...args) => {
    > 112 |       originalWarn.apply(console, args);
          |                    ^
      113 |       try {
      114 |         if (cannotMatch(args)) return;
      115 |         const msg = args.join(' ');

      at console.warn (src/components/map/WeatherTelemetry.js:112:20)
      at f (src/components/map/useWebGLGuardrail.js:195:19)
      at forEach (src/components/map/useWebGLGuardrail.ratingBandLoss.test.js:40:57)
          at Array.forEach (<anonymous>)
      at Object.__fire (src/components/map/useWebGLGuardrail.ratingBandLoss.test.js:40:42)
      at driveFrames (src/components/map/useWebGLGuardrail.ratingBandLoss.test.js:64:59)
      at tripped (src/components/map/useWebGLGuardrail.ratingBandLoss.test.js:213:5)
      at Object.<anonymous> (src/components/map/useWebGLGuardrail.ratingBandLoss.test.js:251:30)

    console.warn
      [WebGLGuardrail] Warning: MapWebGL render FPS dropped below 20: 1 FPS

      110 |     const originalWarn = console.warn;
      111 |     console.warn = (...args) => {
    > 112 |       originalWarn.apply(console, args);
          |                    ^
      113 |       try {
      114 |         if (cannotMatch(args)) return;
      115 |         const msg = args.join(' ');

      at console.warn (src/components/map/WeatherTelemetry.js:112:20)
      at f (src/components/map/useWebGLGuardrail.js:195:19)
      at forEach (src/components/map/useWebGLGuardrail.ratingBandLoss.test.js:40:57)
          at Array.forEach (<anonymous>)
      at Object.__fire (src/components/map/useWebGLGuardrail.ratingBandLoss.test.js:40:42)
      at driveFrames (src/components/map/useWebGLGuardrail.ratingBandLoss.test.js:64:59)
      at tripped (src/components/map/useWebGLGuardrail.ratingBandLoss.test.js:213:5)
      at Object.<anonymous> (src/components/map/useWebGLGuardrail.ratingBandLoss.test.js:251:30)

    console.warn
      [WebGLGuardrail] Warning: MapWebGL render FPS dropped below 20: 1 FPS

      110 |     const originalWarn = console.warn;
      111 |     console.warn = (...args) => {
    > 112 |       originalWarn.apply(console, args);
          |                    ^
      113 |       try {
      114 |         if (cannotMatch(args)) return;
      115 |         const msg = args.join(' ');

      at console.warn (src/components/map/WeatherTelemetry.js:112:20)
      at f (src/components/map/useWebGLGuardrail.js:195:19)
      at forEach (src/components/map/useWebGLGuardrail.ratingBandLoss.test.js:40:57)
          at Array.forEach (<anonymous>)
      at Object.__fire (src/components/map/useWebGLGuardrail.ratingBandLoss.test.js:40:42)
      at driveFrames (src/components/map/useWebGLGuardrail.ratingBandLoss.test.js:64:59)
      at tripped (src/components/map/useWebGLGuardrail.ratingBandLoss.test.js:213:5)
      at Object.<anonymous> (src/components/map/useWebGLGuardrail.ratingBandLoss.test.js:251:30)

    console.error
      [WebGLGuardrail] Frame rate consistently below 20 FPS (1 FPS) for 12 consecutive seconds. Triggering local rendering fallback overrides.

      18 |   console.error = (...args) => {
      19 |     if (typeof args[0] === 'string' && args[0].includes('act(')) return;
    > 20 |     originalError.call(console, ...args);
         |                   ^
      21 |   };
      22 | });
      23 |

      at console.error (src/setupTests.js:20:19)
      at f (src/components/map/useWebGLGuardrail.js:206:21)
      at forEach (src/components/map/useWebGLGuardrail.ratingBandLoss.test.js:40:57)
          at Array.forEach (<anonymous>)
      at Object.__fire (src/components/map/useWebGLGuardrail.ratingBandLoss.test.js:40:42)
      at driveFrames (src/components/map/useWebGLGuardrail.ratingBandLoss.test.js:64:59)
      at tripped (src/components/map/useWebGLGuardrail.ratingBandLoss.test.js:213:5)
      at Object.<anonymous> (src/components/map/useWebGLGuardrail.ratingBandLoss.test.js:251:30)

    console.warn
      [WebGLGuardrail] Triggering fallback override for WebGL Marine layer

      110 |     const originalWarn = console.warn;
      111 |     console.warn = (...args) => {
    > 112 |       originalWarn.apply(console, args);
          |                    ^
      113 |       try {
      114 |         if (cannotMatch(args)) return;
      115 |         const msg = args.join(' ');

      at console.warn (src/components/map/WeatherTelemetry.js:112:20)
      at f (src/components/map/useWebGLGuardrail.js:209:23)
      at forEach (src/components/map/useWebGLGuardrail.ratingBandLoss.test.js:40:57)
          at Array.forEach (<anonymous>)
      at Object.__fire (src/components/map/useWebGLGuardrail.ratingBandLoss.test.js:40:42)
      at driveFrames (src/components/map/useWebGLGuardrail.ratingBandLoss.test.js:64:59)
      at tripped (src/components/map/useWebGLGuardrail.ratingBandLoss.test.js:213:5)
      at Object.<anonymous> (src/components/map/useWebGLGuardrail.ratingBandLoss.test.js:251:30)

    console.warn
      [WebGLGuardrail] Warning: MapWebGL render FPS dropped below 20: 1 FPS

      110 |     const originalWarn = console.warn;
      111 |     console.warn = (...args) => {
    > 112 |       originalWarn.apply(console, args);
          |                    ^
      113 |       try {
      114 |         if (cannotMatch(args)) return;
      115 |         const msg = args.join(' ');

      at console.warn (src/components/map/WeatherTelemetry.js:112:20)
      at f (src/components/map/useWebGLGuardrail.js:195:19)
      at forEach (src/components/map/useWebGLGuardrail.ratingBandLoss.test.js:40:57)
          at Array.forEach (<anonymous>)
      at Object.__fire (src/components/map/useWebGLGuardrail.ratingBandLoss.test.js:40:42)
      at driveFrames (src/components/map/useWebGLGuardrail.ratingBandLoss.test.js:64:59)
      at tripped (src/components/map/useWebGLGuardrail.ratingBandLoss.test.js:213:5)
      at Object.<anonymous> (src/components/map/useWebGLGuardrail.ratingBandLoss.test.js:251:30)

    console.warn
      [WebGLGuardrail] Warning: MapWebGL render FPS dropped below 20: 1 FPS

      110 |     const originalWarn = console.warn;
      111 |     console.warn = (...args) => {
    > 112 |       originalWarn.apply(console, args);
          |                    ^
      113 |       try {
      114 |         if (cannotMatch(args)) return;
      115 |         const msg = args.join(' ');

      at console.warn (src/components/map/WeatherTelemetry.js:112:20)
      at f (src/components/map/useWebGLGuardrail.js:195:19)
      at forEach (src/components/map/useWebGLGuardrail.ratingBandLoss.test.js:40:57)
          at Array.forEach (<anonymous>)
      at Object.__fire (src/components/map/useWebGLGuardrail.ratingBandLoss.test.js:40:42)
      at driveFrames (src/components/map/useWebGLGuardrail.ratingBandLoss.test.js:64:59)
      at tripped (src/components/map/useWebGLGuardrail.ratingBandLoss.test.js:213:5)
      at Object.<anonymous> (src/components/map/useWebGLGuardrail.ratingBandLoss.test.js:251:30)

    console.warn
      [WebGLGuardrail] Warning: MapWebGL render FPS dropped below 20: 1 FPS

      110 |     const originalWarn = console.warn;
      111 |     console.warn = (...args) => {
    > 112 |       originalWarn.apply(console, args);
          |                    ^
      113 |       try {
      114 |         if (cannotMatch(args)) return;
      115 |         const msg = args.join(' ');

      at console.warn (src/components/map/WeatherTelemetry.js:112:20)
      at f (src/components/map/useWebGLGuardrail.js:195:19)
      at forEach (src/components/map/useWebGLGuardrail.ratingBandLoss.test.js:40:57)
          at Array.forEach (<anonymous>)
      at Object.__fire (src/components/map/useWebGLGuardrail.ratingBandLoss.test.js:40:42)
      at driveFrames (src/components/map/useWebGLGuardrail.ratingBandLoss.test.js:64:59)
      at tripped (src/components/map/useWebGLGuardrail.ratingBandLoss.test.js:213:5)
      at Object.<anonymous> (src/components/map/useWebGLGuardrail.ratingBandLoss.test.js:251:30)

    console.warn
      [WebGLGuardrail] Warning: MapWebGL render FPS dropped below 20: 1 FPS

      110 |     const originalWarn = console.warn;
      111 |     console.warn = (...args) => {
    > 112 |       originalWarn.apply(console, args);
          |                    ^
      113 |       try {
      114 |         if (cannotMatch(args)) return;
      115 |         const msg = args.join(' ');

      at console.warn (src/components/map/WeatherTelemetry.js:112:20)
      at f (src/components/map/useWebGLGuardrail.js:195:19)
      at forEach (src/components/map/useWebGLGuardrail.ratingBandLoss.test.js:40:57)
          at Array.forEach (<anonymous>)
      at Object.__fire (src/components/map/useWebGLGuardrail.ratingBandLoss.test.js:40:42)
      at driveFrames (src/components/map/useWebGLGuardrail.ratingBandLoss.test.js:64:59)
      at tripped (src/components/map/useWebGLGuardrail.ratingBandLoss.test.js:213:5)
      at Object.<anonymous> (src/components/map/useWebGLGuardrail.ratingBandLoss.test.js:251:30)

    console.warn
      [WebGLGuardrail] Warning: MapWebGL render FPS dropped below 20: 1 FPS

      110 |     const originalWarn = console.warn;
      111 |     console.warn = (...args) => {
    > 112 |       originalWarn.apply(console, args);
          |                    ^
      113 |       try {
      114 |         if (cannotMatch(args)) return;
      115 |         const msg = args.join(' ');

      at console.warn (src/components/map/WeatherTelemetry.js:112:20)
      at f (src/components/map/useWebGLGuardrail.js:195:19)
      at forEach (src/components/map/useWebGLGuardrail.ratingBandLoss.test.js:40:57)
          at Array.forEach (<anonymous>)
      at Object.__fire (src/components/map/useWebGLGuardrail.ratingBandLoss.test.js:40:42)
      at driveFrames (src/components/map/useWebGLGuardrail.ratingBandLoss.test.js:64:59)
      at tripped (src/components/map/useWebGLGuardrail.ratingBandLoss.test.js:213:5)
      at Object.<anonymous> (src/components/map/useWebGLGuardrail.ratingBandLoss.test.js:251:30)

    console.warn
      [WebGLGuardrail] Warning: MapWebGL render FPS dropped below 20: 1 FPS

      110 |     const originalWarn = console.warn;
      111 |     console.warn = (...args) => {
    > 112 |       originalWarn.apply(console, args);
          |                    ^
      113 |       try {
      114 |         if (cannotMatch(args)) return;
      115 |         const msg = args.join(' ');

      at console.warn (src/components/map/WeatherTelemetry.js:112:20)
      at f (src/components/map/useWebGLGuardrail.js:195:19)
      at forEach (src/components/map/useWebGLGuardrail.ratingBandLoss.test.js:40:57)
          at Array.forEach (<anonymous>)
      at Object.__fire (src/components/map/useWebGLGuardrail.ratingBandLoss.test.js:40:42)
      at driveFrames (src/components/map/useWebGLGuardrail.ratingBandLoss.test.js:64:59)
      at tripped (src/components/map/useWebGLGuardrail.ratingBandLoss.test.js:213:5)
      at Object.<anonymous> (src/components/map/useWebGLGuardrail.ratingBandLoss.test.js:251:30)

    console.warn
      [WebGLGuardrail] Warning: MapWebGL render FPS dropped below 20: 1 FPS

      110 |     const originalWarn = console.warn;
      111 |     console.warn = (...args) => {
    > 112 |       originalWarn.apply(console, args);
          |                    ^
      113 |       try {
      114 |         if (cannotMatch(args)) return;
      115 |         const msg = args.join(' ');

      at console.warn (src/components/map/WeatherTelemetry.js:112:20)
      at f (src/components/map/useWebGLGuardrail.js:195:19)
      at forEach (src/components/map/useWebGLGuardrail.ratingBandLoss.test.js:40:57)
          at Array.forEach (<anonymous>)
      at Object.__fire (src/components/map/useWebGLGuardrail.ratingBandLoss.test.js:40:42)
      at driveFrames (src/components/map/useWebGLGuardrail.ratingBandLoss.test.js:64:59)
      at tripped (src/components/map/useWebGLGuardrail.ratingBandLoss.test.js:213:5)
      at Object.<anonymous> (src/components/map/useWebGLGuardrail.ratingBandLoss.test.js:251:30)

    console.warn
      [WebGLGuardrail] Warning: MapWebGL render FPS dropped below 20: 1 FPS

      110 |     const originalWarn = console.warn;
      111 |     console.warn = (...args) => {
    > 112 |       originalWarn.apply(console, args);
          |                    ^
      113 |       try {
      114 |         if (cannotMatch(args)) return;
      115 |         const msg = args.join(' ');

      at console.warn (src/components/map/WeatherTelemetry.js:112:20)
      at f (src/components/map/useWebGLGuardrail.js:195:19)
      at forEach (src/components/map/useWebGLGuardrail.ratingBandLoss.test.js:40:57)
          at Array.forEach (<anonymous>)
      at Object.__fire (src/components/map/useWebGLGuardrail.ratingBandLoss.test.js:40:42)
      at driveFrames (src/components/map/useWebGLGuardrail.ratingBandLoss.test.js:64:59)
      at tripped (src/components/map/useWebGLGuardrail.ratingBandLoss.test.js:213:5)
      at Object.<anonymous> (src/components/map/useWebGLGuardrail.ratingBandLoss.test.js:251:30)

    console.warn
      [WebGLGuardrail] Warning: MapWebGL render FPS dropped below 20: 1 FPS

      110 |     const originalWarn = console.warn;
      111 |     console.warn = (...args) => {
    > 112 |       originalWarn.apply(console, args);
          |                    ^
      113 |       try {
      114 |         if (cannotMatch(args)) return;
      115 |         const msg = args.join(' ');

      at console.warn (src/components/map/WeatherTelemetry.js:112:20)
      at f (src/components/map/useWebGLGuardrail.js:195:19)
      at forEach (src/components/map/useWebGLGuardrail.ratingBandLoss.test.js:40:57)
          at Array.forEach (<anonymous>)
      at Object.__fire (src/components/map/useWebGLGuardrail.ratingBandLoss.test.js:40:42)
      at driveFrames (src/components/map/useWebGLGuardrail.ratingBandLoss.test.js:64:59)
      at tripped (src/components/map/useWebGLGuardrail.ratingBandLoss.test.js:213:5)
      at Object.<anonymous> (src/components/map/useWebGLGuardrail.ratingBandLoss.test.js:251:30)

    console.warn
      [WebGLGuardrail] Warning: MapWebGL render FPS dropped below 20: 1 FPS

      110 |     const originalWarn = console.warn;
      111 |     console.warn = (...args) => {
    > 112 |       originalWarn.apply(console, args);
          |                    ^
      113 |       try {
      114 |         if (cannotMatch(args)) return;
      115 |         const msg = args.join(' ');

      at console.warn (src/components/map/WeatherTelemetry.js:112:20)
      at f (src/components/map/useWebGLGuardrail.js:195:19)
      at forEach (src/components/map/useWebGLGuardrail.ratingBandLoss.test.js:40:57)
          at Array.forEach (<anonymous>)
      at Object.__fire (src/components/map/useWebGLGuardrail.ratingBandLoss.test.js:40:42)
      at driveFrames (src/components/map/useWebGLGuardrail.ratingBandLoss.test.js:64:59)
      at tripped (src/components/map/useWebGLGuardrail.ratingBandLoss.test.js:213:5)
      at Object.<anonymous> (src/components/map/useWebGLGuardrail.ratingBandLoss.test.js:257:30)

    console.warn
      [WebGLGuardrail] Warning: MapWebGL render FPS dropped below 20: 1 FPS

      110 |     const originalWarn = console.warn;
      111 |     console.warn = (...args) => {
    > 112 |       originalWarn.apply(console, args);
          |                    ^
      113 |       try {
      114 |         if (cannotMatch(args)) return;
      115 |         const msg = args.join(' ');

      at console.warn (src/components/map/WeatherTelemetry.js:112:20)
      at f (src/components/map/useWebGLGuardrail.js:195:19)
      at forEach (src/components/map/useWebGLGuardrail.ratingBandLoss.test.js:40:57)
          at Array.forEach (<anonymous>)
      at Object.__fire (src/components/map/useWebGLGuardrail.ratingBandLoss.test.js:40:42)
      at driveFrames (src/components/map/useWebGLGuardrail.ratingBandLoss.test.js:64:59)
      at tripped (src/components/map/useWebGLGuardrail.ratingBandLoss.test.js:213:5)
      at Object.<anonymous> (src/components/map/useWebGLGuardrail.ratingBandLoss.test.js:257:30)

    console.warn
      [WebGLGuardrail] Warning: MapWebGL render FPS dropped below 20: 1 FPS

      110 |     const originalWarn = console.warn;
      111 |     console.warn = (...args) => {
    > 112 |       originalWarn.apply(console, args);
          |                    ^
      113 |       try {
      114 |         if (cannotMatch(args)) return;
      115 |         const msg = args.join(' ');

      at console.warn (src/components/map/WeatherTelemetry.js:112:20)
      at f (src/components/map/useWebGLGuardrail.js:195:19)
      at forEach (src/components/map/useWebGLGuardrail.ratingBandLoss.test.js:40:57)
          at Array.forEach (<anonymous>)
      at Object.__fire (src/components/map/useWebGLGuardrail.ratingBandLoss.test.js:40:42)
      at driveFrames (src/components/map/useWebGLGuardrail.ratingBandLoss.test.js:64:59)
      at tripped (src/components/map/useWebGLGuardrail.ratingBandLoss.test.js:213:5)
      at Object.<anonymous> (src/components/map/useWebGLGuardrail.ratingBandLoss.test.js:257:30)

    console.warn
      [WebGLGuardrail] Warning: MapWebGL render FPS dropped below 20: 1 FPS

      110 |     const originalWarn = console.warn;
      111 |     console.warn = (...args) => {
    > 112 |       originalWarn.apply(console, args);
          |                    ^
      113 |       try {
      114 |         if (cannotMatch(args)) return;
      115 |         const msg = args.join(' ');

      at console.warn (src/components/map/WeatherTelemetry.js:112:20)
      at f (src/components/map/useWebGLGuardrail.js:195:19)
      at forEach (src/components/map/useWebGLGuardrail.ratingBandLoss.test.js:40:57)
          at Array.forEach (<anonymous>)
      at Object.__fire (src/components/map/useWebGLGuardrail.ratingBandLoss.test.js:40:42)
      at driveFrames (src/components/map/useWebGLGuardrail.ratingBandLoss.test.js:64:59)
      at tripped (src/components/map/useWebGLGuardrail.ratingBandLoss.test.js:213:5)
      at Object.<anonymous> (src/components/map/useWebGLGuardrail.ratingBandLoss.test.js:257:30)

    console.warn
      [WebGLGuardrail] Warning: MapWebGL render FPS dropped below 20: 1 FPS

      110 |     const originalWarn = console.warn;
      111 |     console.warn = (...args) => {
    > 112 |       originalWarn.apply(console, args);
          |                    ^
      113 |       try {
      114 |         if (cannotMatch(args)) return;
      115 |         const msg = args.join(' ');

      at console.warn (src/components/map/WeatherTelemetry.js:112:20)
      at f (src/components/map/useWebGLGuardrail.js:195:19)
      at forEach (src/components/map/useWebGLGuardrail.ratingBandLoss.test.js:40:57)
          at Array.forEach (<anonymous>)
      at Object.__fire (src/components/map/useWebGLGuardrail.ratingBandLoss.test.js:40:42)
      at driveFrames (src/components/map/useWebGLGuardrail.ratingBandLoss.test.js:64:59)
      at tripped (src/components/map/useWebGLGuardrail.ratingBandLoss.test.js:213:5)
      at Object.<anonymous> (src/components/map/useWebGLGuardrail.ratingBandLoss.test.js:257:30)

    console.warn
      [WebGLGuardrail] Warning: MapWebGL render FPS dropped below 20: 1 FPS

      110 |     const originalWarn = console.warn;
      111 |     console.warn = (...args) => {
    > 112 |       originalWarn.apply(console, args);
          |                    ^
      113 |       try {
      114 |         if (cannotMatch(args)) return;
      115 |         const msg = args.join(' ');

      at console.warn (src/components/map/WeatherTelemetry.js:112:20)
      at f (src/components/map/useWebGLGuardrail.js:195:19)
      at forEach (src/components/map/useWebGLGuardrail.ratingBandLoss.test.js:40:57)
          at Array.forEach (<anonymous>)
      at Object.__fire (src/components/map/useWebGLGuardrail.ratingBandLoss.test.js:40:42)
      at driveFrames (src/components/map/useWebGLGuardrail.ratingBandLoss.test.js:64:59)
      at tripped (src/components/map/useWebGLGuardrail.ratingBandLoss.test.js:213:5)
      at Object.<anonymous> (src/components/map/useWebGLGuardrail.ratingBandLoss.test.js:257:30)

    console.warn
      [WebGLGuardrail] Warning: MapWebGL render FPS dropped below 20: 1 FPS

      110 |     const originalWarn = console.warn;
      111 |     console.warn = (...args) => {
    > 112 |       originalWarn.apply(console, args);
          |                    ^
      113 |       try {
      114 |         if (cannotMatch(args)) return;
      115 |         const msg = args.join(' ');

      at console.warn (src/components/map/WeatherTelemetry.js:112:20)
      at f (src/components/map/useWebGLGuardrail.js:195:19)
      at forEach (src/components/map/useWebGLGuardrail.ratingBandLoss.test.js:40:57)
          at Array.forEach (<anonymous>)
      at Object.__fire (src/components/map/useWebGLGuardrail.ratingBandLoss.test.js:40:42)
      at driveFrames (src/components/map/useWebGLGuardrail.ratingBandLoss.test.js:64:59)
      at tripped (src/components/map/useWebGLGuardrail.ratingBandLoss.test.js:213:5)
      at Object.<anonymous> (src/components/map/useWebGLGuardrail.ratingBandLoss.test.js:257:30)

    console.warn
      [WebGLGuardrail] Warning: MapWebGL render FPS dropped below 20: 1 FPS

      110 |     const originalWarn = console.warn;
      111 |     console.warn = (...args) => {
    > 112 |       originalWarn.apply(console, args);
          |                    ^
      113 |       try {
      114 |         if (cannotMatch(args)) return;
      115 |         const msg = args.join(' ');

      at console.warn (src/components/map/WeatherTelemetry.js:112:20)
      at f (src/components/map/useWebGLGuardrail.js:195:19)
      at forEach (src/components/map/useWebGLGuardrail.ratingBandLoss.test.js:40:57)
          at Array.forEach (<anonymous>)
      at Object.__fire (src/components/map/useWebGLGuardrail.ratingBandLoss.test.js:40:42)
      at driveFrames (src/components/map/useWebGLGuardrail.ratingBandLoss.test.js:64:59)
      at tripped (src/components/map/useWebGLGuardrail.ratingBandLoss.test.js:213:5)
      at Object.<anonymous> (src/components/map/useWebGLGuardrail.ratingBandLoss.test.js:257:30)

    console.warn
      [WebGLGuardrail] Warning: MapWebGL render FPS dropped below 20: 1 FPS

      110 |     const originalWarn = console.warn;
      111 |     console.warn = (...args) => {
    > 112 |       originalWarn.apply(console, args);
          |                    ^
      113 |       try {
      114 |         if (cannotMatch(args)) return;
      115 |         const msg = args.join(' ');

      at console.warn (src/components/map/WeatherTelemetry.js:112:20)
      at f (src/components/map/useWebGLGuardrail.js:195:19)
      at forEach (src/components/map/useWebGLGuardrail.ratingBandLoss.test.js:40:57)
          at Array.forEach (<anonymous>)
      at Object.__fire (src/components/map/useWebGLGuardrail.ratingBandLoss.test.js:40:42)
      at driveFrames (src/components/map/useWebGLGuardrail.ratingBandLoss.test.js:64:59)
      at tripped (src/components/map/useWebGLGuardrail.ratingBandLoss.test.js:213:5)
      at Object.<anonymous> (src/components/map/useWebGLGuardrail.ratingBandLoss.test.js:257:30)

    console.warn
      [WebGLGuardrail] Warning: MapWebGL render FPS dropped below 20: 1 FPS

      110 |     const originalWarn = console.warn;
      111 |     console.warn = (...args) => {
    > 112 |       originalWarn.apply(console, args);
          |                    ^
      113 |       try {
      114 |         if (cannotMatch(args)) return;
      115 |         const msg = args.join(' ');

      at console.warn (src/components/map/WeatherTelemetry.js:112:20)
      at f (src/components/map/useWebGLGuardrail.js:195:19)
      at forEach (src/components/map/useWebGLGuardrail.ratingBandLoss.test.js:40:57)
          at Array.forEach (<anonymous>)
      at Object.__fire (src/components/map/useWebGLGuardrail.ratingBandLoss.test.js:40:42)
      at driveFrames (src/components/map/useWebGLGuardrail.ratingBandLoss.test.js:64:59)
      at tripped (src/components/map/useWebGLGuardrail.ratingBandLoss.test.js:213:5)
      at Object.<anonymous> (src/components/map/useWebGLGuardrail.ratingBandLoss.test.js:257:30)

    console.warn
      [WebGLGuardrail] Warning: MapWebGL render FPS dropped below 20: 1 FPS

      110 |     const originalWarn = console.warn;
      111 |     console.warn = (...args) => {
    > 112 |       originalWarn.apply(console, args);
          |                    ^
      113 |       try {
      114 |         if (cannotMatch(args)) return;
      115 |         const msg = args.join(' ');

      at console.warn (src/components/map/WeatherTelemetry.js:112:20)
      at f (src/components/map/useWebGLGuardrail.js:195:19)
      at forEach (src/components/map/useWebGLGuardrail.ratingBandLoss.test.js:40:57)
          at Array.forEach (<anonymous>)
      at Object.__fire (src/components/map/useWebGLGuardrail.ratingBandLoss.test.js:40:42)
      at driveFrames (src/components/map/useWebGLGuardrail.ratingBandLoss.test.js:64:59)
      at tripped (src/components/map/useWebGLGuardrail.ratingBandLoss.test.js:213:5)
      at Object.<anonymous> (src/components/map/useWebGLGuardrail.ratingBandLoss.test.js:257:30)

    console.warn
      [WebGLGuardrail] Warning: MapWebGL render FPS dropped below 20: 1 FPS

      110 |     const originalWarn = console.warn;
      111 |     console.warn = (...args) => {
    > 112 |       originalWarn.apply(console, args);
          |                    ^
      113 |       try {
      114 |         if (cannotMatch(args)) return;
      115 |         const msg = args.join(' ');

      at console.warn (src/components/map/WeatherTelemetry.js:112:20)
      at f (src/components/map/useWebGLGuardrail.js:195:19)
      at forEach (src/components/map/useWebGLGuardrail.ratingBandLoss.test.js:40:57)
          at Array.forEach (<anonymous>)
      at Object.__fire (src/components/map/useWebGLGuardrail.ratingBandLoss.test.js:40:42)
      at driveFrames (src/components/map/useWebGLGuardrail.ratingBandLoss.test.js:64:59)
      at tripped (src/components/map/useWebGLGuardrail.ratingBandLoss.test.js:213:5)
      at Object.<anonymous> (src/components/map/useWebGLGuardrail.ratingBandLoss.test.js:257:30)

    console.error
      [WebGLGuardrail] Frame rate consistently below 20 FPS (1 FPS) for 12 consecutive seconds. Triggering local rendering fallback overrides.

      18 |   console.error = (...args) => {
      19 |     if (typeof args[0] === 'string' && args[0].includes('act(')) return;
    > 20 |     originalError.call(console, ...args);
         |                   ^
      21 |   };
      22 | });
      23 |

      at console.error (src/setupTests.js:20:19)
      at f (src/components/map/useWebGLGuardrail.js:206:21)
      at forEach (src/components/map/useWebGLGuardrail.ratingBandLoss.test.js:40:57)
          at Array.forEach (<anonymous>)
      at Object.__fire (src/components/map/useWebGLGuardrail.ratingBandLoss.test.js:40:42)
      at driveFrames (src/components/map/useWebGLGuardrail.ratingBandLoss.test.js:64:59)
      at tripped (src/components/map/useWebGLGuardrail.ratingBandLoss.test.js:213:5)
      at Object.<anonymous> (src/components/map/useWebGLGuardrail.ratingBandLoss.test.js:257:30)

    console.warn
      [WebGLGuardrail] Triggering fallback override for WebGL Marine layer

      110 |     const originalWarn = console.warn;
      111 |     console.warn = (...args) => {
    > 112 |       originalWarn.apply(console, args);
          |                    ^
      113 |       try {
      114 |         if (cannotMatch(args)) return;
      115 |         const msg = args.join(' ');

      at console.warn (src/components/map/WeatherTelemetry.js:112:20)
      at f (src/components/map/useWebGLGuardrail.js:209:23)
      at forEach (src/components/map/useWebGLGuardrail.ratingBandLoss.test.js:40:57)
          at Array.forEach (<anonymous>)
      at Object.__fire (src/components/map/useWebGLGuardrail.ratingBandLoss.test.js:40:42)
      at driveFrames (src/components/map/useWebGLGuardrail.ratingBandLoss.test.js:64:59)
      at tripped (src/components/map/useWebGLGuardrail.ratingBandLoss.test.js:213:5)
      at Object.<anonymous> (src/components/map/useWebGLGuardrail.ratingBandLoss.test.js:257:30)

    console.warn
      [WebGLGuardrail] Warning: MapWebGL render FPS dropped below 20: 1 FPS

      110 |     const originalWarn = console.warn;
      111 |     console.warn = (...args) => {
    > 112 |       originalWarn.apply(console, args);
          |                    ^
      113 |       try {
      114 |         if (cannotMatch(args)) return;
      115 |         const msg = args.join(' ');

      at console.warn (src/components/map/WeatherTelemetry.js:112:20)
      at f (src/components/map/useWebGLGuardrail.js:195:19)
      at forEach (src/components/map/useWebGLGuardrail.ratingBandLoss.test.js:40:57)
          at Array.forEach (<anonymous>)
      at Object.__fire (src/components/map/useWebGLGuardrail.ratingBandLoss.test.js:40:42)
      at driveFrames (src/components/map/useWebGLGuardrail.ratingBandLoss.test.js:64:59)
      at tripped (src/components/map/useWebGLGuardrail.ratingBandLoss.test.js:213:5)
      at Object.<anonymous> (src/components/map/useWebGLGuardrail.ratingBandLoss.test.js:257:30)

    console.warn
      [WebGLGuardrail] Warning: MapWebGL render FPS dropped below 20: 1 FPS

      110 |     const originalWarn = console.warn;
      111 |     console.warn = (...args) => {
    > 112 |       originalWarn.apply(console, args);
          |                    ^
      113 |       try {
      114 |         if (cannotMatch(args)) return;
      115 |         const msg = args.join(' ');

      at console.warn (src/components/map/WeatherTelemetry.js:112:20)
      at f (src/components/map/useWebGLGuardrail.js:195:19)
      at forEach (src/components/map/useWebGLGuardrail.ratingBandLoss.test.js:40:57)
          at Array.forEach (<anonymous>)
      at Object.__fire (src/components/map/useWebGLGuardrail.ratingBandLoss.test.js:40:42)
      at driveFrames (src/components/map/useWebGLGuardrail.ratingBandLoss.test.js:64:59)
      at tripped (src/components/map/useWebGLGuardrail.ratingBandLoss.test.js:213:5)
      at Object.<anonymous> (src/components/map/useWebGLGuardrail.ratingBandLoss.test.js:257:30)

    console.warn
      [WebGLGuardrail] Warning: MapWebGL render FPS dropped below 20: 1 FPS

      110 |     const originalWarn = console.warn;
      111 |     console.warn = (...args) => {
    > 112 |       originalWarn.apply(console, args);
          |                    ^
      113 |       try {
      114 |         if (cannotMatch(args)) return;
      115 |         const msg = args.join(' ');

      at console.warn (src/components/map/WeatherTelemetry.js:112:20)
      at f (src/components/map/useWebGLGuardrail.js:195:19)
      at forEach (src/components/map/useWebGLGuardrail.ratingBandLoss.test.js:40:57)
          at Array.forEach (<anonymous>)
      at Object.__fire (src/components/map/useWebGLGuardrail.ratingBandLoss.test.js:40:42)
      at driveFrames (src/components/map/useWebGLGuardrail.ratingBandLoss.test.js:64:59)
      at tripped (src/components/map/useWebGLGuardrail.ratingBandLoss.test.js:213:5)
      at Object.<anonymous> (src/components/map/useWebGLGuardrail.ratingBandLoss.test.js:257:30)

    console.warn
      [WebGLGuardrail] Warning: MapWebGL render FPS dropped below 20: 1 FPS

      110 |     const originalWarn = console.warn;
      111 |     console.warn = (...args) => {
    > 112 |       originalWarn.apply(console, args);
          |                    ^
      113 |       try {
      114 |         if (cannotMatch(args)) return;
      115 |         const msg = args.join(' ');

      at console.warn (src/components/map/WeatherTelemetry.js:112:20)
      at f (src/components/map/useWebGLGuardrail.js:195:19)
      at forEach (src/components/map/useWebGLGuardrail.ratingBandLoss.test.js:40:57)
          at Array.forEach (<anonymous>)
      at Object.__fire (src/components/map/useWebGLGuardrail.ratingBandLoss.test.js:40:42)
      at driveFrames (src/components/map/useWebGLGuardrail.ratingBandLoss.test.js:64:59)
      at tripped (src/components/map/useWebGLGuardrail.ratingBandLoss.test.js:213:5)
      at Object.<anonymous> (src/components/map/useWebGLGuardrail.ratingBandLoss.test.js:257:30)

    console.warn
      [WebGLGuardrail] Warning: MapWebGL render FPS dropped below 20: 1 FPS

      110 |     const originalWarn = console.warn;
      111 |     console.warn = (...args) => {
    > 112 |       originalWarn.apply(console, args);
          |                    ^
      113 |       try {
      114 |         if (cannotMatch(args)) return;
      115 |         const msg = args.join(' ');

      at console.warn (src/components/map/WeatherTelemetry.js:112:20)
      at f (src/components/map/useWebGLGuardrail.js:195:19)
      at forEach (src/components/map/useWebGLGuardrail.ratingBandLoss.test.js:40:57)
          at Array.forEach (<anonymous>)
      at Object.__fire (src/components/map/useWebGLGuardrail.ratingBandLoss.test.js:40:42)
      at driveFrames (src/components/map/useWebGLGuardrail.ratingBandLoss.test.js:64:59)
      at tripped (src/components/map/useWebGLGuardrail.ratingBandLoss.test.js:213:5)
      at Object.<anonymous> (src/components/map/useWebGLGuardrail.ratingBandLoss.test.js:257:30)

    console.warn
      [WebGLGuardrail] Warning: MapWebGL render FPS dropped below 20: 1 FPS

      110 |     const originalWarn = console.warn;
      111 |     console.warn = (...args) => {
    > 112 |       originalWarn.apply(console, args);
          |                    ^
      113 |       try {
      114 |         if (cannotMatch(args)) return;
      115 |         const msg = args.join(' ');

      at console.warn (src/components/map/WeatherTelemetry.js:112:20)
      at f (src/components/map/useWebGLGuardrail.js:195:19)
      at forEach (src/components/map/useWebGLGuardrail.ratingBandLoss.test.js:40:57)
          at Array.forEach (<anonymous>)
      at Object.__fire (src/components/map/useWebGLGuardrail.ratingBandLoss.test.js:40:42)
      at driveFrames (src/components/map/useWebGLGuardrail.ratingBandLoss.test.js:64:59)
      at tripped (src/components/map/useWebGLGuardrail.ratingBandLoss.test.js:213:5)
      at Object.<anonymous> (src/components/map/useWebGLGuardrail.ratingBandLoss.test.js:257:30)

    console.warn
      [WebGLGuardrail] Warning: MapWebGL render FPS dropped below 20: 1 FPS

      110 |     const originalWarn = console.warn;
      111 |     console.warn = (...args) => {
    > 112 |       originalWarn.apply(console, args);
          |                    ^
      113 |       try {
      114 |         if (cannotMatch(args)) return;
      115 |         const msg = args.join(' ');

      at console.warn (src/components/map/WeatherTelemetry.js:112:20)
      at f (src/components/map/useWebGLGuardrail.js:195:19)
      at forEach (src/components/map/useWebGLGuardrail.ratingBandLoss.test.js:40:57)
          at Array.forEach (<anonymous>)
      at Object.__fire (src/components/map/useWebGLGuardrail.ratingBandLoss.test.js:40:42)
      at driveFrames (src/components/map/useWebGLGuardrail.ratingBandLoss.test.js:64:59)
      at tripped (src/components/map/useWebGLGuardrail.ratingBandLoss.test.js:213:5)
      at Object.<anonymous> (src/components/map/useWebGLGuardrail.ratingBandLoss.test.js:257:30)

    console.warn
      [WebGLGuardrail] Warning: MapWebGL render FPS dropped below 20: 1 FPS

      110 |     const originalWarn = console.warn;
      111 |     console.warn = (...args) => {
    > 112 |       originalWarn.apply(console, args);
          |                    ^
      113 |       try {
      114 |         if (cannotMatch(args)) return;
      115 |         const msg = args.join(' ');

      at console.warn (src/components/map/WeatherTelemetry.js:112:20)
      at f (src/components/map/useWebGLGuardrail.js:195:19)
      at forEach (src/components/map/useWebGLGuardrail.ratingBandLoss.test.js:40:57)
          at Array.forEach (<anonymous>)
      at Object.__fire (src/components/map/useWebGLGuardrail.ratingBandLoss.test.js:40:42)
      at driveFrames (src/components/map/useWebGLGuardrail.ratingBandLoss.test.js:64:59)
      at tripped (src/components/map/useWebGLGuardrail.ratingBandLoss.test.js:213:5)
      at Object.<anonymous> (src/components/map/useWebGLGuardrail.ratingBandLoss.test.js:257:30)

    console.warn
      [WebGLGuardrail] Warning: MapWebGL render FPS dropped below 20: 1 FPS

      110 |     const originalWarn = console.warn;
      111 |     console.warn = (...args) => {
    > 112 |       originalWarn.apply(console, args);
          |                    ^
      113 |       try {
      114 |         if (cannotMatch(args)) return;
      115 |         const msg = args.join(' ');

      at console.warn (src/components/map/WeatherTelemetry.js:112:20)
      at f (src/components/map/useWebGLGuardrail.js:195:19)
      at forEach (src/components/map/useWebGLGuardrail.ratingBandLoss.test.js:40:57)
          at Array.forEach (<anonymous>)
      at Object.__fire (src/components/map/useWebGLGuardrail.ratingBandLoss.test.js:40:42)
      at driveFrames (src/components/map/useWebGLGuardrail.ratingBandLoss.test.js:64:59)
      at tripped (src/components/map/useWebGLGuardrail.ratingBandLoss.test.js:213:5)
      at Object.<anonymous> (src/components/map/useWebGLGuardrail.ratingBandLoss.test.js:257:30)

    console.warn
      [WebGLGuardrail] Recovery attempt 1/2: re-enabling the WebGL Marine layer after backoff.

      110 |     const originalWarn = console.warn;
      111 |     console.warn = (...args) => {
    > 112 |       originalWarn.apply(console, args);
          |                    ^
      113 |       try {
      114 |         if (cannotMatch(args)) return;
      115 |         const msg = args.join(' ');

      at console.warn (src/components/map/WeatherTelemetry.js:112:20)
      at recoveryTick (src/components/map/useWebGLGuardrail.js:260:15)
      at callTimer (../../../../../Raw-Surf/frontend/node_modules/@sinonjs/fake-timers/src/fake-timers-src.js:729:24)
      at doTickInner (../../../../../Raw-Surf/frontend/node_modules/@sinonjs/fake-timers/src/fake-timers-src.js:1289:29)
      at doTick (../../../../../Raw-Surf/frontend/node_modules/@sinonjs/fake-timers/src/fake-timers-src.js:1370:20)
      at Object.tick (../../../../../Raw-Surf/frontend/node_modules/@sinonjs/fake-timers/src/fake-timers-src.js:1378:20)
      at FakeTimers.advanceTimersByTime (../../../../../Raw-Surf/frontend/node_modules/@jest/fake-timers/build/modernFakeTimers.js:101:19)
      at advance (src/components/map/useWebGLGuardrail.ratingBandLoss.test.js:221:56)
      at Object.<anonymous> (src/components/map/useWebGLGuardrail.ratingBandLoss.test.js:259:43)

    console.warn
      [WebGLGuardrail] Recovery attempt 2/2: re-enabling the WebGL Marine layer after backoff.

      110 |     const originalWarn = console.warn;
      111 |     console.warn = (...args) => {
    > 112 |       originalWarn.apply(console, args);
          |                    ^
      113 |       try {
      114 |         if (cannotMatch(args)) return;
      115 |         const msg = args.join(' ');

      at console.warn (src/components/map/WeatherTelemetry.js:112:20)
      at recoveryTick (src/components/map/useWebGLGuardrail.js:260:15)
      at callTimer (../../../../../Raw-Surf/frontend/node_modules/@sinonjs/fake-timers/src/fake-timers-src.js:729:24)
      at doTickInner (../../../../../Raw-Surf/frontend/node_modules/@sinonjs/fake-timers/src/fake-timers-src.js:1289:29)
      at doTick (../../../../../Raw-Surf/frontend/node_modules/@sinonjs/fake-timers/src/fake-timers-src.js:1370:20)
      at Object.tick (../../../../../Raw-Surf/frontend/node_modules/@sinonjs/fake-timers/src/fake-timers-src.js:1378:20)
      at FakeTimers.advanceTimersByTime (../../../../../Raw-Surf/frontend/node_modules/@jest/fake-timers/build/modernFakeTimers.js:101:19)
      at advance (src/components/map/useWebGLGuardrail.ratingBandLoss.test.js:221:56)
      at Object.<anonymous> (src/components/map/useWebGLGuardrail.ratingBandLoss.test.js:259:43)

    console.warn
      [WebGLGuardrail] Warning: MapWebGL render FPS dropped below 20: 1 FPS

      110 |     const originalWarn = console.warn;
      111 |     console.warn = (...args) => {
    > 112 |       originalWarn.apply(console, args);
          |                    ^
      113 |       try {
      114 |         if (cannotMatch(args)) return;
      115 |         const msg = args.join(' ');

      at console.warn (src/components/map/WeatherTelemetry.js:112:20)
      at f (src/components/map/useWebGLGuardrail.js:195:19)
      at forEach (src/components/map/useWebGLGuardrail.ratingBandLoss.test.js:40:57)
          at Array.forEach (<anonymous>)
      at Object.__fire (src/components/map/useWebGLGuardrail.ratingBandLoss.test.js:40:42)
      at driveFrames (src/components/map/useWebGLGuardrail.ratingBandLoss.test.js:64:59)
      at tripped (src/components/map/useWebGLGuardrail.ratingBandLoss.test.js:213:5)
      at Object.<anonymous> (src/components/map/useWebGLGuardrail.ratingBandLoss.test.js:267:30)

    console.warn
      [WebGLGuardrail] Warning: MapWebGL render FPS dropped below 20: 1 FPS

      110 |     const originalWarn = console.warn;
      111 |     console.warn = (...args) => {
    > 112 |       originalWarn.apply(console, args);
          |                    ^
      113 |       try {
      114 |         if (cannotMatch(args)) return;
      115 |         const msg = args.join(' ');

      at console.warn (src/components/map/WeatherTelemetry.js:112:20)
      at f (src/components/map/useWebGLGuardrail.js:195:19)
      at forEach (src/components/map/useWebGLGuardrail.ratingBandLoss.test.js:40:57)
          at Array.forEach (<anonymous>)
      at Object.__fire (src/components/map/useWebGLGuardrail.ratingBandLoss.test.js:40:42)
      at driveFrames (src/components/map/useWebGLGuardrail.ratingBandLoss.test.js:64:59)
      at tripped (src/components/map/useWebGLGuardrail.ratingBandLoss.test.js:213:5)
      at Object.<anonymous> (src/components/map/useWebGLGuardrail.ratingBandLoss.test.js:267:30)

    console.warn
      [WebGLGuardrail] Warning: MapWebGL render FPS dropped below 20: 1 FPS

      110 |     const originalWarn = console.warn;
      111 |     console.warn = (...args) => {
    > 112 |       originalWarn.apply(console, args);
          |                    ^
      113 |       try {
      114 |         if (cannotMatch(args)) return;
      115 |         const msg = args.join(' ');

      at console.warn (src/components/map/WeatherTelemetry.js:112:20)
      at f (src/components/map/useWebGLGuardrail.js:195:19)
      at forEach (src/components/map/useWebGLGuardrail.ratingBandLoss.test.js:40:57)
          at Array.forEach (<anonymous>)
      at Object.__fire (src/components/map/useWebGLGuardrail.ratingBandLoss.test.js:40:42)
      at driveFrames (src/components/map/useWebGLGuardrail.ratingBandLoss.test.js:64:59)
      at tripped (src/components/map/useWebGLGuardrail.ratingBandLoss.test.js:213:5)
      at Object.<anonymous> (src/components/map/useWebGLGuardrail.ratingBandLoss.test.js:267:30)

    console.warn
      [WebGLGuardrail] Warning: MapWebGL render FPS dropped below 20: 1 FPS

      110 |     const originalWarn = console.warn;
      111 |     console.warn = (...args) => {
    > 112 |       originalWarn.apply(console, args);
          |                    ^
      113 |       try {
      114 |         if (cannotMatch(args)) return;
      115 |         const msg = args.join(' ');

      at console.warn (src/components/map/WeatherTelemetry.js:112:20)
      at f (src/components/map/useWebGLGuardrail.js:195:19)
      at forEach (src/components/map/useWebGLGuardrail.ratingBandLoss.test.js:40:57)
          at Array.forEach (<anonymous>)
      at Object.__fire (src/components/map/useWebGLGuardrail.ratingBandLoss.test.js:40:42)
      at driveFrames (src/components/map/useWebGLGuardrail.ratingBandLoss.test.js:64:59)
      at tripped (src/components/map/useWebGLGuardrail.ratingBandLoss.test.js:213:5)
      at Object.<anonymous> (src/components/map/useWebGLGuardrail.ratingBandLoss.test.js:267:30)

    console.warn
      [WebGLGuardrail] Warning: MapWebGL render FPS dropped below 20: 1 FPS

      110 |     const originalWarn = console.warn;
      111 |     console.warn = (...args) => {
    > 112 |       originalWarn.apply(console, args);
          |                    ^
      113 |       try {
      114 |         if (cannotMatch(args)) return;
      115 |         const msg = args.join(' ');

      at console.warn (src/components/map/WeatherTelemetry.js:112:20)
      at f (src/components/map/useWebGLGuardrail.js:195:19)
      at forEach (src/components/map/useWebGLGuardrail.ratingBandLoss.test.js:40:57)
          at Array.forEach (<anonymous>)
      at Object.__fire (src/components/map/useWebGLGuardrail.ratingBandLoss.test.js:40:42)
      at driveFrames (src/components/map/useWebGLGuardrail.ratingBandLoss.test.js:64:59)
      at tripped (src/components/map/useWebGLGuardrail.ratingBandLoss.test.js:213:5)
      at Object.<anonymous> (src/components/map/useWebGLGuardrail.ratingBandLoss.test.js:267:30)

    console.warn
      [WebGLGuardrail] Warning: MapWebGL render FPS dropped below 20: 1 FPS

      110 |     const originalWarn = console.warn;
      111 |     console.warn = (...args) => {
    > 112 |       originalWarn.apply(console, args);
          |                    ^
      113 |       try {
      114 |         if (cannotMatch(args)) return;
      115 |         const msg = args.join(' ');

      at console.warn (src/components/map/WeatherTelemetry.js:112:20)
      at f (src/components/map/useWebGLGuardrail.js:195:19)
      at forEach (src/components/map/useWebGLGuardrail.ratingBandLoss.test.js:40:57)
          at Array.forEach (<anonymous>)
      at Object.__fire (src/components/map/useWebGLGuardrail.ratingBandLoss.test.js:40:42)
      at driveFrames (src/components/map/useWebGLGuardrail.ratingBandLoss.test.js:64:59)
      at tripped (src/components/map/useWebGLGuardrail.ratingBandLoss.test.js:213:5)
      at Object.<anonymous> (src/components/map/useWebGLGuardrail.ratingBandLoss.test.js:267:30)

    console.warn
      [WebGLGuardrail] Warning: MapWebGL render FPS dropped below 20: 1 FPS

      110 |     const originalWarn = console.warn;
      111 |     console.warn = (...args) => {
    > 112 |       originalWarn.apply(console, args);
          |                    ^
      113 |       try {
      114 |         if (cannotMatch(args)) return;
      115 |         const msg = args.join(' ');

      at console.warn (src/components/map/WeatherTelemetry.js:112:20)
      at f (src/components/map/useWebGLGuardrail.js:195:19)
      at forEach (src/components/map/useWebGLGuardrail.ratingBandLoss.test.js:40:57)
          at Array.forEach (<anonymous>)
      at Object.__fire (src/components/map/useWebGLGuardrail.ratingBandLoss.test.js:40:42)
      at driveFrames (src/components/map/useWebGLGuardrail.ratingBandLoss.test.js:64:59)
      at tripped (src/components/map/useWebGLGuardrail.ratingBandLoss.test.js:213:5)
      at Object.<anonymous> (src/components/map/useWebGLGuardrail.ratingBandLoss.test.js:267:30)

    console.warn
      [WebGLGuardrail] Warning: MapWebGL render FPS dropped below 20: 1 FPS

      110 |     const originalWarn = console.warn;
      111 |     console.warn = (...args) => {
    > 112 |       originalWarn.apply(console, args);
          |                    ^
      113 |       try {
      114 |         if (cannotMatch(args)) return;
      115 |         const msg = args.join(' ');

      at console.warn (src/components/map/WeatherTelemetry.js:112:20)
      at f (src/components/map/useWebGLGuardrail.js:195:19)
      at forEach (src/components/map/useWebGLGuardrail.ratingBandLoss.test.js:40:57)
          at Array.forEach (<anonymous>)
      at Object.__fire (src/components/map/useWebGLGuardrail.ratingBandLoss.test.js:40:42)
      at driveFrames (src/components/map/useWebGLGuardrail.ratingBandLoss.test.js:64:59)
      at tripped (src/components/map/useWebGLGuardrail.ratingBandLoss.test.js:213:5)
      at Object.<anonymous> (src/components/map/useWebGLGuardrail.ratingBandLoss.test.js:267:30)

    console.warn
      [WebGLGuardrail] Warning: MapWebGL render FPS dropped below 20: 1 FPS

      110 |     const originalWarn = console.warn;
      111 |     console.warn = (...args) => {
    > 112 |       originalWarn.apply(console, args);
          |                    ^
      113 |       try {
      114 |         if (cannotMatch(args)) return;
      115 |         const msg = args.join(' ');

      at console.warn (src/components/map/WeatherTelemetry.js:112:20)
      at f (src/components/map/useWebGLGuardrail.js:195:19)
      at forEach (src/components/map/useWebGLGuardrail.ratingBandLoss.test.js:40:57)
          at Array.forEach (<anonymous>)
      at Object.__fire (src/components/map/useWebGLGuardrail.ratingBandLoss.test.js:40:42)
      at driveFrames (src/components/map/useWebGLGuardrail.ratingBandLoss.test.js:64:59)
      at tripped (src/components/map/useWebGLGuardrail.ratingBandLoss.test.js:213:5)
      at Object.<anonymous> (src/components/map/useWebGLGuardrail.ratingBandLoss.test.js:267:30)

    console.warn
      [WebGLGuardrail] Warning: MapWebGL render FPS dropped below 20: 1 FPS

      110 |     const originalWarn = console.warn;
      111 |     console.warn = (...args) => {
    > 112 |       originalWarn.apply(console, args);
          |                    ^
      113 |       try {
      114 |         if (cannotMatch(args)) return;
      115 |         const msg = args.join(' ');

      at console.warn (src/components/map/WeatherTelemetry.js:112:20)
      at f (src/components/map/useWebGLGuardrail.js:195:19)
      at forEach (src/components/map/useWebGLGuardrail.ratingBandLoss.test.js:40:57)
          at Array.forEach (<anonymous>)
      at Object.__fire (src/components/map/useWebGLGuardrail.ratingBandLoss.test.js:40:42)
      at driveFrames (src/components/map/useWebGLGuardrail.ratingBandLoss.test.js:64:59)
      at tripped (src/components/map/useWebGLGuardrail.ratingBandLoss.test.js:213:5)
      at Object.<anonymous> (src/components/map/useWebGLGuardrail.ratingBandLoss.test.js:267:30)

    console.warn
      [WebGLGuardrail] Warning: MapWebGL render FPS dropped below 20: 1 FPS

      110 |     const originalWarn = console.warn;
      111 |     console.warn = (...args) => {
    > 112 |       originalWarn.apply(console, args);
          |                    ^
      113 |       try {
      114 |         if (cannotMatch(args)) return;
      115 |         const msg = args.join(' ');

      at console.warn (src/components/map/WeatherTelemetry.js:112:20)
      at f (src/components/map/useWebGLGuardrail.js:195:19)
      at forEach (src/components/map/useWebGLGuardrail.ratingBandLoss.test.js:40:57)
          at Array.forEach (<anonymous>)
      at Object.__fire (src/components/map/useWebGLGuardrail.ratingBandLoss.test.js:40:42)
      at driveFrames (src/components/map/useWebGLGuardrail.ratingBandLoss.test.js:64:59)
      at tripped (src/components/map/useWebGLGuardrail.ratingBandLoss.test.js:213:5)
      at Object.<anonymous> (src/components/map/useWebGLGuardrail.ratingBandLoss.test.js:267:30)

    console.warn
      [WebGLGuardrail] Warning: MapWebGL render FPS dropped below 20: 1 FPS

      110 |     const originalWarn = console.warn;
      111 |     console.warn = (...args) => {
    > 112 |       originalWarn.apply(console, args);
          |                    ^
      113 |       try {
      114 |         if (cannotMatch(args)) return;
      115 |         const msg = args.join(' ');

      at console.warn (src/components/map/WeatherTelemetry.js:112:20)
      at f (src/components/map/useWebGLGuardrail.js:195:19)
      at forEach (src/components/map/useWebGLGuardrail.ratingBandLoss.test.js:40:57)
          at Array.forEach (<anonymous>)
      at Object.__fire (src/components/map/useWebGLGuardrail.ratingBandLoss.test.js:40:42)
      at driveFrames (src/components/map/useWebGLGuardrail.ratingBandLoss.test.js:64:59)
      at tripped (src/components/map/useWebGLGuardrail.ratingBandLoss.test.js:213:5)
      at Object.<anonymous> (src/components/map/useWebGLGuardrail.ratingBandLoss.test.js:267:30)

    console.error
      [WebGLGuardrail] Frame rate consistently below 20 FPS (1 FPS) for 12 consecutive seconds. Triggering local rendering fallback overrides.

      18 |   console.error = (...args) => {
      19 |     if (typeof args[0] === 'string' && args[0].includes('act(')) return;
    > 20 |     originalError.call(console, ...args);
         |                   ^
      21 |   };
      22 | });
      23 |

      at console.error (src/setupTests.js:20:19)
      at f (src/components/map/useWebGLGuardrail.js:206:21)
      at forEach (src/components/map/useWebGLGuardrail.ratingBandLoss.test.js:40:57)
          at Array.forEach (<anonymous>)
      at Object.__fire (src/components/map/useWebGLGuardrail.ratingBandLoss.test.js:40:42)
      at driveFrames (src/components/map/useWebGLGuardrail.ratingBandLoss.test.js:64:59)
      at tripped (src/components/map/useWebGLGuardrail.ratingBandLoss.test.js:213:5)
      at Object.<anonymous> (src/components/map/useWebGLGuardrail.ratingBandLoss.test.js:267:30)

    console.warn
      [WebGLGuardrail] Triggering fallback override for WebGL Marine layer

      110 |     const originalWarn = console.warn;
      111 |     console.warn = (...args) => {
    > 112 |       originalWarn.apply(console, args);
          |                    ^
      113 |       try {
      114 |         if (cannotMatch(args)) return;
      115 |         const msg = args.join(' ');

      at console.warn (src/components/map/WeatherTelemetry.js:112:20)
      at f (src/components/map/useWebGLGuardrail.js:209:23)
      at forEach (src/components/map/useWebGLGuardrail.ratingBandLoss.test.js:40:57)
          at Array.forEach (<anonymous>)
      at Object.__fire (src/components/map/useWebGLGuardrail.ratingBandLoss.test.js:40:42)
      at driveFrames (src/components/map/useWebGLGuardrail.ratingBandLoss.test.js:64:59)
      at tripped (src/components/map/useWebGLGuardrail.ratingBandLoss.test.js:213:5)
      at Object.<anonymous> (src/components/map/useWebGLGuardrail.ratingBandLoss.test.js:267:30)

    console.warn
      [WebGLGuardrail] Warning: MapWebGL render FPS dropped below 20: 1 FPS

      110 |     const originalWarn = console.warn;
      111 |     console.warn = (...args) => {
    > 112 |       originalWarn.apply(console, args);
          |                    ^
      113 |       try {
      114 |         if (cannotMatch(args)) return;
      115 |         const msg = args.join(' ');

      at console.warn (src/components/map/WeatherTelemetry.js:112:20)
      at f (src/components/map/useWebGLGuardrail.js:195:19)
      at forEach (src/components/map/useWebGLGuardrail.ratingBandLoss.test.js:40:57)
          at Array.forEach (<anonymous>)
      at Object.__fire (src/components/map/useWebGLGuardrail.ratingBandLoss.test.js:40:42)
      at driveFrames (src/components/map/useWebGLGuardrail.ratingBandLoss.test.js:64:59)
      at tripped (src/components/map/useWebGLGuardrail.ratingBandLoss.test.js:213:5)
      at Object.<anonymous> (src/components/map/useWebGLGuardrail.ratingBandLoss.test.js:267:30)

    console.warn
      [WebGLGuardrail] Warning: MapWebGL render FPS dropped below 20: 1 FPS

      110 |     const originalWarn = console.warn;
      111 |     console.warn = (...args) => {
    > 112 |       originalWarn.apply(console, args);
          |                    ^
      113 |       try {
      114 |         if (cannotMatch(args)) return;
      115 |         const msg = args.join(' ');

      at console.warn (src/components/map/WeatherTelemetry.js:112:20)
      at f (src/components/map/useWebGLGuardrail.js:195:19)
      at forEach (src/components/map/useWebGLGuardrail.ratingBandLoss.test.js:40:57)
          at Array.forEach (<anonymous>)
      at Object.__fire (src/components/map/useWebGLGuardrail.ratingBandLoss.test.js:40:42)
      at driveFrames (src/components/map/useWebGLGuardrail.ratingBandLoss.test.js:64:59)
      at tripped (src/components/map/useWebGLGuardrail.ratingBandLoss.test.js:213:5)
      at Object.<anonymous> (src/components/map/useWebGLGuardrail.ratingBandLoss.test.js:267:30)

    console.warn
      [WebGLGuardrail] Warning: MapWebGL render FPS dropped below 20: 1 FPS

      110 |     const originalWarn = console.warn;
      111 |     console.warn = (...args) => {
    > 112 |       originalWarn.apply(console, args);
          |                    ^
      113 |       try {
      114 |         if (cannotMatch(args)) return;
      115 |         const msg = args.join(' ');

      at console.warn (src/components/map/WeatherTelemetry.js:112:20)
      at f (src/components/map/useWebGLGuardrail.js:195:19)
      at forEach (src/components/map/useWebGLGuardrail.ratingBandLoss.test.js:40:57)
          at Array.forEach (<anonymous>)
      at Object.__fire (src/components/map/useWebGLGuardrail.ratingBandLoss.test.js:40:42)
      at driveFrames (src/components/map/useWebGLGuardrail.ratingBandLoss.test.js:64:59)
      at tripped (src/components/map/useWebGLGuardrail.ratingBandLoss.test.js:213:5)
      at Object.<anonymous> (src/components/map/useWebGLGuardrail.ratingBandLoss.test.js:267:30)

    console.warn
      [WebGLGuardrail] Warning: MapWebGL render FPS dropped below 20: 1 FPS

      110 |     const originalWarn = console.warn;
      111 |     console.warn = (...args) => {
    > 112 |       originalWarn.apply(console, args);
          |                    ^
      113 |       try {
      114 |         if (cannotMatch(args)) return;
      115 |         const msg = args.join(' ');

      at console.warn (src/components/map/WeatherTelemetry.js:112:20)
      at f (src/components/map/useWebGLGuardrail.js:195:19)
      at forEach (src/components/map/useWebGLGuardrail.ratingBandLoss.test.js:40:57)
          at Array.forEach (<anonymous>)
      at Object.__fire (src/components/map/useWebGLGuardrail.ratingBandLoss.test.js:40:42)
      at driveFrames (src/components/map/useWebGLGuardrail.ratingBandLoss.test.js:64:59)
      at tripped (src/components/map/useWebGLGuardrail.ratingBandLoss.test.js:213:5)
      at Object.<anonymous> (src/components/map/useWebGLGuardrail.ratingBandLoss.test.js:267:30)

    console.warn
      [WebGLGuardrail] Warning: MapWebGL render FPS dropped below 20: 1 FPS

      110 |     const originalWarn = console.warn;
      111 |     console.warn = (...args) => {
    > 112 |       originalWarn.apply(console, args);
          |                    ^
      113 |       try {
      114 |         if (cannotMatch(args)) return;
      115 |         const msg = args.join(' ');

      at console.warn (src/components/map/WeatherTelemetry.js:112:20)
      at f (src/components/map/useWebGLGuardrail.js:195:19)
      at forEach (src/components/map/useWebGLGuardrail.ratingBandLoss.test.js:40:57)
          at Array.forEach (<anonymous>)
      at Object.__fire (src/components/map/useWebGLGuardrail.ratingBandLoss.test.js:40:42)
      at driveFrames (src/components/map/useWebGLGuardrail.ratingBandLoss.test.js:64:59)
      at tripped (src/components/map/useWebGLGuardrail.ratingBandLoss.test.js:213:5)
      at Object.<anonymous> (src/components/map/useWebGLGuardrail.ratingBandLoss.test.js:267:30)

    console.warn
      [WebGLGuardrail] Warning: MapWebGL render FPS dropped below 20: 1 FPS

      110 |     const originalWarn = console.warn;
      111 |     console.warn = (...args) => {
    > 112 |       originalWarn.apply(console, args);
          |                    ^
      113 |       try {
      114 |         if (cannotMatch(args)) return;
      115 |         const msg = args.join(' ');

      at console.warn (src/components/map/WeatherTelemetry.js:112:20)
      at f (src/components/map/useWebGLGuardrail.js:195:19)
      at forEach (src/components/map/useWebGLGuardrail.ratingBandLoss.test.js:40:57)
          at Array.forEach (<anonymous>)
      at Object.__fire (src/components/map/useWebGLGuardrail.ratingBandLoss.test.js:40:42)
      at driveFrames (src/components/map/useWebGLGuardrail.ratingBandLoss.test.js:64:59)
      at tripped (src/components/map/useWebGLGuardrail.ratingBandLoss.test.js:213:5)
      at Object.<anonymous> (src/components/map/useWebGLGuardrail.ratingBandLoss.test.js:267:30)

    console.warn
      [WebGLGuardrail] Warning: MapWebGL render FPS dropped below 20: 1 FPS

      110 |     const originalWarn = console.warn;
      111 |     console.warn = (...args) => {
    > 112 |       originalWarn.apply(console, args);
          |                    ^
      113 |       try {
      114 |         if (cannotMatch(args)) return;
      115 |         const msg = args.join(' ');

      at console.warn (src/components/map/WeatherTelemetry.js:112:20)
      at f (src/components/map/useWebGLGuardrail.js:195:19)
      at forEach (src/components/map/useWebGLGuardrail.ratingBandLoss.test.js:40:57)
          at Array.forEach (<anonymous>)
      at Object.__fire (src/components/map/useWebGLGuardrail.ratingBandLoss.test.js:40:42)
      at driveFrames (src/components/map/useWebGLGuardrail.ratingBandLoss.test.js:64:59)
      at tripped (src/components/map/useWebGLGuardrail.ratingBandLoss.test.js:213:5)
      at Object.<anonymous> (src/components/map/useWebGLGuardrail.ratingBandLoss.test.js:267:30)

    console.warn
      [WebGLGuardrail] Warning: MapWebGL render FPS dropped below 20: 1 FPS

      110 |     const originalWarn = console.warn;
      111 |     console.warn = (...args) => {
    > 112 |       originalWarn.apply(console, args);
          |                    ^
      113 |       try {
      114 |         if (cannotMatch(args)) return;
      115 |         const msg = args.join(' ');

      at console.warn (src/components/map/WeatherTelemetry.js:112:20)
      at f (src/components/map/useWebGLGuardrail.js:195:19)
      at forEach (src/components/map/useWebGLGuardrail.ratingBandLoss.test.js:40:57)
          at Array.forEach (<anonymous>)
      at Object.__fire (src/components/map/useWebGLGuardrail.ratingBandLoss.test.js:40:42)
      at driveFrames (src/components/map/useWebGLGuardrail.ratingBandLoss.test.js:64:59)
      at tripped (src/components/map/useWebGLGuardrail.ratingBandLoss.test.js:213:5)
      at Object.<anonymous> (src/components/map/useWebGLGuardrail.ratingBandLoss.test.js:267:30)

    console.warn
      [WebGLGuardrail] Warning: MapWebGL render FPS dropped below 20: 1 FPS

      110 |     const originalWarn = console.warn;
      111 |     console.warn = (...args) => {
    > 112 |       originalWarn.apply(console, args);
          |                    ^
      113 |       try {
      114 |         if (cannotMatch(args)) return;
      115 |         const msg = args.join(' ');

      at console.warn (src/components/map/WeatherTelemetry.js:112:20)
      at f (src/components/map/useWebGLGuardrail.js:195:19)
      at forEach (src/components/map/useWebGLGuardrail.ratingBandLoss.test.js:40:57)
          at Array.forEach (<anonymous>)
      at Object.__fire (src/components/map/useWebGLGuardrail.ratingBandLoss.test.js:40:42)
      at driveFrames (src/components/map/useWebGLGuardrail.ratingBandLoss.test.js:64:59)
      at tripped (src/components/map/useWebGLGuardrail.ratingBandLoss.test.js:213:5)
      at Object.<anonymous> (src/components/map/useWebGLGuardrail.ratingBandLoss.test.js:267:30)

PASS src/components/map/OceanMask.bufferColor.test.js
PASS src/components/map/useMarineScrubSettle.fallbackGate.test.js
PASS src/components/map/OceanMask.coastBuffer.test.js
PASS src/components/map/waterTempAnchor.test.js
PASS src/components/map/waterTempAnchor.property.test.js
PASS src/components/map/radarAdvection.test.js
PASS src/components/map/useSpotRatings.test.js
PASS src/components/map/pointFieldWhitelistParity.test.js
PASS src/components/map/spotRatingsCdn.test.js
PASS src/components/map/radarForecastSources.advect.test.js
PASS src/components/map/servedResolutionNotice.test.js
PASS src/components/map/overlayTruthGate.test.js
PASS src/components/map/spotRatingsClient.test.js
PASS src/components/map/omUrlTrace.reconcile.test.js
PASS src/components/map/shoreNormalPassthrough.test.js
PASS src/components/map/useMapRenderContract.readiness.test.js
  ● Console

    console.log
      [RenderContract] STYLE_LOADING READY

      at transitionToReady (src/components/map/useMapRenderContract.js:78:10)
          at Array.forEach (<anonymous>)

    console.log
      [RenderContract] STYLE_LOADING READY

      at transitionToReady (src/components/map/useMapRenderContract.js:78:10)
          at Array.forEach (<anonymous>)

    console.log
      [RenderContract] STYLE_LOADING READY

      at transitionToReady (src/components/map/useMapRenderContract.js:78:10)

    console.log
      [RenderContract] Fallback poll READY

      at src/components/map/useMapRenderContract.js:98:10

    console.log
      [RenderContract] STYLE_LOADING READY

      at transitionToReady (src/components/map/useMapRenderContract.js:78:10)

    console.log
      [RenderContract] Bounded backstop READY

      at src/components/map/useMapRenderContract.js:110:10

    console.log
      [RenderContract] STYLE_LOADING READY

      at transitionToReady (src/components/map/useMapRenderContract.js:78:10)

PASS src/components/map/textureAccounting.test.js
  ● Console

    console.warn
      [WebGLState] Safeguarded particle state texture from accidental deletion!

      276 |   if (engine) {
      277 |     if (tex === engine.particleStateA || tex === engine.particleStateB) {
    > 278 |       console.warn('[WebGLState] Safeguarded particle state texture from accidental deletion!');
          |               ^
      279 |       return;
      280 |     }
      281 |   }

      at safeDeleteTexture (src/components/map/WebGLWindUtils.js:278:15)
      at Object.<anonymous> (src/components/map/textureAccounting.test.js:114:20)

PASS src/components/map/staleHour.proof.test.js
  ● Console

    console.log
        [1] requested hour 300 -> index 168 -> paints hour 168

      at console.log (src/components/map/WeatherTelemetry.js:144:19)

    console.log
        [2] model swapped -> "GFS shown"

      at console.log (src/components/map/WeatherTelemetry.js:144:19)

    console.log
        [2] axis ran out, same model -> null (SILENT)

      at console.log (src/components/map/WeatherTelemetry.js:144:19)

    console.log
        [3] hour 168 beyond? false   hour 169 beyond? true

      at console.log (src/components/map/WeatherTelemetry.js:144:19)

    console.log
        [3] axis horizon from T0: 168 h

      at console.log (src/components/map/WeatherTelemetry.js:144:19)

    console.log
        [4] inline 'minDiff' copies: 0   shared-selector call sites: 2

      at console.log (src/components/map/WeatherTelemetry.js:144:19)

    console.log
        [5] product files consuming isBeyondAxis/axisHorizonHours: 1 -> modelProvenance.js

      at console.log (src/components/map/WeatherTelemetry.js:144:19)

    console.log
        [5] MapForecastOverlay renders staleHour.text: YES

      at console.log (src/components/map/WeatherTelemetry.js:144:19)

PASS src/components/map/tideClient.test.js
PASS src/components/map/ratingRampAnchors.test.js
PASS src/components/map/weatherTruthTracker.absence.test.js
  ● Console

    console.log
      [WEATHER_TRUTH] Stage: backendResponse | TraceID: t1 | Product: p1.json | Status: OK

      at recordTruthStage (src/components/map/weatherTruthTracker.js:353:13)

    console.log
      [WEATHER_TRUTH] Stage: cacheWrite | TraceID: t1 | Product: p1.json | Status: OK

      at recordTruthStage (src/components/map/weatherTruthTracker.js:353:13)

    console.warn
      [WEATHER_TRUTH] ABSENT: marine|waves chain t1 (p1.json) died after cacheWrite (31s silent, no terminal stage)

      402 |       const silentSec = Math.round((nowMs - entry.lastAt) / 1000);
      403 |       const reason = `ABSENT: ${lane} chain ${entry.traceId} (${entry.productId || "no-product"}) died after ${entry.lastStage} (${silentSec}s silent, no terminal stage)`;
    > 404 |       console.warn(`[WEATHER_TRUTH] ${reason}`);
          |               ^
      405 |       try {
      406 |         window.__WEATHER_TRUTH_TRACE__.verdict.failReasons.push(reason);
      407 |         const ring = (window.__WEATHER_TRUTH_ABSENT__ = window.__WEATHER_TRUTH_ABSENT__ || []);

      at _sweepAbsentChains (src/components/map/weatherTruthTracker.js:404:15)
      at Object.<anonymous> (src/components/map/weatherTruthTracker.absence.test.js:42:37)

    console.log
      [WEATHER_TRUTH] Stage: backendResponse | TraceID: t2 | Product: p2.json | Status: OK

      at recordTruthStage (src/components/map/weatherTruthTracker.js:353:13)

    console.log
      [WEATHER_TRUTH] Stage: orchestratorCommit | TraceID: t2 | Product: p2.json | Status: OK

      at recordTruthStage (src/components/map/weatherTruthTracker.js:353:13)

    console.log
      [WEATHER_TRUTH] Stage: webglUpload | TraceID: t2 | Product: p2.json | Status: OK

      at recordTruthStage (src/components/map/weatherTruthTracker.js:353:13)

    console.log
      [WEATHER_TRUTH] Stage: backendResponse | TraceID: t3 | Product: p3.json | Status: OK

      at recordTruthStage (src/components/map/weatherTruthTracker.js:353:13)

    console.log
      [WEATHER_TRUTH] Stage: backendResponse | TraceID: t4 | Product: p4.json | Status: OK

      at recordTruthStage (src/components/map/weatherTruthTracker.js:353:13)

    console.log
      [WEATHER_TRUTH] Stage: webglUpload | TraceID: t4 | Product: p4.json | Status: OK

      at recordTruthStage (src/components/map/weatherTruthTracker.js:353:13)

    console.log
      [WEATHER_TRUTH] Stage: cacheWrite | TraceID: t5 | Product: p5.json | Status: OK

      at recordTruthStage (src/components/map/weatherTruthTracker.js:353:13)

    console.log
      [WEATHER_TRUTH] Stage: cacheWrite | TraceID: t6 | Product: p6.json | Status: OK

      at recordTruthStage (src/components/map/weatherTruthTracker.js:353:13)

PASS src/components/map/truthVerdict.test.js
PASS src/components/map/radarLegendUnits.proof.test.js
PASS src/components/map/spotGeofenceZoomFloor.test.js
PASS src/components/map/weatherTruthTracker.cancel.test.js
  ● Console

    console.log
      [WEATHER_TRUTH] Stage: backendResponse | TraceID: c1 | Product: p1.json | Status: OK

      at recordTruthStage (src/components/map/weatherTruthTracker.js:353:13)

    console.log
      [WEATHER_TRUTH] Stage: orchestratorCommit | TraceID: c1 | Product: p1.json | Status: OK

      at recordTruthStage (src/components/map/weatherTruthTracker.js:353:13)

    console.log
      [WEATHER_TRUTH] Stage: chainCancelled | TraceID: c1 | Product: p1.json | Status: CANCELLED | webgl_marine_fallback: guardrail tripped

      at cancelTruthChains (src/components/map/weatherTruthTracker.js:430:13)

    console.log
      [WEATHER_TRUTH] Stage: cacheWrite | TraceID: c2 | Product: p2.json | Status: OK

      at recordTruthStage (src/components/map/weatherTruthTracker.js:353:13)

    console.log
      [WEATHER_TRUTH] Stage: chainCancelled | TraceID: c2 | Product: p2.json | Status: CANCELLED | layer transition

      at cancelTruthChains (src/components/map/weatherTruthTracker.js:430:13)

    console.log
      [WEATHER_TRUTH] Stage: seriesFrameMint | TraceID: c3 | Product: p3.json | Status: OK

      at recordTruthStage (src/components/map/weatherTruthTracker.js:353:13)

    console.log
      [WEATHER_TRUTH] Stage: chainCancelled | TraceID: c3 | Product: p3.json | Status: CANCELLED | test-reason

      at cancelTruthChains (src/components/map/weatherTruthTracker.js:430:13)

    console.log
      [WEATHER_TRUTH] Stage: backendResponse | TraceID: c4 | Product: p4.json | Status: OK

      at recordTruthStage (src/components/map/weatherTruthTracker.js:353:13)

    console.log
      [WEATHER_TRUTH] Stage: webglUpload | TraceID: c4 | Product: p4.json | Status: OK

      at recordTruthStage (src/components/map/weatherTruthTracker.js:353:13)

PASS src/components/map/omUrlTrace.test.js
PASS src/components/map/servedExtent.invariant.test.js
PASS src/components/map/weatherTruthTracker.census.test.js
  ● Console

    console.log
      [WEATHER_TRUTH] Stage: mappedGrid | TraceID: 962c11d1 | Product: undefined | Status: OK

      at recordTruthStage (src/components/map/weatherTruthTracker.js:353:13)

    console.log
      [WEATHER_TRUTH] Stage: mappedGrid | TraceID: 3c64c1db | Product: undefined | Status: OK

      at recordTruthStage (src/components/map/weatherTruthTracker.js:353:13)

    console.log
      [WEATHER_TRUTH] Stage: mappedGrid | TraceID: 4b06532b | Product: undefined | Status: OK

      at recordTruthStage (src/components/map/weatherTruthTracker.js:353:13)

PASS src/components/map/TruthOverlay.fpsHonesty.test.js
PASS src/components/map/ratingsShallowEqual.test.js
PASS src/components/map/weatherTruthTracker.cycle.test.js
PASS src/components/map/spotRatingsCdn.heightConvention.test.js
PASS src/components/map/WebGLMarineEngine.noDowngrade.test.js
  ● Console

    console.log
      [BUILD] bundle=dev

      at console.log (src/components/map/WeatherTelemetry.js:144:19)

PASS src/components/map/WebGLMarineEngine.scopeIntegrity.test.js
PASS src/components/map/useMarineOrchestrator.styleReady.test.js
PASS src/components/map/useMarineOrchestrator.coalesceHour.test.js
PASS src/components/map/WebGLMarineEngine.ratingBandFade.test.js
PASS src/components/map/WebGLMarineTextureEncoder.stateScope.test.js
  ● Console

    console.log
      [FORENSIC-ENCODE] encodeMarineTexture input: 12 vectors, 12 ocean w/speed, speed: min=2.000m max=2.000m mean=2.000m (6.6ft), cols=4, rows=3

      at console.log (src/components/map/WeatherTelemetry.js:144:19)

PASS src/components/map/WebGLMarineEngine.midZoomOverlayCarve.test.js
PASS src/components/map/WebGLMarineEngine.opacityEase.test.js
PASS src/components/map/WebGLMarineEngine.denseBaseOverlay.test.js
PASS src/components/map/WebGLMarineEngine.midCarveReplace.test.js
PASS src/components/map/useMarineDataFetcherCore.debounceHeal.test.js
PASS src/components/map/WebGLMarineLayerDiag.schema.test.js
PASS src/components/map/WebGLMarineEngine.coldVeil.test.js
PASS src/components/map/WebGLMarineMaskRenderer.test.js
  ● Console

    console.error
      Error: Not implemented: HTMLCanvasElement.prototype.getContext (without installing the canvas npm package)
          at module.exports (C:\Users\dprit\Raw-Surf\frontend\node_modules\jsdom\lib\jsdom\browser\not-implemented.js:9:17)
          at HTMLCanvasElementImpl.getContext (C:\Users\dprit\Raw-Surf\frontend\node_modules\jsdom\lib\jsdom\living\nodes\HTMLCanvasElement-impl.js:42:5)
          at HTMLCanvasElement.getContext (C:\Users\dprit\Raw-Surf\frontend\node_modules\jsdom\lib\jsdom\living\generated\HTMLCanvasElement.js:131:58)
          at snapshotNeTruth (C:\Users\dprit\OneDrive\Documents\New project\raw-surf-weather-audit\frontend\src\components\map\inlandWaterGuard.js:168:21)
          at overlayBasemapWaterOnMask (C:\Users\dprit\OneDrive\Documents\New project\raw-surf-weather-audit\frontend\src\components\map\WebGLMarineMaskRenderer.js:204:37)
          at Object.<anonymous> (C:\Users\dprit\OneDrive\Documents\New project\raw-surf-weather-audit\frontend\src\components\map\WebGLMarineMaskRenderer.test.js:91:41)
          at Promise.then.completed (C:\Users\dprit\Raw-Surf\frontend\node_modules\jest-circus\build\utils.js:391:28)
          at new Promise (<anonymous>)
          at callAsyncCircusFn (C:\Users\dprit\Raw-Surf\frontend\node_modules\jest-circus\build\utils.js:316:10)
          at _callCircusTest (C:\Users\dprit\Raw-Surf\frontend\node_modules\jest-circus\build\run.js:218:40)
          at _runTest (C:\Users\dprit\Raw-Surf\frontend\node_modules\jest-circus\build\run.js:155:3)
          at _runTestsForDescribeBlock (C:\Users\dprit\Raw-Surf\frontend\node_modules\jest-circus\build\run.js:66:9)
          at _runTestsForDescribeBlock (C:\Users\dprit\Raw-Surf\frontend\node_modules\jest-circus\build\run.js:60:9)
          at run (C:\Users\dprit\Raw-Surf\frontend\node_modules\jest-circus\build\run.js:25:3)
          at runAndTransformResultsToJestFormat (C:\Users\dprit\Raw-Surf\frontend\node_modules\jest-circus\build\legacy-code-todo-rewrite\jestAdapterInit.js:170:21)
          at jestAdapter (C:\Users\dprit\Raw-Surf\frontend\node_modules\jest-circus\build\legacy-code-todo-rewrite\jestAdapter.js:82:19)
          at runTestInternal (C:\Users\dprit\Raw-Surf\frontend\node_modules\jest-runner\build\runTest.js:389:16)
          at runTest (C:\Users\dprit\Raw-Surf\frontend\node_modules\jest-runner\build\runTest.js:475:34) undefined

      18 |   console.error = (...args) => {
      19 |     if (typeof args[0] === 'string' && args[0].includes('act(')) return;
    > 20 |     originalError.call(console, ...args);
         |                   ^
      21 |   };
      22 | });
      23 |

      at console.error (src/setupTests.js:20:19)
      at VirtualConsole.<anonymous> (../../../../../Raw-Surf/frontend/node_modules/jsdom/lib/jsdom/virtual-console.js:29:45)
      at module.exports (../../../../../Raw-Surf/frontend/node_modules/jsdom/lib/jsdom/browser/not-implemented.js:12:26)
      at HTMLCanvasElementImpl.getContext (../../../../../Raw-Surf/frontend/node_modules/jsdom/lib/jsdom/living/nodes/HTMLCanvasElement-impl.js:42:5)
      at HTMLCanvasElement.getContext (../../../../../Raw-Surf/frontend/node_modules/jsdom/lib/jsdom/living/generated/HTMLCanvasElement.js:131:58)
      at snapshotNeTruth (src/components/map/inlandWaterGuard.js:168:21)
      at overlayBasemapWaterOnMask (src/components/map/WebGLMarineMaskRenderer.js:204:37)
      at Object.<anonymous> (src/components/map/WebGLMarineMaskRenderer.test.js:91:41)

    console.error
      Error: Not implemented: HTMLCanvasElement.prototype.getContext (without installing the canvas npm package)
          at module.exports (C:\Users\dprit\Raw-Surf\frontend\node_modules\jsdom\lib\jsdom\browser\not-implemented.js:9:17)
          at HTMLCanvasElementImpl.getContext (C:\Users\dprit\Raw-Surf\frontend\node_modules\jsdom\lib\jsdom\living\nodes\HTMLCanvasElement-impl.js:42:5)
          at HTMLCanvasElement.getContext (C:\Users\dprit\Raw-Surf\frontend\node_modules\jsdom\lib\jsdom\living\generated\HTMLCanvasElement.js:131:58)
          at overlayBasemapWaterOnMask (C:\Users\dprit\OneDrive\Documents\New project\raw-surf-weather-audit\frontend\src\components\map\WebGLMarineMaskRenderer.js:220:14)
          at Object.<anonymous> (C:\Users\dprit\OneDrive\Documents\New project\raw-surf-weather-audit\frontend\src\components\map\WebGLMarineMaskRenderer.test.js:91:41)
          at Promise.then.completed (C:\Users\dprit\Raw-Surf\frontend\node_modules\jest-circus\build\utils.js:391:28)
          at new Promise (<anonymous>)
          at callAsyncCircusFn (C:\Users\dprit\Raw-Surf\frontend\node_modules\jest-circus\build\utils.js:316:10)
          at _callCircusTest (C:\Users\dprit\Raw-Surf\frontend\node_modules\jest-circus\build\run.js:218:40)
          at _runTest (C:\Users\dprit\Raw-Surf\frontend\node_modules\jest-circus\build\run.js:155:3)
          at _runTestsForDescribeBlock (C:\Users\dprit\Raw-Surf\frontend\node_modules\jest-circus\build\run.js:66:9)
          at _runTestsForDescribeBlock (C:\Users\dprit\Raw-Surf\frontend\node_modules\jest-circus\build\run.js:60:9)
          at run (C:\Users\dprit\Raw-Surf\frontend\node_modules\jest-circus\build\run.js:25:3)
          at runAndTransformResultsToJestFormat (C:\Users\dprit\Raw-Surf\frontend\node_modules\jest-circus\build\legacy-code-todo-rewrite\jestAdapterInit.js:170:21)
          at jestAdapter (C:\Users\dprit\Raw-Surf\frontend\node_modules\jest-circus\build\legacy-code-todo-rewrite\jestAdapter.js:82:19)
          at runTestInternal (C:\Users\dprit\Raw-Surf\frontend\node_modules\jest-runner\build\runTest.js:389:16)
          at runTest (C:\Users\dprit\Raw-Surf\frontend\node_modules\jest-runner\build\runTest.js:475:34) undefined

      18 |   console.error = (...args) => {
      19 |     if (typeof args[0] === 'string' && args[0].includes('act(')) return;
    > 20 |     originalError.call(console, ...args);
         |                   ^
      21 |   };
      22 | });
      23 |

      at console.error (src/setupTests.js:20:19)
      at VirtualConsole.<anonymous> (../../../../../Raw-Surf/frontend/node_modules/jsdom/lib/jsdom/virtual-console.js:29:45)
      at module.exports (../../../../../Raw-Surf/frontend/node_modules/jsdom/lib/jsdom/browser/not-implemented.js:12:26)
      at HTMLCanvasElementImpl.getContext (../../../../../Raw-Surf/frontend/node_modules/jsdom/lib/jsdom/living/nodes/HTMLCanvasElement-impl.js:42:5)
      at HTMLCanvasElement.getContext (../../../../../Raw-Surf/frontend/node_modules/jsdom/lib/jsdom/living/generated/HTMLCanvasElement.js:131:58)
      at overlayBasemapWaterOnMask (src/components/map/WebGLMarineMaskRenderer.js:220:14)
      at Object.<anonymous> (src/components/map/WebGLMarineMaskRenderer.test.js:91:41)

    console.error
      Error: Not implemented: HTMLCanvasElement.prototype.getContext (without installing the canvas npm package)
          at module.exports (C:\Users\dprit\Raw-Surf\frontend\node_modules\jsdom\lib\jsdom\browser\not-implemented.js:9:17)
          at HTMLCanvasElementImpl.getContext (C:\Users\dprit\Raw-Surf\frontend\node_modules\jsdom\lib\jsdom\living\nodes\HTMLCanvasElement-impl.js:42:5)
          at HTMLCanvasElement.getContext (C:\Users\dprit\Raw-Surf\frontend\node_modules\jsdom\lib\jsdom\living\generated\HTMLCanvasElement.js:131:58)
          at snapshotNeTruth (C:\Users\dprit\OneDrive\Documents\New project\raw-surf-weather-audit\frontend\src\components\map\inlandWaterGuard.js:168:21)
          at overlayBasemapWaterOnMask (C:\Users\dprit\OneDrive\Documents\New project\raw-surf-weather-audit\frontend\src\components\map\WebGLMarineMaskRenderer.js:204:37)
          at Object.<anonymous> (C:\Users\dprit\OneDrive\Documents\New project\raw-surf-weather-audit\frontend\src\components\map\WebGLMarineMaskRenderer.test.js:103:41)
          at Promise.then.completed (C:\Users\dprit\Raw-Surf\frontend\node_modules\jest-circus\build\utils.js:391:28)
          at new Promise (<anonymous>)
          at callAsyncCircusFn (C:\Users\dprit\Raw-Surf\frontend\node_modules\jest-circus\build\utils.js:316:10)
          at _callCircusTest (C:\Users\dprit\Raw-Surf\frontend\node_modules\jest-circus\build\run.js:218:40)
          at _runTest (C:\Users\dprit\Raw-Surf\frontend\node_modules\jest-circus\build\run.js:155:3)
          at _runTestsForDescribeBlock (C:\Users\dprit\Raw-Surf\frontend\node_modules\jest-circus\build\run.js:66:9)
          at _runTestsForDescribeBlock (C:\Users\dprit\Raw-Surf\frontend\node_modules\jest-circus\build\run.js:60:9)
          at run (C:\Users\dprit\Raw-Surf\frontend\node_modules\jest-circus\build\run.js:25:3)
          at runAndTransformResultsToJestFormat (C:\Users\dprit\Raw-Surf\frontend\node_modules\jest-circus\build\legacy-code-todo-rewrite\jestAdapterInit.js:170:21)
          at jestAdapter (C:\Users\dprit\Raw-Surf\frontend\node_modules\jest-circus\build\legacy-code-todo-rewrite\jestAdapter.js:82:19)
          at runTestInternal (C:\Users\dprit\Raw-Surf\frontend\node_modules\jest-runner\build\runTest.js:389:16)
          at runTest (C:\Users\dprit\Raw-Surf\frontend\node_modules\jest-runner\build\runTest.js:475:34) undefined

      18 |   console.error = (...args) => {
      19 |     if (typeof args[0] === 'string' && args[0].includes('act(')) return;
    > 20 |     originalError.call(console, ...args);
         |                   ^
      21 |   };
      22 | });
      23 |

      at console.error (src/setupTests.js:20:19)
      at VirtualConsole.<anonymous> (../../../../../Raw-Surf/frontend/node_modules/jsdom/lib/jsdom/virtual-console.js:29:45)
      at module.exports (../../../../../Raw-Surf/frontend/node_modules/jsdom/lib/jsdom/browser/not-implemented.js:12:26)
      at HTMLCanvasElementImpl.getContext (../../../../../Raw-Surf/frontend/node_modules/jsdom/lib/jsdom/living/nodes/HTMLCanvasElement-impl.js:42:5)
      at HTMLCanvasElement.getContext (../../../../../Raw-Surf/frontend/node_modules/jsdom/lib/jsdom/living/generated/HTMLCanvasElement.js:131:58)
      at snapshotNeTruth (src/components/map/inlandWaterGuard.js:168:21)
      at overlayBasemapWaterOnMask (src/components/map/WebGLMarineMaskRenderer.js:204:37)
      at Object.<anonymous> (src/components/map/WebGLMarineMaskRenderer.test.js:103:41)

    console.error
      Error: Not implemented: HTMLCanvasElement.prototype.getContext (without installing the canvas npm package)
          at module.exports (C:\Users\dprit\Raw-Surf\frontend\node_modules\jsdom\lib\jsdom\browser\not-implemented.js:9:17)
          at HTMLCanvasElementImpl.getContext (C:\Users\dprit\Raw-Surf\frontend\node_modules\jsdom\lib\jsdom\living\nodes\HTMLCanvasElement-impl.js:42:5)
          at HTMLCanvasElement.getContext (C:\Users\dprit\Raw-Surf\frontend\node_modules\jsdom\lib\jsdom\living\generated\HTMLCanvasElement.js:131:58)
          at overlayBasemapWaterOnMask (C:\Users\dprit\OneDrive\Documents\New project\raw-surf-weather-audit\frontend\src\components\map\WebGLMarineMaskRenderer.js:220:14)
          at Object.<anonymous> (C:\Users\dprit\OneDrive\Documents\New project\raw-surf-weather-audit\frontend\src\components\map\WebGLMarineMaskRenderer.test.js:103:41)
          at Promise.then.completed (C:\Users\dprit\Raw-Surf\frontend\node_modules\jest-circus\build\utils.js:391:28)
          at new Promise (<anonymous>)
          at callAsyncCircusFn (C:\Users\dprit\Raw-Surf\frontend\node_modules\jest-circus\build\utils.js:316:10)
          at _callCircusTest (C:\Users\dprit\Raw-Surf\frontend\node_modules\jest-circus\build\run.js:218:40)
          at _runTest (C:\Users\dprit\Raw-Surf\frontend\node_modules\jest-circus\build\run.js:155:3)
          at _runTestsForDescribeBlock (C:\Users\dprit\Raw-Surf\frontend\node_modules\jest-circus\build\run.js:66:9)
          at _runTestsForDescribeBlock (C:\Users\dprit\Raw-Surf\frontend\node_modules\jest-circus\build\run.js:60:9)
          at run (C:\Users\dprit\Raw-Surf\frontend\node_modules\jest-circus\build\run.js:25:3)
          at runAndTransformResultsToJestFormat (C:\Users\dprit\Raw-Surf\frontend\node_modules\jest-circus\build\legacy-code-todo-rewrite\jestAdapterInit.js:170:21)
          at jestAdapter (C:\Users\dprit\Raw-Surf\frontend\node_modules\jest-circus\build\legacy-code-todo-rewrite\jestAdapter.js:82:19)
          at runTestInternal (C:\Users\dprit\Raw-Surf\frontend\node_modules\jest-runner\build\runTest.js:389:16)
          at runTest (C:\Users\dprit\Raw-Surf\frontend\node_modules\jest-runner\build\runTest.js:475:34) undefined

      18 |   console.error = (...args) => {
      19 |     if (typeof args[0] === 'string' && args[0].includes('act(')) return;
    > 20 |     originalError.call(console, ...args);
         |                   ^
      21 |   };
      22 | });
      23 |

      at console.error (src/setupTests.js:20:19)
      at VirtualConsole.<anonymous> (../../../../../Raw-Surf/frontend/node_modules/jsdom/lib/jsdom/virtual-console.js:29:45)
      at module.exports (../../../../../Raw-Surf/frontend/node_modules/jsdom/lib/jsdom/browser/not-implemented.js:12:26)
      at HTMLCanvasElementImpl.getContext (../../../../../Raw-Surf/frontend/node_modules/jsdom/lib/jsdom/living/nodes/HTMLCanvasElement-impl.js:42:5)
      at HTMLCanvasElement.getContext (../../../../../Raw-Surf/frontend/node_modules/jsdom/lib/jsdom/living/generated/HTMLCanvasElement.js:131:58)
      at overlayBasemapWaterOnMask (src/components/map/WebGLMarineMaskRenderer.js:220:14)
      at Object.<anonymous> (src/components/map/WebGLMarineMaskRenderer.test.js:103:41)

    console.error
      Error: Not implemented: HTMLCanvasElement.prototype.getContext (without installing the canvas npm package)
          at module.exports (C:\Users\dprit\Raw-Surf\frontend\node_modules\jsdom\lib\jsdom\browser\not-implemented.js:9:17)
          at HTMLCanvasElementImpl.getContext (C:\Users\dprit\Raw-Surf\frontend\node_modules\jsdom\lib\jsdom\living\nodes\HTMLCanvasElement-impl.js:42:5)
          at HTMLCanvasElement.getContext (C:\Users\dprit\Raw-Surf\frontend\node_modules\jsdom\lib\jsdom\living\generated\HTMLCanvasElement.js:131:58)
          at snapshotNeTruth (C:\Users\dprit\OneDrive\Documents\New project\raw-surf-weather-audit\frontend\src\components\map\inlandWaterGuard.js:168:21)
          at overlayBasemapWaterOnMask (C:\Users\dprit\OneDrive\Documents\New project\raw-surf-weather-audit\frontend\src\components\map\WebGLMarineMaskRenderer.js:204:37)
          at Object.<anonymous> (C:\Users\dprit\OneDrive\Documents\New project\raw-surf-weather-audit\frontend\src\components\map\WebGLMarineMaskRenderer.test.js:113:41)
          at Promise.then.completed (C:\Users\dprit\Raw-Surf\frontend\node_modules\jest-circus\build\utils.js:391:28)
          at new Promise (<anonymous>)
          at callAsyncCircusFn (C:\Users\dprit\Raw-Surf\frontend\node_modules\jest-circus\build\utils.js:316:10)
          at _callCircusTest (C:\Users\dprit\Raw-Surf\frontend\node_modules\jest-circus\build\run.js:218:40)
          at _runTest (C:\Users\dprit\Raw-Surf\frontend\node_modules\jest-circus\build\run.js:155:3)
          at _runTestsForDescribeBlock (C:\Users\dprit\Raw-Surf\frontend\node_modules\jest-circus\build\run.js:66:9)
          at _runTestsForDescribeBlock (C:\Users\dprit\Raw-Surf\frontend\node_modules\jest-circus\build\run.js:60:9)
          at run (C:\Users\dprit\Raw-Surf\frontend\node_modules\jest-circus\build\run.js:25:3)
          at runAndTransformResultsToJestFormat (C:\Users\dprit\Raw-Surf\frontend\node_modules\jest-circus\build\legacy-code-todo-rewrite\jestAdapterInit.js:170:21)
          at jestAdapter (C:\Users\dprit\Raw-Surf\frontend\node_modules\jest-circus\build\legacy-code-todo-rewrite\jestAdapter.js:82:19)
          at runTestInternal (C:\Users\dprit\Raw-Surf\frontend\node_modules\jest-runner\build\runTest.js:389:16)
          at runTest (C:\Users\dprit\Raw-Surf\frontend\node_modules\jest-runner\build\runTest.js:475:34) undefined

      18 |   console.error = (...args) => {
      19 |     if (typeof args[0] === 'string' && args[0].includes('act(')) return;
    > 20 |     originalError.call(console, ...args);
         |                   ^
      21 |   };
      22 | });
      23 |

      at console.error (src/setupTests.js:20:19)
      at VirtualConsole.<anonymous> (../../../../../Raw-Surf/frontend/node_modules/jsdom/lib/jsdom/virtual-console.js:29:45)
      at module.exports (../../../../../Raw-Surf/frontend/node_modules/jsdom/lib/jsdom/browser/not-implemented.js:12:26)
      at HTMLCanvasElementImpl.getContext (../../../../../Raw-Surf/frontend/node_modules/jsdom/lib/jsdom/living/nodes/HTMLCanvasElement-impl.js:42:5)
      at HTMLCanvasElement.getContext (../../../../../Raw-Surf/frontend/node_modules/jsdom/lib/jsdom/living/generated/HTMLCanvasElement.js:131:58)
      at snapshotNeTruth (src/components/map/inlandWaterGuard.js:168:21)
      at overlayBasemapWaterOnMask (src/components/map/WebGLMarineMaskRenderer.js:204:37)
      at Object.<anonymous> (src/components/map/WebGLMarineMaskRenderer.test.js:113:41)

    console.error
      Error: Not implemented: HTMLCanvasElement.prototype.getContext (without installing the canvas npm package)
          at module.exports (C:\Users\dprit\Raw-Surf\frontend\node_modules\jsdom\lib\jsdom\browser\not-implemented.js:9:17)
          at HTMLCanvasElementImpl.getContext (C:\Users\dprit\Raw-Surf\frontend\node_modules\jsdom\lib\jsdom\living\nodes\HTMLCanvasElement-impl.js:42:5)
          at HTMLCanvasElement.getContext (C:\Users\dprit\Raw-Surf\frontend\node_modules\jsdom\lib\jsdom\living\generated\HTMLCanvasElement.js:131:58)
          at overlayBasemapWaterOnMask (C:\Users\dprit\OneDrive\Documents\New project\raw-surf-weather-audit\frontend\src\components\map\WebGLMarineMaskRenderer.js:220:14)
          at Object.<anonymous> (C:\Users\dprit\OneDrive\Documents\New project\raw-surf-weather-audit\frontend\src\components\map\WebGLMarineMaskRenderer.test.js:113:41)
          at Promise.then.completed (C:\Users\dprit\Raw-Surf\frontend\node_modules\jest-circus\build\utils.js:391:28)
          at new Promise (<anonymous>)
          at callAsyncCircusFn (C:\Users\dprit\Raw-Surf\frontend\node_modules\jest-circus\build\utils.js:316:10)
          at _callCircusTest (C:\Users\dprit\Raw-Surf\frontend\node_modules\jest-circus\build\run.js:218:40)
          at _runTest (C:\Users\dprit\Raw-Surf\frontend\node_modules\jest-circus\build\run.js:155:3)
          at _runTestsForDescribeBlock (C:\Users\dprit\Raw-Surf\frontend\node_modules\jest-circus\build\run.js:66:9)
          at _runTestsForDescribeBlock (C:\Users\dprit\Raw-Surf\frontend\node_modules\jest-circus\build\run.js:60:9)
          at run (C:\Users\dprit\Raw-Surf\frontend\node_modules\jest-circus\build\run.js:25:3)
          at runAndTransformResultsToJestFormat (C:\Users\dprit\Raw-Surf\frontend\node_modules\jest-circus\build\legacy-code-todo-rewrite\jestAdapterInit.js:170:21)
          at jestAdapter (C:\Users\dprit\Raw-Surf\frontend\node_modules\jest-circus\build\legacy-code-todo-rewrite\jestAdapter.js:82:19)
          at runTestInternal (C:\Users\dprit\Raw-Surf\frontend\node_modules\jest-runner\build\runTest.js:389:16)
          at runTest (C:\Users\dprit\Raw-Surf\frontend\node_modules\jest-runner\build\runTest.js:475:34) undefined

      18 |   console.error = (...args) => {
      19 |     if (typeof args[0] === 'string' && args[0].includes('act(')) return;
    > 20 |     originalError.call(console, ...args);
         |                   ^
      21 |   };
      22 | });
      23 |

      at console.error (src/setupTests.js:20:19)
      at VirtualConsole.<anonymous> (../../../../../Raw-Surf/frontend/node_modules/jsdom/lib/jsdom/virtual-console.js:29:45)
      at module.exports (../../../../../Raw-Surf/frontend/node_modules/jsdom/lib/jsdom/browser/not-implemented.js:12:26)
      at HTMLCanvasElementImpl.getContext (../../../../../Raw-Surf/frontend/node_modules/jsdom/lib/jsdom/living/nodes/HTMLCanvasElement-impl.js:42:5)
      at HTMLCanvasElement.getContext (../../../../../Raw-Surf/frontend/node_modules/jsdom/lib/jsdom/living/generated/HTMLCanvasElement.js:131:58)
      at overlayBasemapWaterOnMask (src/components/map/WebGLMarineMaskRenderer.js:220:14)
      at Object.<anonymous> (src/components/map/WebGLMarineMaskRenderer.test.js:113:41)

    console.error
      Error: Not implemented: HTMLCanvasElement.prototype.getContext (without installing the canvas npm package)
          at module.exports (C:\Users\dprit\Raw-Surf\frontend\node_modules\jsdom\lib\jsdom\browser\not-implemented.js:9:17)
          at HTMLCanvasElementImpl.getContext (C:\Users\dprit\Raw-Surf\frontend\node_modules\jsdom\lib\jsdom\living\nodes\HTMLCanvasElement-impl.js:42:5)
          at HTMLCanvasElement.getContext (C:\Users\dprit\Raw-Surf\frontend\node_modules\jsdom\lib\jsdom\living\generated\HTMLCanvasElement.js:131:58)
          at snapshotNeTruth (C:\Users\dprit\OneDrive\Documents\New project\raw-surf-weather-audit\frontend\src\components\map\inlandWaterGuard.js:168:21)
          at overlayBasemapWaterOnMask (C:\Users\dprit\OneDrive\Documents\New project\raw-surf-weather-audit\frontend\src\components\map\WebGLMarineMaskRenderer.js:204:37)
          at Object.<anonymous> (C:\Users\dprit\OneDrive\Documents\New project\raw-surf-weather-audit\frontend\src\components\map\WebGLMarineMaskRenderer.test.js:155:41)
          at Promise.then.completed (C:\Users\dprit\Raw-Surf\frontend\node_modules\jest-circus\build\utils.js:391:28)
          at new Promise (<anonymous>)
          at callAsyncCircusFn (C:\Users\dprit\Raw-Surf\frontend\node_modules\jest-circus\build\utils.js:316:10)
          at _callCircusTest (C:\Users\dprit\Raw-Surf\frontend\node_modules\jest-circus\build\run.js:218:40)
          at _runTest (C:\Users\dprit\Raw-Surf\frontend\node_modules\jest-circus\build\run.js:155:3)
          at _runTestsForDescribeBlock (C:\Users\dprit\Raw-Surf\frontend\node_modules\jest-circus\build\run.js:66:9)
          at _runTestsForDescribeBlock (C:\Users\dprit\Raw-Surf\frontend\node_modules\jest-circus\build\run.js:60:9)
          at run (C:\Users\dprit\Raw-Surf\frontend\node_modules\jest-circus\build\run.js:25:3)
          at runAndTransformResultsToJestFormat (C:\Users\dprit\Raw-Surf\frontend\node_modules\jest-circus\build\legacy-code-todo-rewrite\jestAdapterInit.js:170:21)
          at jestAdapter (C:\Users\dprit\Raw-Surf\frontend\node_modules\jest-circus\build\legacy-code-todo-rewrite\jestAdapter.js:82:19)
          at runTestInternal (C:\Users\dprit\Raw-Surf\frontend\node_modules\jest-runner\build\runTest.js:389:16)
          at runTest (C:\Users\dprit\Raw-Surf\frontend\node_modules\jest-runner\build\runTest.js:475:34) undefined

      18 |   console.error = (...args) => {
      19 |     if (typeof args[0] === 'string' && args[0].includes('act(')) return;
    > 20 |     originalError.call(console, ...args);
         |                   ^
      21 |   };
      22 | });
      23 |

      at console.error (src/setupTests.js:20:19)
      at VirtualConsole.<anonymous> (../../../../../Raw-Surf/frontend/node_modules/jsdom/lib/jsdom/virtual-console.js:29:45)
      at module.exports (../../../../../Raw-Surf/frontend/node_modules/jsdom/lib/jsdom/browser/not-implemented.js:12:26)
      at HTMLCanvasElementImpl.getContext (../../../../../Raw-Surf/frontend/node_modules/jsdom/lib/jsdom/living/nodes/HTMLCanvasElement-impl.js:42:5)
      at HTMLCanvasElement.getContext (../../../../../Raw-Surf/frontend/node_modules/jsdom/lib/jsdom/living/generated/HTMLCanvasElement.js:131:58)
      at snapshotNeTruth (src/components/map/inlandWaterGuard.js:168:21)
      at overlayBasemapWaterOnMask (src/components/map/WebGLMarineMaskRenderer.js:204:37)
      at Object.<anonymous> (src/components/map/WebGLMarineMaskRenderer.test.js:155:41)

    console.error
      Error: Not implemented: HTMLCanvasElement.prototype.getContext (without installing the canvas npm package)
          at module.exports (C:\Users\dprit\Raw-Surf\frontend\node_modules\jsdom\lib\jsdom\browser\not-implemented.js:9:17)
          at HTMLCanvasElementImpl.getContext (C:\Users\dprit\Raw-Surf\frontend\node_modules\jsdom\lib\jsdom\living\nodes\HTMLCanvasElement-impl.js:42:5)
          at HTMLCanvasElement.getContext (C:\Users\dprit\Raw-Surf\frontend\node_modules\jsdom\lib\jsdom\living\generated\HTMLCanvasElement.js:131:58)
          at overlayBasemapWaterOnMask (C:\Users\dprit\OneDrive\Documents\New project\raw-surf-weather-audit\frontend\src\components\map\WebGLMarineMaskRenderer.js:220:14)
          at Object.<anonymous> (C:\Users\dprit\OneDrive\Documents\New project\raw-surf-weather-audit\frontend\src\components\map\WebGLMarineMaskRenderer.test.js:155:41)
          at Promise.then.completed (C:\Users\dprit\Raw-Surf\frontend\node_modules\jest-circus\build\utils.js:391:28)
          at new Promise (<anonymous>)
          at callAsyncCircusFn (C:\Users\dprit\Raw-Surf\frontend\node_modules\jest-circus\build\utils.js:316:10)
          at _callCircusTest (C:\Users\dprit\Raw-Surf\frontend\node_modules\jest-circus\build\run.js:218:40)
          at _runTest (C:\Users\dprit\Raw-Surf\frontend\node_modules\jest-circus\build\run.js:155:3)
          at _runTestsForDescribeBlock (C:\Users\dprit\Raw-Surf\frontend\node_modules\jest-circus\build\run.js:66:9)
          at _runTestsForDescribeBlock (C:\Users\dprit\Raw-Surf\frontend\node_modules\jest-circus\build\run.js:60:9)
          at run (C:\Users\dprit\Raw-Surf\frontend\node_modules\jest-circus\build\run.js:25:3)
          at runAndTransformResultsToJestFormat (C:\Users\dprit\Raw-Surf\frontend\node_modules\jest-circus\build\legacy-code-todo-rewrite\jestAdapterInit.js:170:21)
          at jestAdapter (C:\Users\dprit\Raw-Surf\frontend\node_modules\jest-circus\build\legacy-code-todo-rewrite\jestAdapter.js:82:19)
          at runTestInternal (C:\Users\dprit\Raw-Surf\frontend\node_modules\jest-runner\build\runTest.js:389:16)
          at runTest (C:\Users\dprit\Raw-Surf\frontend\node_modules\jest-runner\build\runTest.js:475:34) undefined

      18 |   console.error = (...args) => {
      19 |     if (typeof args[0] === 'string' && args[0].includes('act(')) return;
    > 20 |     originalError.call(console, ...args);
         |                   ^
      21 |   };
      22 | });
      23 |

      at console.error (src/setupTests.js:20:19)
      at VirtualConsole.<anonymous> (../../../../../Raw-Surf/frontend/node_modules/jsdom/lib/jsdom/virtual-console.js:29:45)
      at module.exports (../../../../../Raw-Surf/frontend/node_modules/jsdom/lib/jsdom/browser/not-implemented.js:12:26)
      at HTMLCanvasElementImpl.getContext (../../../../../Raw-Surf/frontend/node_modules/jsdom/lib/jsdom/living/nodes/HTMLCanvasElement-impl.js:42:5)
      at HTMLCanvasElement.getContext (../../../../../Raw-Surf/frontend/node_modules/jsdom/lib/jsdom/living/generated/HTMLCanvasElement.js:131:58)
      at overlayBasemapWaterOnMask (src/components/map/WebGLMarineMaskRenderer.js:220:14)
      at Object.<anonymous> (src/components/map/WebGLMarineMaskRenderer.test.js:155:41)

    console.error
      Error: Not implemented: HTMLCanvasElement.prototype.getContext (without installing the canvas npm package)
          at module.exports (C:\Users\dprit\Raw-Surf\frontend\node_modules\jsdom\lib\jsdom\browser\not-implemented.js:9:17)
          at HTMLCanvasElementImpl.getContext (C:\Users\dprit\Raw-Surf\frontend\node_modules\jsdom\lib\jsdom\living\nodes\HTMLCanvasElement-impl.js:42:5)
          at HTMLCanvasElement.getContext (C:\Users\dprit\Raw-Surf\frontend\node_modules\jsdom\lib\jsdom\living\generated\HTMLCanvasElement.js:131:58)
          at snapshotNeTruth (C:\Users\dprit\OneDrive\Documents\New project\raw-surf-weather-audit\frontend\src\components\map\inlandWaterGuard.js:168:21)
          at overlayBasemapWaterOnMask (C:\Users\dprit\OneDrive\Documents\New project\raw-surf-weather-audit\frontend\src\components\map\WebGLMarineMaskRenderer.js:204:37)
          at Object.<anonymous> (C:\Users\dprit\OneDrive\Documents\New project\raw-surf-weather-audit\frontend\src\components\map\WebGLMarineMaskRenderer.test.js:243:41)
          at Promise.then.completed (C:\Users\dprit\Raw-Surf\frontend\node_modules\jest-circus\build\utils.js:391:28)
          at new Promise (<anonymous>)
          at callAsyncCircusFn (C:\Users\dprit\Raw-Surf\frontend\node_modules\jest-circus\build\utils.js:316:10)
          at _callCircusTest (C:\Users\dprit\Raw-Surf\frontend\node_modules\jest-circus\build\run.js:218:40)
          at _runTest (C:\Users\dprit\Raw-Surf\frontend\node_modules\jest-circus\build\run.js:155:3)
          at _runTestsForDescribeBlock (C:\Users\dprit\Raw-Surf\frontend\node_modules\jest-circus\build\run.js:66:9)
          at _runTestsForDescribeBlock (C:\Users\dprit\Raw-Surf\frontend\node_modules\jest-circus\build\run.js:60:9)
          at run (C:\Users\dprit\Raw-Surf\frontend\node_modules\jest-circus\build\run.js:25:3)
          at runAndTransformResultsToJestFormat (C:\Users\dprit\Raw-Surf\frontend\node_modules\jest-circus\build\legacy-code-todo-rewrite\jestAdapterInit.js:170:21)
          at jestAdapter (C:\Users\dprit\Raw-Surf\frontend\node_modules\jest-circus\build\legacy-code-todo-rewrite\jestAdapter.js:82:19)
          at runTestInternal (C:\Users\dprit\Raw-Surf\frontend\node_modules\jest-runner\build\runTest.js:389:16)
          at runTest (C:\Users\dprit\Raw-Surf\frontend\node_modules\jest-runner\build\runTest.js:475:34) undefined

      18 |   console.error = (...args) => {
      19 |     if (typeof args[0] === 'string' && args[0].includes('act(')) return;
    > 20 |     originalError.call(console, ...args);
         |                   ^
      21 |   };
      22 | });
      23 |

      at console.error (src/setupTests.js:20:19)
      at VirtualConsole.<anonymous> (../../../../../Raw-Surf/frontend/node_modules/jsdom/lib/jsdom/virtual-console.js:29:45)
      at module.exports (../../../../../Raw-Surf/frontend/node_modules/jsdom/lib/jsdom/browser/not-implemented.js:12:26)
      at HTMLCanvasElementImpl.getContext (../../../../../Raw-Surf/frontend/node_modules/jsdom/lib/jsdom/living/nodes/HTMLCanvasElement-impl.js:42:5)
      at HTMLCanvasElement.getContext (../../../../../Raw-Surf/frontend/node_modules/jsdom/lib/jsdom/living/generated/HTMLCanvasElement.js:131:58)
      at snapshotNeTruth (src/components/map/inlandWaterGuard.js:168:21)
      at overlayBasemapWaterOnMask (src/components/map/WebGLMarineMaskRenderer.js:204:37)
      at Object.<anonymous> (src/components/map/WebGLMarineMaskRenderer.test.js:243:41)

    console.error
      Error: Not implemented: HTMLCanvasElement.prototype.getContext (without installing the canvas npm package)
          at module.exports (C:\Users\dprit\Raw-Surf\frontend\node_modules\jsdom\lib\jsdom\browser\not-implemented.js:9:17)
          at HTMLCanvasElementImpl.getContext (C:\Users\dprit\Raw-Surf\frontend\node_modules\jsdom\lib\jsdom\living\nodes\HTMLCanvasElement-impl.js:42:5)
          at HTMLCanvasElement.getContext (C:\Users\dprit\Raw-Surf\frontend\node_modules\jsdom\lib\jsdom\living\generated\HTMLCanvasElement.js:131:58)
          at overlayBasemapWaterOnMask (C:\Users\dprit\OneDrive\Documents\New project\raw-surf-weather-audit\frontend\src\components\map\WebGLMarineMaskRenderer.js:220:14)
          at Object.<anonymous> (C:\Users\dprit\OneDrive\Documents\New project\raw-surf-weather-audit\frontend\src\components\map\WebGLMarineMaskRenderer.test.js:243:41)
          at Promise.then.completed (C:\Users\dprit\Raw-Surf\frontend\node_modules\jest-circus\build\utils.js:391:28)
          at new Promise (<anonymous>)
          at callAsyncCircusFn (C:\Users\dprit\Raw-Surf\frontend\node_modules\jest-circus\build\utils.js:316:10)
          at _callCircusTest (C:\Users\dprit\Raw-Surf\frontend\node_modules\jest-circus\build\run.js:218:40)
          at _runTest (C:\Users\dprit\Raw-Surf\frontend\node_modules\jest-circus\build\run.js:155:3)
          at _runTestsForDescribeBlock (C:\Users\dprit\Raw-Surf\frontend\node_modules\jest-circus\build\run.js:66:9)
          at _runTestsForDescribeBlock (C:\Users\dprit\Raw-Surf\frontend\node_modules\jest-circus\build\run.js:60:9)
          at run (C:\Users\dprit\Raw-Surf\frontend\node_modules\jest-circus\build\run.js:25:3)
          at runAndTransformResultsToJestFormat (C:\Users\dprit\Raw-Surf\frontend\node_modules\jest-circus\build\legacy-code-todo-rewrite\jestAdapterInit.js:170:21)
          at jestAdapter (C:\Users\dprit\Raw-Surf\frontend\node_modules\jest-circus\build\legacy-code-todo-rewrite\jestAdapter.js:82:19)
          at runTestInternal (C:\Users\dprit\Raw-Surf\frontend\node_modules\jest-runner\build\runTest.js:389:16)
          at runTest (C:\Users\dprit\Raw-Surf\frontend\node_modules\jest-runner\build\runTest.js:475:34) undefined

      18 |   console.error = (...args) => {
      19 |     if (typeof args[0] === 'string' && args[0].includes('act(')) return;
    > 20 |     originalError.call(console, ...args);
         |                   ^
      21 |   };
      22 | });
      23 |

      at console.error (src/setupTests.js:20:19)
      at VirtualConsole.<anonymous> (../../../../../Raw-Surf/frontend/node_modules/jsdom/lib/jsdom/virtual-console.js:29:45)
      at module.exports (../../../../../Raw-Surf/frontend/node_modules/jsdom/lib/jsdom/browser/not-implemented.js:12:26)
      at HTMLCanvasElementImpl.getContext (../../../../../Raw-Surf/frontend/node_modules/jsdom/lib/jsdom/living/nodes/HTMLCanvasElement-impl.js:42:5)
      at HTMLCanvasElement.getContext (../../../../../Raw-Surf/frontend/node_modules/jsdom/lib/jsdom/living/generated/HTMLCanvasElement.js:131:58)
      at overlayBasemapWaterOnMask (src/components/map/WebGLMarineMaskRenderer.js:220:14)
      at Object.<anonymous> (src/components/map/WebGLMarineMaskRenderer.test.js:243:41)

    console.error
      Error: Not implemented: HTMLCanvasElement.prototype.getContext (without installing the canvas npm package)
          at module.exports (C:\Users\dprit\Raw-Surf\frontend\node_modules\jsdom\lib\jsdom\browser\not-implemented.js:9:17)
          at HTMLCanvasElementImpl.getContext (C:\Users\dprit\Raw-Surf\frontend\node_modules\jsdom\lib\jsdom\living\nodes\HTMLCanvasElement-impl.js:42:5)
          at HTMLCanvasElement.getContext (C:\Users\dprit\Raw-Surf\frontend\node_modules\jsdom\lib\jsdom\living\generated\HTMLCanvasElement.js:131:58)
          at snapshotNeTruth (C:\Users\dprit\OneDrive\Documents\New project\raw-surf-weather-audit\frontend\src\components\map\inlandWaterGuard.js:168:21)
          at overlayBasemapWaterOnMask (C:\Users\dprit\OneDrive\Documents\New project\raw-surf-weather-audit\frontend\src\components\map\WebGLMarineMaskRenderer.js:204:37)
          at Object.<anonymous> (C:\Users\dprit\OneDrive\Documents\New project\raw-surf-weather-audit\frontend\src\components\map\WebGLMarineMaskRenderer.test.js:264:32)
          at Promise.then.completed (C:\Users\dprit\Raw-Surf\frontend\node_modules\jest-circus\build\utils.js:391:28)
          at new Promise (<anonymous>)
          at callAsyncCircusFn (C:\Users\dprit\Raw-Surf\frontend\node_modules\jest-circus\build\utils.js:316:10)
          at _callCircusTest (C:\Users\dprit\Raw-Surf\frontend\node_modules\jest-circus\build\run.js:218:40)
          at _runTest (C:\Users\dprit\Raw-Surf\frontend\node_modules\jest-circus\build\run.js:155:3)
          at _runTestsForDescribeBlock (C:\Users\dprit\Raw-Surf\frontend\node_modules\jest-circus\build\run.js:66:9)
          at _runTestsForDescribeBlock (C:\Users\dprit\Raw-Surf\frontend\node_modules\jest-circus\build\run.js:60:9)
          at run (C:\Users\dprit\Raw-Surf\frontend\node_modules\jest-circus\build\run.js:25:3)
          at runAndTransformResultsToJestFormat (C:\Users\dprit\Raw-Surf\frontend\node_modules\jest-circus\build\legacy-code-todo-rewrite\jestAdapterInit.js:170:21)
          at jestAdapter (C:\Users\dprit\Raw-Surf\frontend\node_modules\jest-circus\build\legacy-code-todo-rewrite\jestAdapter.js:82:19)
          at runTestInternal (C:\Users\dprit\Raw-Surf\frontend\node_modules\jest-runner\build\runTest.js:389:16)
          at runTest (C:\Users\dprit\Raw-Surf\frontend\node_modules\jest-runner\build\runTest.js:475:34) undefined

      18 |   console.error = (...args) => {
      19 |     if (typeof args[0] === 'string' && args[0].includes('act(')) return;
    > 20 |     originalError.call(console, ...args);
         |                   ^
      21 |   };
      22 | });
      23 |

      at console.error (src/setupTests.js:20:19)
      at VirtualConsole.<anonymous> (../../../../../Raw-Surf/frontend/node_modules/jsdom/lib/jsdom/virtual-console.js:29:45)
      at module.exports (../../../../../Raw-Surf/frontend/node_modules/jsdom/lib/jsdom/browser/not-implemented.js:12:26)
      at HTMLCanvasElementImpl.getContext (../../../../../Raw-Surf/frontend/node_modules/jsdom/lib/jsdom/living/nodes/HTMLCanvasElement-impl.js:42:5)
      at HTMLCanvasElement.getContext (../../../../../Raw-Surf/frontend/node_modules/jsdom/lib/jsdom/living/generated/HTMLCanvasElement.js:131:58)
      at snapshotNeTruth (src/components/map/inlandWaterGuard.js:168:21)
      at overlayBasemapWaterOnMask (src/components/map/WebGLMarineMaskRenderer.js:204:37)
      at Object.<anonymous> (src/components/map/WebGLMarineMaskRenderer.test.js:264:32)

    console.error
      Error: Not implemented: HTMLCanvasElement.prototype.getContext (without installing the canvas npm package)
          at module.exports (C:\Users\dprit\Raw-Surf\frontend\node_modules\jsdom\lib\jsdom\browser\not-implemented.js:9:17)
          at HTMLCanvasElementImpl.getContext (C:\Users\dprit\Raw-Surf\frontend\node_modules\jsdom\lib\jsdom\living\nodes\HTMLCanvasElement-impl.js:42:5)
          at HTMLCanvasElement.getContext (C:\Users\dprit\Raw-Surf\frontend\node_modules\jsdom\lib\jsdom\living\generated\HTMLCanvasElement.js:131:58)
          at overlayBasemapWaterOnMask (C:\Users\dprit\OneDrive\Documents\New project\raw-surf-weather-audit\frontend\src\components\map\WebGLMarineMaskRenderer.js:220:14)
          at Object.<anonymous> (C:\Users\dprit\OneDrive\Documents\New project\raw-surf-weather-audit\frontend\src\components\map\WebGLMarineMaskRenderer.test.js:264:32)
          at Promise.then.completed (C:\Users\dprit\Raw-Surf\frontend\node_modules\jest-circus\build\utils.js:391:28)
          at new Promise (<anonymous>)
          at callAsyncCircusFn (C:\Users\dprit\Raw-Surf\frontend\node_modules\jest-circus\build\utils.js:316:10)
          at _callCircusTest (C:\Users\dprit\Raw-Surf\frontend\node_modules\jest-circus\build\run.js:218:40)
          at _runTest (C:\Users\dprit\Raw-Surf\frontend\node_modules\jest-circus\build\run.js:155:3)
          at _runTestsForDescribeBlock (C:\Users\dprit\Raw-Surf\frontend\node_modules\jest-circus\build\run.js:66:9)
          at _runTestsForDescribeBlock (C:\Users\dprit\Raw-Surf\frontend\node_modules\jest-circus\build\run.js:60:9)
          at run (C:\Users\dprit\Raw-Surf\frontend\node_modules\jest-circus\build\run.js:25:3)
          at runAndTransformResultsToJestFormat (C:\Users\dprit\Raw-Surf\frontend\node_modules\jest-circus\build\legacy-code-todo-rewrite\jestAdapterInit.js:170:21)
          at jestAdapter (C:\Users\dprit\Raw-Surf\frontend\node_modules\jest-circus\build\legacy-code-todo-rewrite\jestAdapter.js:82:19)
          at runTestInternal (C:\Users\dprit\Raw-Surf\frontend\node_modules\jest-runner\build\runTest.js:389:16)
          at runTest (C:\Users\dprit\Raw-Surf\frontend\node_modules\jest-runner\build\runTest.js:475:34) undefined

      18 |   console.error = (...args) => {
      19 |     if (typeof args[0] === 'string' && args[0].includes('act(')) return;
    > 20 |     originalError.call(console, ...args);
         |                   ^
      21 |   };
      22 | });
      23 |

      at console.error (src/setupTests.js:20:19)
      at VirtualConsole.<anonymous> (../../../../../Raw-Surf/frontend/node_modules/jsdom/lib/jsdom/virtual-console.js:29:45)
      at module.exports (../../../../../Raw-Surf/frontend/node_modules/jsdom/lib/jsdom/browser/not-implemented.js:12:26)
      at HTMLCanvasElementImpl.getContext (../../../../../Raw-Surf/frontend/node_modules/jsdom/lib/jsdom/living/nodes/HTMLCanvasElement-impl.js:42:5)
      at HTMLCanvasElement.getContext (../../../../../Raw-Surf/frontend/node_modules/jsdom/lib/jsdom/living/generated/HTMLCanvasElement.js:131:58)
      at overlayBasemapWaterOnMask (src/components/map/WebGLMarineMaskRenderer.js:220:14)
      at Object.<anonymous> (src/components/map/WebGLMarineMaskRenderer.test.js:264:32)

    console.error
      Error: Not implemented: HTMLCanvasElement.prototype.getContext (without installing the canvas npm package)
          at module.exports (C:\Users\dprit\Raw-Surf\frontend\node_modules\jsdom\lib\jsdom\browser\not-implemented.js:9:17)
          at HTMLCanvasElementImpl.getContext (C:\Users\dprit\Raw-Surf\frontend\node_modules\jsdom\lib\jsdom\living\nodes\HTMLCanvasElement-impl.js:42:5)
          at HTMLCanvasElement.getContext (C:\Users\dprit\Raw-Surf\frontend\node_modules\jsdom\lib\jsdom\living\generated\HTMLCanvasElement.js:131:58)
          at snapshotNeTruth (C:\Users\dprit\OneDrive\Documents\New project\raw-surf-weather-audit\frontend\src\components\map\inlandWaterGuard.js:168:21)
          at overlayBasemapWaterOnMask (C:\Users\dprit\OneDrive\Documents\New project\raw-surf-weather-audit\frontend\src\components\map\WebGLMarineMaskRenderer.js:204:37)
          at Object.<anonymous> (C:\Users\dprit\OneDrive\Documents\New project\raw-surf-weather-audit\frontend\src\components\map\WebGLMarineMaskRenderer.test.js:278:37)
          at Promise.then.completed (C:\Users\dprit\Raw-Surf\frontend\node_modules\jest-circus\build\utils.js:391:28)
          at new Promise (<anonymous>)
          at callAsyncCircusFn (C:\Users\dprit\Raw-Surf\frontend\node_modules\jest-circus\build\utils.js:316:10)
          at _callCircusTest (C:\Users\dprit\Raw-Surf\frontend\node_modules\jest-circus\build\run.js:218:40)
          at _runTest (C:\Users\dprit\Raw-Surf\frontend\node_modules\jest-circus\build\run.js:155:3)
          at _runTestsForDescribeBlock (C:\Users\dprit\Raw-Surf\frontend\node_modules\jest-circus\build\run.js:66:9)
          at _runTestsForDescribeBlock (C:\Users\dprit\Raw-Surf\frontend\node_modules\jest-circus\build\run.js:60:9)
          at run (C:\Users\dprit\Raw-Surf\frontend\node_modules\jest-circus\build\run.js:25:3)
          at runAndTransformResultsToJestFormat (C:\Users\dprit\Raw-Surf\frontend\node_modules\jest-circus\build\legacy-code-todo-rewrite\jestAdapterInit.js:170:21)
          at jestAdapter (C:\Users\dprit\Raw-Surf\frontend\node_modules\jest-circus\build\legacy-code-todo-rewrite\jestAdapter.js:82:19)
          at runTestInternal (C:\Users\dprit\Raw-Surf\frontend\node_modules\jest-runner\build\runTest.js:389:16)
          at runTest (C:\Users\dprit\Raw-Surf\frontend\node_modules\jest-runner\build\runTest.js:475:34) undefined

      18 |   console.error = (...args) => {
      19 |     if (typeof args[0] === 'string' && args[0].includes('act(')) return;
    > 20 |     originalError.call(console, ...args);
         |                   ^
      21 |   };
      22 | });
      23 |

      at console.error (src/setupTests.js:20:19)
      at VirtualConsole.<anonymous> (../../../../../Raw-Surf/frontend/node_modules/jsdom/lib/jsdom/virtual-console.js:29:45)
      at module.exports (../../../../../Raw-Surf/frontend/node_modules/jsdom/lib/jsdom/browser/not-implemented.js:12:26)
      at HTMLCanvasElementImpl.getContext (../../../../../Raw-Surf/frontend/node_modules/jsdom/lib/jsdom/living/nodes/HTMLCanvasElement-impl.js:42:5)
      at HTMLCanvasElement.getContext (../../../../../Raw-Surf/frontend/node_modules/jsdom/lib/jsdom/living/generated/HTMLCanvasElement.js:131:58)
      at snapshotNeTruth (src/components/map/inlandWaterGuard.js:168:21)
      at overlayBasemapWaterOnMask (src/components/map/WebGLMarineMaskRenderer.js:204:37)
      at Object.<anonymous> (src/components/map/WebGLMarineMaskRenderer.test.js:278:37)

    console.error
      Error: Not implemented: HTMLCanvasElement.prototype.getContext (without installing the canvas npm package)
          at module.exports (C:\Users\dprit\Raw-Surf\frontend\node_modules\jsdom\lib\jsdom\browser\not-implemented.js:9:17)
          at HTMLCanvasElementImpl.getContext (C:\Users\dprit\Raw-Surf\frontend\node_modules\jsdom\lib\jsdom\living\nodes\HTMLCanvasElement-impl.js:42:5)
          at HTMLCanvasElement.getContext (C:\Users\dprit\Raw-Surf\frontend\node_modules\jsdom\lib\jsdom\living\generated\HTMLCanvasElement.js:131:58)
          at overlayBasemapWaterOnMask (C:\Users\dprit\OneDrive\Documents\New project\raw-surf-weather-audit\frontend\src\components\map\WebGLMarineMaskRenderer.js:220:14)
          at Object.<anonymous> (C:\Users\dprit\OneDrive\Documents\New project\raw-surf-weather-audit\frontend\src\components\map\WebGLMarineMaskRenderer.test.js:278:37)
          at Promise.then.completed (C:\Users\dprit\Raw-Surf\frontend\node_modules\jest-circus\build\utils.js:391:28)
          at new Promise (<anonymous>)
          at callAsyncCircusFn (C:\Users\dprit\Raw-Surf\frontend\node_modules\jest-circus\build\utils.js:316:10)
          at _callCircusTest (C:\Users\dprit\Raw-Surf\frontend\node_modules\jest-circus\build\run.js:218:40)
          at _runTest (C:\Users\dprit\Raw-Surf\frontend\node_modules\jest-circus\build\run.js:155:3)
          at _runTestsForDescribeBlock (C:\Users\dprit\Raw-Surf\frontend\node_modules\jest-circus\build\run.js:66:9)
          at _runTestsForDescribeBlock (C:\Users\dprit\Raw-Surf\frontend\node_modules\jest-circus\build\run.js:60:9)
          at run (C:\Users\dprit\Raw-Surf\frontend\node_modules\jest-circus\build\run.js:25:3)
          at runAndTransformResultsToJestFormat (C:\Users\dprit\Raw-Surf\frontend\node_modules\jest-circus\build\legacy-code-todo-rewrite\jestAdapterInit.js:170:21)
          at jestAdapter (C:\Users\dprit\Raw-Surf\frontend\node_modules\jest-circus\build\legacy-code-todo-rewrite\jestAdapter.js:82:19)
          at runTestInternal (C:\Users\dprit\Raw-Surf\frontend\node_modules\jest-runner\build\runTest.js:389:16)
          at runTest (C:\Users\dprit\Raw-Surf\frontend\node_modules\jest-runner\build\runTest.js:475:34) undefined

      18 |   console.error = (...args) => {
      19 |     if (typeof args[0] === 'string' && args[0].includes('act(')) return;
    > 20 |     originalError.call(console, ...args);
         |                   ^
      21 |   };
      22 | });
      23 |

      at console.error (src/setupTests.js:20:19)
      at VirtualConsole.<anonymous> (../../../../../Raw-Surf/frontend/node_modules/jsdom/lib/jsdom/virtual-console.js:29:45)
      at module.exports (../../../../../Raw-Surf/frontend/node_modules/jsdom/lib/jsdom/browser/not-implemented.js:12:26)
      at HTMLCanvasElementImpl.getContext (../../../../../Raw-Surf/frontend/node_modules/jsdom/lib/jsdom/living/nodes/HTMLCanvasElement-impl.js:42:5)
      at HTMLCanvasElement.getContext (../../../../../Raw-Surf/frontend/node_modules/jsdom/lib/jsdom/living/generated/HTMLCanvasElement.js:131:58)
      at overlayBasemapWaterOnMask (src/components/map/WebGLMarineMaskRenderer.js:220:14)
      at Object.<anonymous> (src/components/map/WebGLMarineMaskRenderer.test.js:278:37)

PASS src/components/map/WebGLMarineEngine.heatmapOpacity.test.js
PASS src/components/map/useMarineOrchestrator.dedup.test.js
PASS src/components/map/WebGLMarineEngine.deliveredCoverage.test.js
PASS src/components/map/WebGLMarineMaskRenderer.antimeridianRing.test.js
PASS src/components/map/WebGLMarineMaskRenderer.islandReassertGate.test.js
PASS src/components/map/WebGLMarineEngine.coarseCrest.test.js
PASS src/components/map/WebGLMarineEngineInit.dispose.test.js
  ● Console

    console.log
      [WebGLMarine] Engine Disposed

      at console.log (src/components/map/WeatherTelemetry.js:144:19)

    console.log
      [WebGLMarine] Engine Disposed

      at console.log (src/components/map/WeatherTelemetry.js:144:19)

    console.log
      [WebGLMarine] Engine Disposed

      at console.log (src/components/map/WeatherTelemetry.js:144:19)

PASS src/components/map/WebGLMarineEngine.tileClamp.test.js
PASS src/components/map/WebGLMarineEngine.deadEdgeTrim.test.js
PASS src/components/map/WebGLMarineTextureEncoder.dilation.test.js
PASS src/components/map/WebGLMarineTextureEncoder.canonicalFields.test.js
  ● Console

    console.log
      [FORENSIC-ENCODE] encodeMarineTexture input: 12 vectors, 12 ocean w/speed, speed: min=2.000m max=2.000m mean=2.000m (6.6ft), cols=4, rows=3

      at console.log (src/components/map/WeatherTelemetry.js:144:19)

    console.log
      [FORENSIC-ENCODE] encodeMarineTexture input: 12 vectors, 12 ocean w/speed, speed: min=2.000m max=2.000m mean=2.000m (6.6ft), cols=4, rows=3

      at console.log (src/components/map/WeatherTelemetry.js:144:19)

    console.log
      [FORENSIC-ENCODE] encodeMarineTexture input: 12 vectors, 12 ocean w/speed, speed: min=2.000m max=2.000m mean=2.000m (6.6ft), cols=4, rows=3

      at console.log (src/components/map/WeatherTelemetry.js:144:19)

    console.log
      [BUILD] bundle=dev

      at console.log (src/components/map/WeatherTelemetry.js:144:19)

PASS src/components/map/WebGLMarineEngine.coarseBaseLru.test.js
PASS src/components/map/WebGLMarineEngine.tileBackoff.test.js
PASS src/components/map/useMarineDataFetcherHelpers.dedup.test.js
PASS src/components/map/useMarineDataFetcherHelpers.cooldownCoverage.test.js
  ● Console

    console.warn
      [Orchestrator] 429 rate limit active, skipping network fetch and entering cooldown fallback

      274 |   getSharedValidTime
      275 | }) {
    > 276 |   console.warn('[Orchestrator] 429 rate limit active, skipping network fetch and entering cooldown fallback');
          |           ^
      277 |   consecutiveFailuresRef.current = 3;
      278 |   if (cooldownRetryRef.current) {
      279 |     clearTimeoutFunc(cooldownRetryRef.current);

      at handleCooldownFallback (src/components/map/useMarineDataFetcherHelpers.js:276:11)
      at run (src/components/map/useMarineDataFetcherHelpers.cooldownCoverage.test.js:28:25)
      at Object.<anonymous> (src/components/map/useMarineDataFetcherHelpers.cooldownCoverage.test.js:56:33)

    console.log
      [Cooldown Fallback] Reusing valid cached grid for GFS layer=waves hour=+0h

      at handleCooldownFallback (src/components/map/useMarineDataFetcherHelpers.js:321:13)

    console.warn
      [Orchestrator] 429 rate limit active, skipping network fetch and entering cooldown fallback

      274 |   getSharedValidTime
      275 | }) {
    > 276 |   console.warn('[Orchestrator] 429 rate limit active, skipping network fetch and entering cooldown fallback');
          |           ^
      277 |   consecutiveFailuresRef.current = 3;
      278 |   if (cooldownRetryRef.current) {
      279 |     clearTimeoutFunc(cooldownRetryRef.current);

      at handleCooldownFallback (src/components/map/useMarineDataFetcherHelpers.js:276:11)
      at run (src/components/map/useMarineDataFetcherHelpers.cooldownCoverage.test.js:28:25)
      at Object.<anonymous> (src/components/map/useMarineDataFetcherHelpers.cooldownCoverage.test.js:62:28)

    console.log
      [Cooldown Fallback] Reusing valid cached grid for GFS layer=waves hour=+0h

      at handleCooldownFallback (src/components/map/useMarineDataFetcherHelpers.js:321:13)

    console.warn
      [Orchestrator] 429 rate limit active, skipping network fetch and entering cooldown fallback

      274 |   getSharedValidTime
      275 | }) {
    > 276 |   console.warn('[Orchestrator] 429 rate limit active, skipping network fetch and entering cooldown fallback');
          |           ^
      277 |   consecutiveFailuresRef.current = 3;
      278 |   if (cooldownRetryRef.current) {
      279 |     clearTimeoutFunc(cooldownRetryRef.current);

      at handleCooldownFallback (src/components/map/useMarineDataFetcherHelpers.js:276:11)
      at run (src/components/map/useMarineDataFetcherHelpers.cooldownCoverage.test.js:28:25)
      at Object.<anonymous> (src/components/map/useMarineDataFetcherHelpers.cooldownCoverage.test.js:67:33)

    console.warn
      [Orchestrator] 429 rate limit active, skipping network fetch and entering cooldown fallback

      274 |   getSharedValidTime
      275 | }) {
    > 276 |   console.warn('[Orchestrator] 429 rate limit active, skipping network fetch and entering cooldown fallback');
          |           ^
      277 |   consecutiveFailuresRef.current = 3;
      278 |   if (cooldownRetryRef.current) {
      279 |     clearTimeoutFunc(cooldownRetryRef.current);

      at handleCooldownFallback (src/components/map/useMarineDataFetcherHelpers.js:276:11)
      at run (src/components/map/useMarineDataFetcherHelpers.cooldownCoverage.test.js:28:25)
      at Object.<anonymous> (src/components/map/useMarineDataFetcherHelpers.cooldownCoverage.test.js:74:33)

    console.log
      [Cooldown Fallback] Reusing valid cached grid for GFS layer=waves hour=+0h

      at handleCooldownFallback (src/components/map/useMarineDataFetcherHelpers.js:321:13)

    console.warn
      [Orchestrator] 429 rate limit active, skipping network fetch and entering cooldown fallback

      274 |   getSharedValidTime
      275 | }) {
    > 276 |   console.warn('[Orchestrator] 429 rate limit active, skipping network fetch and entering cooldown fallback');
          |           ^
      277 |   consecutiveFailuresRef.current = 3;
      278 |   if (cooldownRetryRef.current) {
      279 |     clearTimeoutFunc(cooldownRetryRef.current);

      at handleCooldownFallback (src/components/map/useMarineDataFetcherHelpers.js:276:11)
      at run (src/components/map/useMarineDataFetcherHelpers.cooldownCoverage.test.js:28:25)
      at Object.<anonymous> (src/components/map/useMarineDataFetcherHelpers.cooldownCoverage.test.js:79:33)

    console.log
      [Cooldown Fallback] Reusing valid cached grid for GFS layer=waves hour=+0h

      at handleCooldownFallback (src/components/map/useMarineDataFetcherHelpers.js:321:13)

    console.warn
      [Orchestrator] 429 rate limit active, skipping network fetch and entering cooldown fallback

      274 |   getSharedValidTime
      275 | }) {
    > 276 |   console.warn('[Orchestrator] 429 rate limit active, skipping network fetch and entering cooldown fallback');
          |           ^
      277 |   consecutiveFailuresRef.current = 3;
      278 |   if (cooldownRetryRef.current) {
      279 |     clearTimeoutFunc(cooldownRetryRef.current);

      at handleCooldownFallback (src/components/map/useMarineDataFetcherHelpers.js:276:11)
      at run (src/components/map/useMarineDataFetcherHelpers.cooldownCoverage.test.js:28:25)
      at Object.<anonymous> (src/components/map/useMarineDataFetcherHelpers.cooldownCoverage.test.js:86:33)

    console.log
      [Cooldown Fallback] Reusing valid cached grid for GFS layer=waves hour=+0h

      at handleCooldownFallback (src/components/map/useMarineDataFetcherHelpers.js:321:13)

    console.warn
      [Orchestrator] 429 rate limit active, skipping network fetch and entering cooldown fallback

      274 |   getSharedValidTime
      275 | }) {
    > 276 |   console.warn('[Orchestrator] 429 rate limit active, skipping network fetch and entering cooldown fallback');
          |           ^
      277 |   consecutiveFailuresRef.current = 3;
      278 |   if (cooldownRetryRef.current) {
      279 |     clearTimeoutFunc(cooldownRetryRef.current);

      at handleCooldownFallback (src/components/map/useMarineDataFetcherHelpers.js:276:11)
      at run (src/components/map/useMarineDataFetcherHelpers.cooldownCoverage.test.js:28:25)
      at Object.<anonymous> (src/components/map/useMarineDataFetcherHelpers.cooldownCoverage.test.js:92:33)

    console.log
      [Cooldown Fallback] Reusing valid cached grid for GFS layer=waves hour=+0h

      at handleCooldownFallback (src/components/map/useMarineDataFetcherHelpers.js:321:13)

    console.warn
      [Orchestrator] 429 rate limit active, skipping network fetch and entering cooldown fallback

      274 |   getSharedValidTime
      275 | }) {
    > 276 |   console.warn('[Orchestrator] 429 rate limit active, skipping network fetch and entering cooldown fallback');
          |           ^
      277 |   consecutiveFailuresRef.current = 3;
      278 |   if (cooldownRetryRef.current) {
      279 |     clearTimeoutFunc(cooldownRetryRef.current);

      at handleCooldownFallback (src/components/map/useMarineDataFetcherHelpers.js:276:11)
      at run (src/components/map/useMarineDataFetcherHelpers.cooldownCoverage.test.js:28:25)
      at Object.<anonymous> (src/components/map/useMarineDataFetcherHelpers.cooldownCoverage.test.js:98:42)

PASS src/components/map/WebGLMarineEngine.ribbonTaper.test.js
PASS src/components/map/WebGLMarineEngine.crestRingFill.test.js
PASS src/components/map/WebGLMarineEngine.bridgePromote.test.js
PASS src/components/map/WebGLMarineEngine.subcoverReject.test.js
PASS src/components/map/WebGLMarineEngine.coarseBaseSwap.test.js
PASS src/components/map/useMarineDataFetcherHelpers.activation.test.js
PASS src/components/map/WebGLMarineMaskRenderer.widthTier.test.js
PASS src/components/map/WebGLMarineMaskRenderer.sourceReady.test.js
PASS src/components/map/WebGLMarineTextureEncoder.confidence.test.js
PASS src/components/map/WebGLMarineShaders.test.js
PASS src/components/map/WebGLMarineEngine.landGeoJSONGuard.test.js
PASS src/components/map/useMarineDataFetcherHelpers.panReplay.test.js
PASS src/components/map/WebGLMarineEngine.nullEncodeGuard.test.js
PASS src/components/map/WebGLMarineGeoData.motionUnlock.test.js
PASS src/components/map/useMarineScrubSettle.detectClamp.test.js
PASS src/components/map/WebGLMarineGeoData.cacheIdentity.test.js
PASS src/components/map/WebGLMarineEngineDiagnostics.dedup.test.js
PASS src/components/map/WebGLMarineShaders.whyDebugMode.test.js
PASS src/components/map/WebGLMarineCustomLayer.errorBurst.test.js
PASS src/components/map/WebGLMarineEngine.fineSeamFloor.test.js
PASS src/tests/marineServeDiag.test.js
PASS src/components/map/windTwoTexture.test.js
  ● Console

    console.log
      [WebGLWind] maxWindSpeed updated: 50 -> 20 kn (data max: 20)

      at WebGLWindEngine.setWindData (src/components/map/WebGLWindEngine.js:305:15)

    console.log
      [WEATHER_TRUTH] Stage: webglUpload | TraceID: 57e37bb1 | Product: undefined | Status: OK

      at recordTruthStage (src/components/map/weatherTruthTracker.js:353:13)

    console.log
      [WebGLWind] maxWindSpeed updated: 20 -> 22 kn (data max: 22)

      at WebGLWindEngine.setWindData (src/components/map/WebGLWindEngine.js:305:15)

    console.log
      [WEATHER_TRUTH] Stage: webglUpload | TraceID: 831dd2ac | Product: undefined | Status: OK

      at recordTruthStage (src/components/map/weatherTruthTracker.js:353:13)

    console.log
      [WebGLWind] maxWindSpeed updated: 50 -> 20 kn (data max: 20)

      at WebGLWindEngine.setWindData (src/components/map/WebGLWindEngine.js:305:15)

    console.log
      [WEATHER_TRUTH] Stage: webglUpload | TraceID: 57e37bb1 | Product: undefined | Status: OK

      at recordTruthStage (src/components/map/weatherTruthTracker.js:353:13)

    console.log
      [WebGLWind] FINE overlay filed over resident global base (25x29)

      at WebGLWindEngine.setWindData (src/components/map/WebGLWindEngine.js:250:15)

    console.log
      [WEATHER_TRUTH] Stage: webglUpload | TraceID: 3a2b22c8 | Product: undefined | Status: OK

      at recordTruthStage (src/components/map/weatherTruthTracker.js:353:13)

    console.log
      [WebGLWind] FINE overlay filed over resident global base (18x14)

      at WebGLWindEngine.setWindData (src/components/map/WebGLWindEngine.js:250:15)

    console.log
      [WEATHER_TRUTH] Stage: webglUpload | TraceID: 2e48f8a1 | Product: undefined | Status: OK

      at recordTruthStage (src/components/map/weatherTruthTracker.js:353:13)

    console.log
      [WebGLWind] maxWindSpeed updated: 50 -> 20 kn (data max: 20)

      at WebGLWindEngine.setWindData (src/components/map/WebGLWindEngine.js:305:15)

    console.log
      [WEATHER_TRUTH] Stage: webglUpload | TraceID: 57e37bb1 | Product: undefined | Status: OK

      at recordTruthStage (src/components/map/weatherTruthTracker.js:353:13)

    console.log
      [WebGLWind] FINE overlay filed over resident global base (25x29)

      at WebGLWindEngine.setWindData (src/components/map/WebGLWindEngine.js:250:15)

    console.log
      [WEATHER_TRUTH] Stage: webglUpload | TraceID: 3a2b22c8 | Product: undefined | Status: OK

      at recordTruthStage (src/components/map/weatherTruthTracker.js:353:13)

    console.log
      [WebGLWind] maxWindSpeed updated: 50 -> 20 kn (data max: 20)

      at WebGLWindEngine.setWindData (src/components/map/WebGLWindEngine.js:305:15)

    console.log
      [WEATHER_TRUTH] Stage: webglUpload | TraceID: 57e37bb1 | Product: undefined | Status: OK

      at recordTruthStage (src/components/map/weatherTruthTracker.js:353:13)

    console.log
      [WebGLWind] FINE overlay filed over resident global base (25x29)

      at WebGLWindEngine.setWindData (src/components/map/WebGLWindEngine.js:250:15)

    console.log
      [WEATHER_TRUTH] Stage: webglUpload | TraceID: 3a2b22c8 | Product: undefined | Status: OK

      at recordTruthStage (src/components/map/weatherTruthTracker.js:353:13)

    console.log
      [WebGLWind] maxWindSpeed updated: 20 -> 12 kn (data max: 12)

      at WebGLWindEngine.setWindData (src/components/map/WebGLWindEngine.js:305:15)

    console.log
      [WebGLWind] maxWindSpeed updated: 50 -> 20 kn (data max: 20)

      at WebGLWindEngine.setWindData (src/components/map/WebGLWindEngine.js:305:15)

    console.log
      [WEATHER_TRUTH] Stage: webglUpload | TraceID: 57e37bb1 | Product: undefined | Status: OK

      at recordTruthStage (src/components/map/weatherTruthTracker.js:353:13)

    console.log
      [WebGLWind] FINE overlay filed over resident global base (25x29)

      at WebGLWindEngine.setWindData (src/components/map/WebGLWindEngine.js:250:15)

    console.log
      [WEATHER_TRUTH] Stage: webglUpload | TraceID: 3a2b22c8 | Product: undefined | Status: OK

      at recordTruthStage (src/components/map/weatherTruthTracker.js:353:13)

    console.log
      [WebGLWind] maxWindSpeed updated: 50 -> 20 kn (data max: 20)

      at WebGLWindEngine.setWindData (src/components/map/WebGLWindEngine.js:305:15)

    console.log
      [WEATHER_TRUTH] Stage: webglUpload | TraceID: 57e37bb1 | Product: undefined | Status: OK

      at recordTruthStage (src/components/map/weatherTruthTracker.js:353:13)

    console.log
      [WebGLWind] FINE overlay filed over resident global base (25x29)

      at WebGLWindEngine.setWindData (src/components/map/WebGLWindEngine.js:250:15)

    console.log
      [WEATHER_TRUTH] Stage: webglUpload | TraceID: 3a2b22c8 | Product: undefined | Status: OK

      at recordTruthStage (src/components/map/weatherTruthTracker.js:353:13)

    console.log
      [WebGLWind] maxWindSpeed updated: 20 -> 22 kn (data max: 22)

      at WebGLWindEngine.setWindData (src/components/map/WebGLWindEngine.js:305:15)

    console.log
      [WEATHER_TRUTH] Stage: webglUpload | TraceID: 831dd2ac | Product: undefined | Status: OK

      at recordTruthStage (src/components/map/weatherTruthTracker.js:353:13)

    console.log
      [WebGLWind] maxWindSpeed updated: 50 -> 20 kn (data max: 20)

      at WebGLWindEngine.setWindData (src/components/map/WebGLWindEngine.js:305:15)

    console.log
      [WEATHER_TRUTH] Stage: webglUpload | TraceID: 57e37bb1 | Product: undefined | Status: OK

      at recordTruthStage (src/components/map/weatherTruthTracker.js:353:13)

    console.log
      [WebGLWind] maxWindSpeed updated: 20 -> 12 kn (data max: 12)

      at WebGLWindEngine.setWindData (src/components/map/WebGLWindEngine.js:305:15)

    console.log
      [WEATHER_TRUTH] Stage: webglUpload | TraceID: 3a2b22c8 | Product: undefined | Status: OK

      at recordTruthStage (src/components/map/weatherTruthTracker.js:353:13)

    console.log
      [WebGLWind] maxWindSpeed updated: 50 -> 20 kn (data max: 20)

      at WebGLWindEngine.setWindData (src/components/map/WebGLWindEngine.js:305:15)

    console.log
      [WEATHER_TRUTH] Stage: webglUpload | TraceID: 57e37bb1 | Product: undefined | Status: OK

      at recordTruthStage (src/components/map/weatherTruthTracker.js:353:13)

    console.log
      [WebGLWind] FINE overlay filed over resident global base (25x29)

      at WebGLWindEngine.setWindData (src/components/map/WebGLWindEngine.js:250:15)

    console.log
      [WebGLWind] maxWindSpeed updated: 20 -> 60 kn (data max: 60)

      at WebGLWindEngine.setWindData (src/components/map/WebGLWindEngine.js:305:15)

    console.log
      [WEATHER_TRUTH] Stage: webglUpload | TraceID: d7d1130e | Product: undefined | Status: OK

      at recordTruthStage (src/components/map/weatherTruthTracker.js:353:13)

    console.log
      [WebGLWind] maxWindSpeed updated: 50 -> 20 kn (data max: 20)

      at WebGLWindEngine.setWindData (src/components/map/WebGLWindEngine.js:305:15)

    console.log
      [WEATHER_TRUTH] Stage: webglUpload | TraceID: 57e37bb1 | Product: undefined | Status: OK

      at recordTruthStage (src/components/map/weatherTruthTracker.js:353:13)

    console.log
      [WebGLWind] FINE overlay filed over resident global base (25x29)

      at WebGLWindEngine.setWindData (src/components/map/WebGLWindEngine.js:250:15)

    console.log
      [WEATHER_TRUTH] Stage: webglUpload | TraceID: 3a2b22c8 | Product: undefined | Status: OK

      at recordTruthStage (src/components/map/weatherTruthTracker.js:353:13)

    console.log
      [WebGLWind] maxWindSpeed updated: 50 -> 15 kn (data max: 15)

      at WebGLWindEngine.setWindData (src/components/map/WebGLWindEngine.js:305:15)

    console.log
      [WEATHER_TRUTH] Stage: webglUpload | TraceID: 98cb1d51 | Product: undefined | Status: OK

      at recordTruthStage (src/components/map/weatherTruthTracker.js:353:13)

    console.log
      [WebGLWind] maxWindSpeed updated: 15 -> 12 kn (data max: 12)

      at WebGLWindEngine.setWindData (src/components/map/WebGLWindEngine.js:305:15)

    console.log
      [WEATHER_TRUTH] Stage: webglUpload | TraceID: 3a2b22c8 | Product: undefined | Status: OK

      at recordTruthStage (src/components/map/weatherTruthTracker.js:353:13)

    console.log
      [WebGLWind] maxWindSpeed updated: 50 -> 12 kn (data max: 12)

      at WebGLWindEngine.setWindData (src/components/map/WebGLWindEngine.js:305:15)

    console.log
      [WebGLWind] GLOBAL base promoted under resident regional grid (25x29 moved to overlay)

      at WebGLWindEngine.setWindData (src/components/map/WebGLWindEngine.js:279:13)

    console.log
      [WebGLWind] maxWindSpeed updated: 12 -> 20 kn (data max: 20)

      at WebGLWindEngine.setWindData (src/components/map/WebGLWindEngine.js:305:15)

    console.log
      [WEATHER_TRUTH] Stage: webglUpload | TraceID: 57e37bb1 | Product: undefined | Status: OK

      at recordTruthStage (src/components/map/weatherTruthTracker.js:353:13)

    console.log
      [WebGLWind] maxWindSpeed updated: 50 -> 12 kn (data max: 12)

      at WebGLWindEngine.setWindData (src/components/map/WebGLWindEngine.js:305:15)

    console.log
      [WEATHER_TRUTH] Stage: webglUpload | TraceID: 3a2b22c8 | Product: undefined | Status: OK

      at recordTruthStage (src/components/map/weatherTruthTracker.js:353:13)

    console.log
      [WebGLWind] maxWindSpeed updated: 12 -> 20 kn (data max: 20)

      at WebGLWindEngine.setWindData (src/components/map/WebGLWindEngine.js:305:15)

    console.log
      [WebGLWind] maxWindSpeed updated: 50 -> 20 kn (data max: 20)

      at WebGLWindEngine.setWindData (src/components/map/WebGLWindEngine.js:305:15)

    console.log
      [WEATHER_TRUTH] Stage: webglUpload | TraceID: f0d0f032 | Product: undefined | Status: OK

      at recordTruthStage (src/components/map/weatherTruthTracker.js:353:13)

    console.log
      [WebGLWind] maxWindSpeed updated: 50 -> 12 kn (data max: 12)

      at WebGLWindEngine.setWindData (src/components/map/WebGLWindEngine.js:305:15)

    console.log
      [WEATHER_TRUTH] Stage: webglUpload | TraceID: b5795a40 | Product: undefined | Status: OK

      at recordTruthStage (src/components/map/weatherTruthTracker.js:353:13)

    console.log
      [WebGLWind] GLOBAL base replaced coarse resident preview (dropped, no overlay)

      at WebGLWindEngine.setWindData (src/components/map/WebGLWindEngine.js:279:13)

    console.log
      [WebGLWind] maxWindSpeed updated: 12 -> 20 kn (data max: 20)

      at WebGLWindEngine.setWindData (src/components/map/WebGLWindEngine.js:305:15)

    console.log
      [WEATHER_TRUTH] Stage: webglUpload | TraceID: f0d0f032 | Product: undefined | Status: OK

      at recordTruthStage (src/components/map/weatherTruthTracker.js:353:13)

    console.log
      [WebGLWind] maxWindSpeed updated: 50 -> 12 kn (data max: 12)

      at WebGLWindEngine.setWindData (src/components/map/WebGLWindEngine.js:305:15)

    console.log
      [WEATHER_TRUTH] Stage: webglUpload | TraceID: 3a2b22c8 | Product: undefined | Status: OK

      at recordTruthStage (src/components/map/weatherTruthTracker.js:353:13)

    console.log
      [WebGLWind] GLOBAL base promoted under resident regional grid (25x29 moved to overlay)

      at WebGLWindEngine.setWindData (src/components/map/WebGLWindEngine.js:279:13)

    console.log
      [WebGLWind] maxWindSpeed updated: 12 -> 20 kn (data max: 20)

      at WebGLWindEngine.setWindData (src/components/map/WebGLWindEngine.js:305:15)

    console.log
      [WEATHER_TRUTH] Stage: webglUpload | TraceID: f0d0f032 | Product: undefined | Status: OK

      at recordTruthStage (src/components/map/weatherTruthTracker.js:353:13)

    console.log
      [WebGLWind] maxWindSpeed updated: 50 -> 20 kn (data max: 20)

      at WebGLWindEngine.setWindData (src/components/map/WebGLWindEngine.js:305:15)

    console.log
      [WebGLWind] FINE overlay filed over resident global base (5x4)

      at WebGLWindEngine.setWindData (src/components/map/WebGLWindEngine.js:250:15)

    console.log
      [WEATHER_TRUTH] Stage: webglUpload | TraceID: b5795a40 | Product: undefined | Status: OK

      at recordTruthStage (src/components/map/weatherTruthTracker.js:353:13)

PASS src/components/map/windParticleContrast.test.js
  ● Console

    console.log
      internal edge — worst 17.7:1 (light@3kn)

      at Object.<anonymous> (src/components/map/windParticleContrast.test.js:84:13)

    console.log
      outer-ring vs field — dark: worst 4.67:1 @6kn | light: worst 6.55:1 @75kn | beach: worst 5.33:1 @55kn

      at Object.<anonymous> (src/components/map/windParticleContrast.test.js:102:13)

PASS src/components/map/windFieldLut.test.js
  ● Console

    console.log
      dark: 0-21kn cumulative hue path 205 deg

      at Object.<anonymous> (src/components/map/windFieldLut.test.js:75:15)

    console.log
      light: 0-21kn cumulative hue path 188 deg

      at Object.<anonymous> (src/components/map/windFieldLut.test.js:75:15)

    console.log
      beach: 0-21kn cumulative hue path 151 deg

      at Object.<anonymous> (src/components/map/windFieldLut.test.js:75:15)

PASS src/components/map/windParticleScale.test.js
  ● Console

    console.log
      largest mark 12.5 css px (z11 dpr1 38.79kn — LEGACY curve); largest amount THIS ARC adds: 1.2 css px (z11 2kn)

      at Object.<anonymous> (src/components/map/windParticleScale.test.js:99:13)

    console.log
      z3 6.5kn: legacy 2.74px -> shipped 2.74px

      at Object.<anonymous> (src/components/map/windParticleScale.test.js:131:13)

PASS src/components/map/WebGLWindShaders.test.js
PASS src/components/map/windParticleDensity.test.js
  ● Console

    console.log
      ink ratio — pre-floor 4.4x, floor-without-compensation 7x

      at Object.<anonymous> (src/components/map/windParticleDensity.test.js:62:13)

    console.log
      shipped ink ratio 2.92x  [130, 121, 85, 63, 63, 64, 44]

      at Object.<anonymous> (src/components/map/windParticleDensity.test.js:80:13)

    console.log
      shortest lifetime 3.2 frames (legacy at 38.8kn = 3.2)

      at Object.<anonymous> (src/components/map/windParticleDensity.test.js:99:13)

PASS src/components/map/windVortexLevers.test.js
PASS src/components/map/windParticleMonotonic.test.js
PASS src/components/map/windRespawnLngWrap.test.js
PASS src/components/map/WebGLStateIsolation.capReads.test.js

Test Suites: 258 passed, 258 total
Tests:       2497 passed, 2497 total
Snapshots:   0 total
Time:        58.476 s
Ran all test suites.
