Area,surface_id,type,files_symbols,reachability,entry_point,consumer,objective_id,task_id,test_coverage,runtime_evidence,observability,recovery,status
DEPLOYMENT + OPERATIONAL READINESS (audit spec §19) — CI/CD ,SUR-OPS-render-autodeploy,infrastructure,"render.yaml (header comment, documentation only); Render service Raw-Surf-Antigravity srv-d7fhiu7lk1mc73debje0; no deploy job exists in .github/workflows/","Active-reachable — every push to `dev` redeploys the single production backend. Justified by e2e-tests.yml:138-155, which exists solely to WAIT for that redeploy to report the pushed SHA on /api/health.",git push origin dev,"every production user of every weather surface (spot hubs, map glyphs, /api/weather/*, /api/conditions/*, the sim)",NONE,NONE,NONE,"e2e-tests.yml:150 comment — measured 2026-08-07, `f85fdeda` -> `7a002e8b`, backend current ~2 min after push, observed by polling /api/health",/api/health embeds the deployed 40-hex SHA in `version`,Render dashboard redeploy of a prior commit. Undocumented; see SUR-OPS-rollback.,Missing Objective
DEPLOYMENT + OPERATIONAL READINESS (audit spec §19) — CI/CD ,SUR-OPS-deploy-gate,infrastructure,".github/workflows/ (no `environment:`, no `workflow_run`); .github/CODEOWNERS absent; .git/hooks/pre-push -> backend/scripts/check_floor_before_push.py",Dead — the surface does not exist. `grep -rn '^\s*environment:' .github/workflows/*.yml` -> 0 hits (control: `permissions:` present in 5+ files); `grep -rn workflow_run` -> 0 hits (control: workflow_dispatch in 25 of 27 files).,n/a,n/a,NONE,NONE,NONE,NONE,none — a red CI run marks the commit after the deploy has already served,n/a,Missing Objective
DEPLOYMENT + OPERATIONAL READINESS (audit spec §19) — CI/CD ,SUR-OPS-ci-lane,infrastructure,".github/workflows/ci.yml — 11 jobs: lint-and-build:21, frontend-lint:131, frontend-marine-composition-guards:170, backend-lint:239, backend-file-size-check:274, backend-import-check:290, backend-bola-guard:310, backend-sim-composition-guards:337, backend-forecast-chain-guards:633, backend-estate-coverage:791, backend-floor-staleness:1025","Active-reachable — push [dev, main] + pull_request [dev, main], deliberately no `paths:` filter so the jobs are safe as required checks",push / PR to dev or main,GitHub commit status,WS-OBJ-705,WS-CAN-0065,backend/tests/test_ci_lane_single_source.py; ci_floor_staleness.py,"ci.yml:80-90 — MIN_SUITES 185 / MIN_TESTS 1686 floors, measured on ubuntu at 8856f24d and ratcheted by delta",commit status + the suite-count assertion at ci.yml:60-95,n/a,Complete
DEPLOYMENT + OPERATIONAL READINESS (audit spec §19) — CI/CD ,SUR-OPS-e2e-lane,infrastructure,".github/workflows/e2e-tests.yml:63-95 (frontend deploy wait), :138-155 (backend deploy wait), :157-176 (run + upload); frontend/playwright.config.js","Active-reachable but strictly POST-deploy — both waits block until the deployed artifacts report the commit under test, so the first assertion runs after the change is live for all users","push to dev (paths-ignore **/*.md, docs/**, audit/**)","playwright-report artifact, 14-day retention",WS-OBJ-705,"WS-CAN-0059, WS-CAN-0027",frontend/e2e/weather-simulation.spec.js,"5 consecutive completed greens, `Running 52 tests` (12.1 LV-02); video:'retain-on-failure' landed 181b7ba7",reporter list+html; upload-artifact,n/a,Complete
DEPLOYMENT + OPERATIONAL READINESS (audit spec §19) — CI/CD ,SUR-OPS-netlify-prod-context,infrastructure,"netlify.toml [context.production] ignore = ""git diff --quiet $CACHED_COMMIT_REF $COMMIT_REF -- frontend/src frontend/public netlify.toml""","Prod-only, and currently unreachable in practice — production is frozen at 3bd38a83 (2026-05-20) by a Netlify site-config cause that the 2026-08-05 control proved is NOT this ignore rule (same commit 01df62d7 on both branches; dev built, prod did not)",push to main,rawsurf.netlify.app,WS-OBJ-104,WS-CAN-0039,NONE,prod service-worker.js BUILD_VERSION=3bd38a83 vs dev=HEAD exactly (re-measured 12.1),curl <site>/service-worker.js | grep BUILD_VERSION,Netlify deploy history; owner-gated,Missing Task
DEPLOYMENT + OPERATIONAL READINESS (audit spec §19) — CI/CD ,SUR-OPS-netlify-dev-context,infrastructure,"netlify.toml [context.dev] ignore=""false""; REACT_APP_BACKEND_URL = https://raw-surf-antigravity.onrender.com",Active-reachable — dev--rawsurf.netlify.app rebuilds on every push to dev and is the only frontend the program actually exercises,push to dev,dev--rawsurf.netlify.app; the E2E lane's baseURL,WS-OBJ-104,WS-CAN-0039,frontend/e2e/weather-simulation.spec.js (against the deployed site),e2e-tests.yml:63-95 prefix-matches the served BUILD_VERSION against the full SHA every run,BUILD_VERSION stamp,Netlify deploy history,Complete
DEPLOYMENT + OPERATIONAL READINESS (audit spec §19) — CI/CD ,SUR-OPS-backend-env-parity,infrastructure,"netlify.toml — REACT_APP_BACKEND_URL identical in [build.environment], [context.dev.environment] and [context.branch-deploy.environment]; `git grep -ohE 'https://[a-z0-9-]+\.onrender\.com'` returns ONE distinct host, 236 occurrences","Active-reachable — there is no second backend, so there is no non-production environment for a weather backend change",any Netlify context,"prod frontend, dev frontend, branch deploys, E2E, and the Netlify /api/* proxy — all the same Render service",NONE,NONE,NONE,e2e-tests.yml:140 API=https://raw-surf-antigravity.onrender.com — the E2E lane drives production,none — nothing distinguishes test traffic from user traffic on the box,n/a,Missing Objective
DEPLOYMENT + OPERATIONAL READINESS (audit spec §19) — CI/CD ,SUR-OPS-api-proxy-redirects,infrastructure,"netlify.toml [[redirects]] /api/weather-proxy -> function, /api/* -> render; frontend/public/_redirects /api/* -> render, /* -> /index.html","Active-reachable — the /api/* rule is declared TWICE in two files; netlify.toml is processed first, which is the only reason /api/weather-proxy still reaches the function",any browser request to /api/*,every backend call the frontend makes,WS-OBJ-401,NONE,NONE,netlify.toml:29-33 comment records the 2026-07-13 removal of the /.netlify/functions/weather hop (~10 s sync limit dropped heavy grid_series requests),none,n/a,Conflicting
DEPLOYMENT + OPERATIONAL READINESS (audit spec §19) — CI/CD ,SUR-OPS-sw-version-stamp,infrastructure,frontend/update-sw-version.js — writes BUILD_VERSION into public/service-worker.js AND src/buildVersion.js from `git rev-parse --short HEAD`,Active-reachable — runs twice per Netlify build (shell command + npm prebuild); idempotent,netlify.toml build command; frontend/package.json prebuild,e2e-tests.yml deploy wait; the 12.1 SV-BUILD measurement; weatherTruthTracker/WeatherTelemetry build stamps,WS-OBJ-104,WS-CAN-0003,NONE (no unit test for the stamper),e2e-tests.yml:63-95 consumes it every run; 12.1 measured prod 3bd38a83 vs dev 9febd970,one curl,n/a,Complete
DEPLOYMENT + OPERATIONAL READINESS (audit spec §19) — CI/CD ,SUR-OPS-service-worker-cache,infrastructure,frontend/public/service-worker.js — CACHE_NAME/SPOT_CACHE_NAME/OFFLINE_CACHE_NAME/FEED_CACHE_NAME suffixed with BUILD_VERSION; GALLERY_CACHE_NAME deliberately unversioned; install->skipWaiting; activate->clients.claim + delete non-matching keys,Active-reachable on every deployed host; explicitly unregistered + caches purged on localhost (src/index.js:314-331),navigator.serviceWorker.register('/service-worker.js') at src/index.js:333,all non-weather navigation and spot-list requests,NONE,NONE,NONE,NONE at HEAD,BUILD_VERSION in the served file,skipWaiting + clients.claim means a new SW takes over immediately; no JS/CSS chunk is precached so the SW cannot pin a stale bundle,Complete
DEPLOYMENT + OPERATIONAL READINESS (audit spec §19) — CI/CD ,SUR-OPS-sw-weather-exclusion,data,"frontend/public/service-worker.js fetch handler — early `return` for open-meteo.com, rainviewer, tiles., tile., maplibre, .om, om protocol, /marine, /weather",Active-reachable — the weather data plane is deliberately excluded from SW interception entirely,SW fetch event,every om:// tile and /api/weather* request,NONE,NONE,NONE,NONE at HEAD,none,n/a — exclusion is the mitigation; no stale weather can be served from the SW,Complete
DEPLOYMENT + OPERATIONAL READINESS (audit spec §19) — CI/CD ,SUR-OPS-static-headers,infrastructure,frontend/public/_headers — /static/js/* and /static/css/* max-age=31536000 immutable; /index.html no-store; /* no-cache + X-Content-Type-Options,Active-reachable on every Netlify deploy,Netlify CDN,every browser,NONE,NONE,NONE,NONE at HEAD,response headers,n/a,Missing Objective
DEPLOYMENT + OPERATIONAL READINESS (audit spec §19) — CI/CD ,SUR-OPS-sourcemaps,infrastructure,"frontend/build/static/js/*.map (99 files, 32 MB); `//# sourceMappingURL=main.afa2b42b.js.map` in the shipped entry bundle; no GENERATE_SOURCEMAP override in craco.config.js, package.json or netlify.toml",Prod-only side effect of the same `npm run build` Netlify runs; served by the origin with the /static/js/* one-year immutable header,GET /static/js/<hash>.chunk.js.map,anyone,NONE,NONE,NONE,"local build artifact census at frontend/build (dated 2026-08-12), produced by the identical command string in netlify.toml",none,n/a,Missing Objective
DEPLOYMENT + OPERATIONAL READINESS (audit spec §19) — CI/CD ,SUR-OPS-om-lazy-chunk,rendering,frontend/src/components/map/openMeteoProtocol.js:513 `import('@openmeteo/weather-map-layer').then(...)` closing at :915 with NO .catch; setProtocolReady(true) at :914; consumed at MapWebGL.js:852,"Active-reachable — registered once in useOpenMeteoTileUrls.js:331 `useEffect(..., [])`, no retry. The chunk is real and separately emitted: build/static/js/6770.db8f084f.chunk.js, 1.38 MB.",map mount,every om:// raster weather layer (MapWebGL.js:852 gates the whole source list on protocolReady),WS-OBJ-101,NONE,NONE,NONE — never exercised under a chunk-404,"none — ErrorBoundary.js:37-58 cannot see a promise rejection outside render, and the only global handler (src/index.js:200-207) filters for AbortError and passes everything else to the console",none — protocolReady stays false for the session,Missing Task
DEPLOYMENT + OPERATIONAL READINESS (audit spec §19) — CI/CD ,SUR-OPS-grid-worker-chunk,processing,"frontend/src/components/map/useGridWorker.js:25 `new Worker(new URL('./GridParserWorker.js', import.meta.url))`; onerror/onmessageerror at :41-53",Active-reachable — lazily created on first parse; the failure path is explicitly written for 'a deploy race serving a dead chunk',createGridWorker(),off-thread grid parsing for the pressure/marine lanes,WS-OBJ-301,WS-CAN-0008,"NONE named for the crash path (WS-CAN-0008's row states the mounted fake-time integration test was specified, not confirmed)",NONE at HEAD,console.error naming the pending-parse count,"rejects all pending, terminates, nulls the instance so the next call re-creates it",Missing Test
DEPLOYMENT + OPERATIONAL READINESS (audit spec §19) — CI/CD ,SUR-OPS-frontend-build-flags,data,frontend/src/components/map/backendWeatherServiceClient.js:66-180 — REACT_APP_USE_BACKEND_WIND / _WEATHER / _MARINE_SYSTEM / _ICON_MARINE / _COPERNICUS; spotRatingsCdn.js:38 REACT_APP_RATINGS_CDN,"Build-time — none is set in netlify.toml, so all six take their code defaults and are frozen into the artifact. The sibling window.__USE_BACKEND_*__ / localStorage overrides are per-browser only.",webpack DefinePlugin at build time,which upstream the map reads wind/marine/ICON/Copernicus/ratings from,NONE,NONE,NONE,NONE — no measurement of the values baked into either the prod or the dev artifact,none published,rebuild + redeploy (prod rebuild is owner-gated by WS-CAN-0039),Missing Observability
DEPLOYMENT + OPERATIONAL READINESS (audit spec §19) — CI/CD ,SUR-OPS-backend-env-flags,data,"358 distinct os.environ names across backend/; ~201 match forecast/rating/ingest prefixes incl. SURF_HEIGHT_H110, SURF_REFRACTION_KR, SURF_TIDE_DEPTH, SURF_PARTITIONS, RATING_TIDE, RATING_LOCAL_SIZE, RATING_OBS_GATE, BUOY_CALIBRATION_MODEL, WORLDWIDE_REGIONS_PER_CYCLE, MARINE_PHYSICS_VALIDITY, DISABLE_FORECAST_SCHEDULER, L2_WRITER","Flag-gated — declared in forecast-ingest.yml, precompute.yml, the _RATING_FLAGS registry, and the Render dashboard, which is not in git. The live service was measured at 27 env vars.",process environment at import/call time,every forecast height and quality value served,NONE,WS-CAN-0040,"backend/tests/test_flag_lane_parity.py (git-visible lanes only, states 'Render's environment is not in git and CANNOT be checked here'); backend/tests/test_env_parity_instrument.py",RATING_TIDE lane drift caught and closed 2026-08-10 on the live service,/api/health.runtime reports python + deps_digest only; no flag self-report,Render dashboard edit (triggers a restart),Missing Evidence
DEPLOYMENT + OPERATIONAL READINESS (audit spec §19) — CI/CD ,SUR-OPS-health-endpoint,infrastructure,"backend/routes/health.py:70-283 — health_data['checks'] appended only in the database block (:243) and the scheduler block (:262,:270); weather_readiness assembled at :83-100 and never graded; returns a plain dict","Active-reachable — public, unauthenticated, polled by keep-warm.yml every 5 min and by both E2E deploy waits",GET /api/health,"keep-warm.yml, e2e-tests.yml, uptime_probe.py, any Render health gate",WS-OBJ-505,NONE,NONE for the status-derivation logic,"p50 1.0 s, p99 30.4 s, n=113, 2026-08-12 (recorded in uptime_probe.py's header)","it IS the observability surface — version SHA, runtime fingerprint, memory peak, request_telemetry, weather_readiness",n/a,Missing Objective
DEPLOYMENT + OPERATIONAL READINESS (audit spec §19) — CI/CD ,SUR-OPS-health-simple,infrastructure,backend/routes/health.py — @router.get('/health/simple') returns a literal {'status':'ok'} with no probe of anything,Active-reachable; docstring says 'for load balancers and uptime monitors',GET /api/health/simple,any LB or monitor pointed at it,WS-OBJ-506,NONE,NONE,NONE,none — it is a constant,n/a,Missing Objective
DEPLOYMENT + OPERATIONAL READINESS (audit spec §19) — CI/CD ,SUR-OPS-startup-lifespan,state-lifecycle,"backend/server.py:419-470 lifespan — quarantine, restore_from_supabase, prefetch_supabase_products, run_background_cache_population each wrapped in `except Exception: logger.error`; the last two inside asyncio.create_task AFTER yield; server.py:19 comment states this is deliberate to avoid blocking port binding",Active-reachable on every backend deploy and every cold start,uvicorn server:app,the entire weather product store the box serves from,NONE,NONE,NONE,NONE — no failure injection has been run against startup,logger.error lines only; weather_readiness.restore_errors is reported on /api/health but not graded into `status`,"none — the instance serves with whatever it restored, including nothing",Missing Objective
DEPLOYMENT + OPERATIONAL READINESS (audit spec §19) — CI/CD ,SUR-OPS-uptime-probe,infrastructure,"backend/scripts/uptime_probe.py — grade_health():89-146 REDs on non-200, on status != healthy, and on product_count <= 0; three-state OK/RED/REFUSED; --ping-url dead-man's switch","Legacy-but-reachable / Flag-gated — built, committed at f8825291, mutation-verified, and scheduled NOWHERE. It is deliberately not a GitHub workflow.",manual `python scripts/uptime_probe.py`,an external heartbeat service that does not yet exist,WS-OBJ-505,WS-CAN-0025,backend/tests/test_uptime_probe.py (13 tests; the 503-reachability fix is mutation-pinned),"live production run 2026-08-12: healthy, build 3bc776d9, 706 ms, 22114 products, calibration age 0.5 h; example.com -> RED; unreachable -> REFUSED",it IS the instrument,n/a,Missing Owner
DEPLOYMENT + OPERATIONAL READINESS (audit spec §19) — CI/CD ,SUR-OPS-keepwarm,infrastructure,".github/workflows/keep-warm.yml — cron */5, 3 curl retries, grades `%{http_code}` = 200 only, non-fatal on failure",Active-reachable but best-effort — its own header records GitHub cron delivery measured at 4.9-5.4% of nominal,GitHub scheduler,the Render box's idle timer,WS-OBJ-505,WS-CAN-0025,NONE,keep-warm delivery 4.9-5.4% of nominal (recorded in uptime_probe.py header),the run log prints `ping N -> HTTP code`,"n/a — it is a warmer, not a monitor, and grades only the status code",Complete
DEPLOYMENT + OPERATIONAL READINESS (audit spec §19) — CI/CD ,SUR-OPS-forecast-ingest,data,".github/workflows/forecast-ingest.yml — cron '15 */4 * * *', writes L2 with L2_WRITER=1; declares the science flags inline for the lane-parity guard","Active-reachable, best-effort delivery; the DESIGNATED writer for top-level L2 keys",GitHub scheduler / dispatch,manifest.json + every product file the serve box restores at boot,WS-OBJ-601,WS-CAN-0058,backend/tests/test_flag_lane_parity.py (flag columns only),data-health-monitor.yml every 30 min detects a stall within a cycle,data-health-monitor + /api/health/data,next cycle; L2 objects are immutable per valid_time,Complete
DEPLOYMENT + OPERATIONAL READINESS (audit spec §19) — CI/CD ,SUR-OPS-precompute,data,".github/workflows/precompute.yml — cron '45 3-23/4 * * *', timeout 110 min, concurrency group precompute with cancel-in-progress:false; writes spot_ratings/latest.json via checkpoint merge-uploads",Active-reachable; pinned to python 3.12 to match the measured production interpreter,GitHub scheduler / dispatch,"the map glyph layer, both via the endpoint and via the browser CDN lane",WS-OBJ-001,NONE,"backend/tests/test_flag_lane_parity.py; artifact-interpreter-parity.yml (byte-identical output under 3.11 vs 3.12, sha256 2fd2d006f740…, with a mutation control on each side)",run 29297471819 cancelled at 75m15s -> cap raised to 110 with per-model checkpointing,run log + the blob's own frame timestamps,next cycle overwrites; NO prior version is retained,Missing Recovery
DEPLOYMENT + OPERATIONAL READINESS (audit spec §19) — CI/CD ,SUR-OPS-l2-writer-gate,data,"backend/services/weather_pipeline/store.py:41-63 — L2_WRITER=1 designated-writer gate, kill via L2_WRITER_GATE=0; scope stated as 'top-level keys only'",Active-reachable — added after the 2026-07-11 live incident where a local dev backend reverted the runner's manifest registrations,_l2_pipeline_writes_allowed(),manifest.json + product-file uploads,WS-OBJ-401,NONE,not located in this pass,"the 2026-07-11 incident it was built for (fresh ICON marine 12Z entries lost, 47 dangling entries resurrected)",_l2_write_skips counter,n/a,Complete
DEPLOYMENT + OPERATIONAL READINESS (audit spec §19) — CI/CD ,SUR-OPS-l2-mutable-blobs,data,"store.py:21-35 manifest_cache_control — 'spot_ratings/…' and 'calibration/…' are 'MUTATING state blobs re-uploaded in place' and are explicitly OUTSIDE the L2_WRITER gate; spot_ratings.py:33 SPOT_RATINGS_L2_KEY; buoy_calibration.py:25 + its :517 comment 'a SINGLE KEY, overwritten on every CI run, so exactly one snapshot exists'; report_calibration.py:27",Active-reachable — written by the precompute cron AND by any serve box,spot ratings precompute / buoy calibration CI run,"map glyphs, the ratings CDN lane, the calibration census",NONE,NONE,NONE for retention/restore,NONE — no restore of a prior blob has ever been performed,the blob carries its own frame timestamps but no writer SHA,"NONE — no run-keyed twin exists. Positive control: 'manifests/…' DOES carry run-keyed immutable copies, declared in the same function.",Missing Recovery
DEPLOYMENT + OPERATIONAL READINESS (audit spec §19) — CI/CD ,SUR-OPS-ratings-cdn-lane,data,frontend/src/components/map/spotRatingsCdn.js — anon-key read of spot_ratings/latest.json off the Supabase CDN under a scoped RLS policy; selectPrecomputedFrame is a 1:1 JS port of the backend ladder; CB_BUCKET_MS 5 min; kill via window.__RAW_DISABLE_RATINGS_CDN__ or REACT_APP_RATINGS_CDN=0,"Active-reachable on the dev artifact; absent from the frozen prod artifact (added 2026-07-14, prod built 2026-05-20)",scopedRatingsUrl() fetch,"the spot-rating glyph layer, bypassing both Netlify and Render",WS-OBJ-001,NONE,not located in this pass,"live-verified 2026-07-14: anon 200 on this key, 400 on manifest.json and siblings",none server-side — this lane never touches the serve box,returns null on any failure and the caller falls back to the endpoint,Complete
DEPLOYMENT + OPERATIONAL READINESS (audit spec §19) — CI/CD ,SUR-OPS-netlify-weather-proxy-fn,infrastructure,"frontend/netlify/functions/weather-proxy.js + weather-proxy-helpers.js — openMeteoCircuitUntil / copernicusCircuitUntil breakers, 30 min cache, RESPONSE_SIZE_LIMIT, chunkedGetFallback",Active-reachable via the netlify.toml /api/weather-proxy rule (which survives only because netlify.toml redirects are processed before _redirects),POST /api/weather-proxy,Open-Meteo wind/marine/pressure grid POSTs routed through Netlify's IP to dodge per-client 429,NONE,NONE,not located in this pass,NONE at HEAD,function logs only,circuit breakers + chunked GET fallback,Missing Objective
DEPLOYMENT + OPERATIONAL READINESS (audit spec §19) — CI/CD ,SUR-OPS-rv-edge-proxy,infrastructure,frontend/netlify/edge-functions/rvproxy.js — durable edge cache for RainViewer tiles; 60 s cache on the catalog; errors passed through but NEVER cached,Active-reachable; scoped to RainViewer hosts only (no open proxy),/rv/*,the radar observed + advection frames,NONE,NONE,NONE,NONE at HEAD,edge logs,a fresh frame self-heals on the next catalog refresh because errors are not cached,Complete
DEPLOYMENT + OPERATIONAL READINESS (audit spec §19) — CI/CD ,SUR-OPS-canary-evaluator,infrastructure,backend p2.py:556-561 — target-before-exclude precedence inversion,"Dead — zero callers. There is no rollout mechanism of any kind; Render and the Netlify prod alias are both all-or-nothing, one revision, 100% of traffic.",none,none,WS-OBJ-402,WS-CAN-0044,NONE,NONE,none,n/a,Complete
DEPLOYMENT + OPERATIONAL READINESS (audit spec §19) — CI/CD ,SUR-OPS-rollback,infrastructure,ABSENT. `ls docs/runbooks | grep -iE 'deploy|incident|rollback|release|ops|oncall|runbook'` returns only two non-procedure files; control `ls docs/runbooks | grep -c HANDOFF` -> 149 of 172 documents,Dead — the surface does not exist for either provider or for the data plane,n/a,n/a,NONE,NONE,NONE,NONE — no rollback has ever been performed or rehearsed,no named known-good SHA exists for the backend,n/a — this IS the recovery surface,Missing Objective
DEPLOYMENT + OPERATIONAL READINESS (audit spec §19) — CI/CD ,SUR-OPS-vercel-residue,infrastructure,"frontend/vercel.json — {""git"":{""deploymentEnabled"":false}}; its $comment records the owner statement that Vercel was never set up on purpose",Legacy-but-reachable — the GitHub App is still installed; the config silences the builds rather than removing the integration,Vercel GitHub App on push,"GitHub deployment events (which e2e-tests.yml once gated on, matching 0 of 6,482)",WS-OBJ-007,WS-CAN-0041,NONE,0eac7f32 resolved the noise; the app was not uninstalled,GitHub deployments tab,n/a,Missing Owner
DEPLOYMENT + OPERATIONAL READINESS (audit spec §19) — CI/CD ,SUR-OPS-node-runtime,infrastructure,"netlify.toml NODE_VERSION = ""18.20.2"" + NODE_OPTIONS = ""--openssl-legacy-provider""; ci.yml matrix node-version [18.x]; e2e-tests.yml setup-node node-version: 20","Active-reachable — Node 18 reached EOL 2025-03-27, so the deployed frontend build runs on an unsupported runtime, and the E2E lane runs on a different major than the build",Netlify build image / GH runner,every frontend artifact,NONE,NONE,NONE,recorded as CONFIRMED in audit 11.0 F-F2 ('the deployed build runs a runtime that has been unsupported for ~16 months'),build log only,n/a,Missing Task
PRODUCT + USER COVERAGE (audit spec §17) — what the user of ,SUR-UX-wxcontrols-desktop,user-facing,"frontend/src/components/map/MapWeatherControls.js:660-784 (desktop panel: 3 model chips, 12 layer chips, Surf-Rating pill, ft/m pill, legend block, renderTimeline)",Active-reachable,frontend/src/components/MapPage.js:539 <MapWeatherControls isDesktop={true}/> mounted unconditionally; CSS `hidden md:block`,every desktop map user,WS-OBJ-204 (legend truth only),"WS-CAN-0015 (partial), WS-CAN-0016 (scrubber label)","NONE — `grep -rn ""<MapWeatherControls"" --include=*.test.js` returns 0; the four test files that mention it do so in comments (legendTicks.test.js:11, ratingRampAnchors.test.js:12, tests/windLegendFromRamp.test.js:4) or read it as a string (radarLegendUnits.proof.test.js)",NONE — no LV-/RV- row and no recording in audit/weather-simulation-12.1/evidence covers this component,emits nothing; consumes the `rawsurf:raster-loading` CustomEvent,none — no error state exists in the component,Missing Test
PRODUCT + USER COVERAGE (audit spec §17) — what the user of ,SUR-UX-wxcontrols-collapsed-chip,user-facing,"frontend/src/components/map/MapWeatherControls.js:668-680 — `<div onClick={() => setIsCollapsed(false)} aria-label=""Expand weather controls"">`",Active-reachable,set by the collapse <button> at :687 AND automatically by `isImmersiveMode` at :107-109,every desktop map user who collapses the panel or enters immersive mode,NONE,NONE,NONE,NONE,none,none — pointer click is the only way back,Missing Objective
PRODUCT + USER COVERAGE (audit spec §17) — what the user of ,SUR-UX-wxcontrols-mobile-float,user-facing,"frontend/src/components/map/MapWeatherControls.js:787-840 — collapsed mobile float (legend + timeline), two identical wave-SVG toggle buttons at :794 and :805","Active-reachable — returns null when `activeLayer` is falsy, and `useWeatherState.js:44` defaults activeLayers to []",frontend/src/components/MapPage.js:559 <MapWeatherControls isDesktop={false}/>; CSS `md:hidden`,every mobile map user with a layer active,NONE,NONE,NONE,NONE,none,n/a,Missing Objective
PRODUCT + USER COVERAGE (audit spec §17) — what the user of ,SUR-UX-wxcontrols-mobile-sheet,user-facing,frontend/src/components/map/MapWeatherControls.js:843-948 — scrim div-onClick at :845 + bottom sheet at :846; no role=dialog / aria-modal / Escape / focus trap,Active-reachable,MapRightControls.js:102-110 `Layers` button -> MapPage `showWeatherControls` -> `isMobileExpanded`,every mobile map user (the only way to reach the model selector and layer chips on a phone),NONE,NONE,NONE,NONE,none,close button at :853 and scrim tap; no keyboard dismissal,Missing Objective
PRODUCT + USER COVERAGE (audit spec §17) — what the user of ,SUR-UX-legend-temperature-pair,rendering,"frontend/src/components/map/MapWeatherControls.js:247-256 config.temperature / config.water_temp (hand-authored gradientCSS + evenStops in degF) vs frontend/node_modules/@openmeteo/weather-map-layer/dist/index.js `temperature:{unit:""°C"",breakpoints:[-80..50]}` and colorScales.js aliasSurfaceTemperature","Active-reachable, Single-layer-only (Air Temp / Water Temp)","MapWeatherControls.js:757-779 (desktop), :818-834 (mobile float), :926-942 (mobile sheet)",any user with the Air Temp or Water Temp layer active,"WS-OBJ-204 — but its Closure Criteria is the closed enumeration ""All seven readout-truth items shipped"" and neither temperature legend is one of the seven",NONE,layerColorScaleCoverage.test.js and colorScales.aliasSurfaceTemperature.test.js assert a scale EXISTS for the key; neither asserts the legend matches it,measured this audit: dE76 up to 181.7 between the legend colour at a tick and the raster colour at that tick's temperature (see evidence file §2.1),none,none,Missing Task
PRODUCT + USER COVERAGE (audit spec §17) — what the user of ,SUR-UX-legend-surf-rating-key,rendering,"frontend/src/components/map/MapWeatherControls.js:266-276 surfLegend — 7 hard bands from RATING_COLOR + evenTicks(['Poor','Fair','Good','Epic'])","Flag-gated (surfMode) + Single-layer-only (SURF_TOGGLE_LAYERS = waves, swell_1, swell_2, wind_waves)","MapWeatherControls.js:764 (desktop), :821 (mobile float), :929 (mobile sheet)",users with Surf Rating ON and a marine height layer active,WS-OBJ-204 (outcome only; not one of its seven items),NONE,"ratingRampAnchors.test.js covers the SHADER ramp anchors, not the legend's word positions","computed this audit: 'Poor'@0%->band0 very_poor, 'Fair'@33.3%->band2 poor_fair, 'Good'@66.7%->band4 fair_good, 'Epic'@100%->band6 epic",none,none,Missing Task
PRODUCT + USER COVERAGE (audit spec §17) — what the user of ,SUR-UX-rating-glyph-colour,rendering,frontend/src/components/map/MapMarkerLayers.js:157-290 (glyph core/halo painted with rating.color) + surfRating.js:354-357 RATING_COLOR,Active-reachable when surfMode is on — deliberately ungated by layer (MapWeatherControls.js:705-707),MapWebGL.js:220 tracks rating mode; MapMarkerLayers renders the glyphs,every map user with Surf Rating ON,NONE for colour-vision; WS-OBJ-204 does not cover it,NONE,MapMarkerLayers.a11y.test.js covers the aria-label text equivalent (screen readers) — nothing covers colour-vision separability,measured this audit: Vienot-1999 deuteranope simulation collapses very_poor vs fair to dE76 11.7 (>73.7 in normal vision); good vs epic is 15.2 in NORMAL vision,none,hover/focus card carries the level name; no touch or scan-level equivalent,Missing Objective
PRODUCT + USER COVERAGE (audit spec §17) — what the user of ,SUR-UX-infobox,user-facing,frontend/src/components/map/MapForecastOverlay.js (800 LOC) + forecastCardCompiler.js compileForecastCards / STATUS_RENDERS,Active-reachable but conditional — MapPage.js:585 requires activeLayers.length>0 AND MapForecastOverlay.js:648-650 returns null unless a lat/lng is selected/long-pressed/snapped,MapPage.js:585 <MapForecastOverlay/>,"users who have selected a spot, long-pressed, or have snapped coordinates","WS-OBJ-204, WS-OBJ-202","WS-CAN-0015, WS-CAN-0034, WS-CAN-0062","tests/forecast-card-compiler.test.js, __tests__/forecastCard.{parity,heightUnits,provisional}.test.js, staleHour.proof.test.js, nearshoreDecay.proof.test.js","LV-06 (confidence vs geometry_readiness, n=24) cites the backend field this surface renders","recordTruthStage('infoboxDisplay', {...run_time, valid_time...}) at :578-590 — posted, never rendered","amber 'Load missing data' retry at :735-750, scoped to estimate_pending_sources and Copernicus >+27h only",Complete
PRODUCT + USER COVERAGE (audit spec §17) — what the user of ,SUR-UX-model-run-time-display,user-facing,"run_time parsed in backendWeatherServiceClientHelpers.js:315,328,339 · backendWindServiceClient.js:79,89,505 · backendCopernicusServiceClient.js:121,132 · marineGridSeries.js:307,327 · useMarineWindData.js:163-164 · WeatherEngine.js:207; posted at MapForecastOverlay.js:583",Dead as a user-facing surface — the value reaches the client and no JSX renders it,NONE,nobody,"WS-OBJ-202 — but its Intended Outcome is 'run_time means the model cycle not the ingest clock' and its Closure Criteria is 'run_time is the cycle; ingested_at carries the wall clock', i.e. entirely a wire contract",NONE,NONE,"measured this audit: `grep -n ""run_time|runTime|valid_time"" TruthOverlay.js TruthOverlayVisualTab.js TruthOverlayGpuTab.js` = 0 hits; positive control `grep -c productId TruthOverlay.js` = 4",telemetry only,n/a,Missing Objective
PRODUCT + USER COVERAGE (audit spec §17) — what the user of ,SUR-UX-time-label-wallclock,user-facing,MapWeatherControls.js:328-340 formatTime() and MapForecastOverlay.js:629-641 forecastTimeLabel — both `new Date(); d.setHours(d.getHours()+offset)`; ForecastWheel.js:181-182 day ticks do the same,Active-reachable,"the timeline readout in all three layouts, and the infobox header",every map user with a layer active,WS-OBJ-202,WS-CAN-0016,NONE for the label derivation,NONE at HEAD (WS-CAN-0016 Verification State is 'No Evidence Located'),none,n/a,Missing Evidence
PRODUCT + USER COVERAGE (audit spec §17) — what the user of ,SUR-UX-raster-loading-affordance,state-lifecycle,frontend/src/components/map/useOpenMeteoTileUrls.js:707-755 (poll + `rawsurf:raster-loading` emit) consumed by MapWeatherControls.js:136-145,"Active-reachable, raster layers only (`LAYER_REGISTRY[k].type === 'raster'`)","useEffect keyed on [mapInstance, activeLayers, activeModel]",the layer chip spinner + aria-busy + sr-only '(loading)',WS-OBJ-103,WS-CAN-0036,NONE — no test file references useOpenMeteoTileUrls' loading emitter,NONE — WS-CAN-0036's remaining work is literally 'Re-run 11.2 failure injection against HEAD',a boolean CustomEvent with no error channel,emit(false) at :745 after a 30 s timeout and at :753 on cleanup — a failure ends in the same visual state as a success,Missing Recovery
PRODUCT + USER COVERAGE (audit spec §17) — what the user of ,SUR-UX-truth-hud,user-facing,"frontend/src/components/map/TruthOverlay.js:20-28 isDiagHudEnabled, :274-286 seven-state provenanceClass; TruthOverlayVisualTab.js; TruthOverlayGpuTab.js","Diag-gated — ?diag=1, localStorage __RAW_DIAG__==='1', or a localhost hostname; PRODUCTION IS OFF",MapWebGL.js:957 <TruthOverlay/>,developers only,"WS-OBJ-103, WS-OBJ-506","WS-CAN-0034 (Keep as Complete), WS-CAN-0036 (Partially Implemented), WS-CAN-0063 (closed 172f66aa)","TruthOverlay.fpsHonesty.test.js, forecastDiagnostics.truthLayer.test.js, truthVerdict.test.js",WS-CAN-0034 evidence row cites TruthOverlay.js:274-286 at HEAD,the truth-violation POST keeps running in production even when the render is gated,n/a,Conflicting
PRODUCT + USER COVERAGE (audit spec §17) — what the user of ,SUR-UX-served-resolution-notice,rendering,frontend/src/components/map/servedResolutionNotice.js + legendTicks.js:86-106 LegendTicks({showResolution}) reading window.__MARINE_PROJECTION_DIAG__ at :88,Flag-gated (window.__RAW_LEGEND_RESOLUTION__) and silent below COARSE_DEG_THRESHOLD=0.5,"MapWeatherControls.js:777, :832, :940 — all three layouts pass showResolution for EVERY layer's legend",any user whose served marine grid is coarser than 0.5 deg,WS-OBJ-203,"WS-CAN-0014 (resolution stamping, closed 172f66aa)",servedResolutionNotice.test.js — sets window.__MARINE_PROJECTION_DIAG__ directly; no test asserts WHICH layer the resolution describes,"the module header records a measurement against production 2026-08-11 (regional 0.25 deg silent, global 15.455 deg notice)",reads a global written only by backendWeatherServiceClientDiag.js:552,refuses (returns null) on unknown resolution — exemplary,Conflicting
PRODUCT + USER COVERAGE (audit spec §17) — what the user of ,SUR-UX-model-substitution-notice,user-facing,frontend/src/components/map/modelProvenance.js describeSubstitution / describeLayerSubstitution -> MapForecastOverlay.js:764-774,"Active-reachable, but only inside the infobox (so only when a point is selected)",MapForecastOverlay.js:241,users with a point selected on a layer whose rendered model differs from the selected one,WS-OBJ-202,WS-CAN-0015 (R11-11 item 4),modelProvenance.test.js,the module header records the ten silent-substitution sites in resolveModel,"reads the rendered slot URL, never a horizon constant","n/a — disclosure only, by design",Complete
PRODUCT + USER COVERAGE (audit spec §17) — what the user of ,SUR-UX-stale-hour-notice,user-facing,frontend/src/components/map/modelProvenance.js describeStaleHour -> MapForecastOverlay.js:753-763,"Active-reachable, infobox only; refuses on bootstrap axes (LIVE_FETCHED_MODELS gate)",MapForecastOverlay.js:246-248,users scrubbing past a model's axis horizon with a point selected,WS-OBJ-202,WS-CAN-0015,staleHour.proof.test.js,staleHour.proof.test.js is the standing proof of the clamp behaviour,none,n/a,Complete
PRODUCT + USER COVERAGE (audit spec §17) — what the user of ,SUR-UX-forecast-wheel,user-facing,"frontend/src/components/map/ForecastWheel.js — role=slider, aria-valuemin/max/now/valuetext, arrows/PgUp/PgDn/Home, prefers-reduced-motion, THEME_COLORS dark/light/beach",Active-reachable; kill switch window.__RAW_CLASSIC_SCRUBBER__ restores the <input type=range>,"MapWeatherControls.js:505-517 inside renderTimeline, shared by all three layouts",every map user with a layer active,NONE (no objective owns the scrubber UX),NONE,"ForecastWheel.test.js, ForecastWheel.valuetext.test.js",the file header records the measured release-decay table and the 11 Hz drag-commit derivation,dispatches timeline_scrub_start/end,n/a,Complete
PRODUCT + USER COVERAGE (audit spec §17) — what the user of ,SUR-UX-timeline-step-row,user-facing,"frontend/src/components/map/MapWeatherControls.js:560-582 — the -1d/-1h/Now/+1h/+1d chips, `text-[9px] leading-none px-2 py-1`","Active-reachable in all three layouts (forecast mode, wheel scrubber only)",renderTimeline() at :475,pointer and TOUCH users (the source at :556-559 says the row exists for them),NONE,NONE,NONE,"computed this audit from Tailwind defaults (tailwind.config.js extends only borderRadius and colors): 9 px line + 4 px + 4 px = 17 px tall, ~32 px wide",none,n/a,Missing Objective
PRODUCT + USER COVERAGE (audit spec §17) — what the user of ,SUR-UX-right-controls,user-facing,"frontend/src/components/map/MapRightControls.js — GPS, photographers, friends, and the mobile `Weather layers` button at :102-110; all hardcoded bg-zinc-800/90 text-white, no useTheme",Active-reachable,MapPage.js:519,every map user; the Layers button is the ONLY route to the weather controls on mobile,NONE,NONE,controls.a11y.test.js (two arms: rendered names + a source arm for breakpoint-hidden labels),"the test header records a live 2026-08-01 scan: 65 buttons, 4 nameless",none,n/a,Missing Objective
PRODUCT + USER COVERAGE (audit spec §17) — what the user of ,SUR-UX-map-error-boundary,state-lifecycle,"frontend/src/components/map/MapErrorBoundary.js — hardcoded bg-zinc-900 text-white, full h-screen, empty <div className=""text-6xl mb-4""></div> at :26",Active-reachable on any render throw in the map subtree,wraps the map render tree,any user whose map crashes,WS-OBJ-103,WS-CAN-0036,NONE — no test file references MapErrorBoundary,NONE,"logger.error('[MAP ERROR BOUNDARY]', ...) — client-side only",window.location.reload() only,Missing Test
PRODUCT + USER COVERAGE (audit spec §17) — what the user of ,SUR-UX-offline,state-lifecycle,hooks/useOfflineMode.js (imported only by components/Settings.js:15) and hooks/useOfflineQueue.js (imported only by components/Feed.js:23); hooks/useMapData.js:86 is the only navigator.onLine read anywhere near the map,Dead for the weather/map feature,NONE in components/map/,nobody on the map,NONE,NONE,NONE,"measured this audit: `grep -rn ""onLine|offline"" components/map/` = 1 comment in OceanMask.js:9; positive control `grep -rln ""navigator\.""` in the same dir = deviceTier.js, MarineAnimTuner.js, marineForensics.js, marineSharpenTrace.js",none,none — a lost connection produces the same 30 s silent settle as a slow one,Missing Objective
PRODUCT + USER COVERAGE (audit spec §17) — what the user of ,SUR-UX-first-use-default,state-lifecycle,hooks/useWeatherState.js:44 `useState([])` for activeLayers vs :15-30 activeModel persisted to localStorage('rawsurf-active-model'),Active-reachable — every cold load,useWeatherState({user}) in MapPage,every first-time and returning map user,NONE,NONE,"hooks/useMapData.loadingGate.test.js covers the spot-list gate, not the weather default",NONE,none,n/a,Missing Objective
PRODUCT + USER COVERAGE (audit spec §17) — what the user of ,SUR-UX-theme-coverage,shared,"contexts/ThemeContext useTheme; NO-THEME weather-adjacent map surfaces: MapRightControls.js, MapFilterTabs.js, MapErrorBoundary.js, NearestSpotCard.js, MapLiveIndicator.js, IPLocationBanner.js; partial: MapForecastOverlay.js:55-59,118-122 (isBeach only on the two notice rows) and MapWeatherControls.js:800-813 (fill-zinc-500/600, stroke-zinc-800)",Active-reachable,MapPage render tree,every light-mode and beach-mode user,NONE — grep over all 12.0/12.1 registers + the SOTA contract returns zero theme rows,NONE,NONE — no theme test exists for any map surface,NONE,none,n/a,Missing Objective
PRODUCT + USER COVERAGE (audit spec §17) — what the user of ,SUR-UX-a11y-coverage,shared,"MapWeatherControls.js:669 (div-onClick), :845-846 (modal without semantics), :687 (no aria-expanded), :794/:805 (duplicate aria-label), :560-582 (17 px targets); MapLiveIndicator.js:138,153 (aria-label=""Square"")",Active-reachable,MapPage render tree,"keyboard, screen-reader, low-vision, colour-vision-deficient and touch users",NONE,NONE — WS-CAN-0012's category string says 'Accessibility / correctness' but its body is prefers-reduced-motion + device tier in WebGLWindEngine.js,controls.a11y.test.js and MapMarkerLayers.a11y.test.js cover two components; nothing covers MapWeatherControls,"CLAUDE.md records a 2026-07-14 audit: ~41 aria attributes across 132+ interactive elements, keyboard handling in 2 of 20 interactive files",none,n/a,Missing Objective
PERFORMANCE + CAPACITY + STORAGE + COST (audit spec §23),SUR-BE-conditions-batch,user-facing,backend/routes/surf_data/conditions.py:52-105 get_batch_conditions; BATCH_MAX_SPOTS=200 (:48); _BATCH_CONCURRENCY=6 (:49); sem created per request (:73),"Active-reachable, UNAUTHENTICATED",GET /api/conditions/batch,"frontend/src/hooks/useExploreData.js:29 fetchSpotConditions, fed by :58-60 popular_spots.slice(0,4) -- the SAME four spot ids for every user",WS-OBJ-302,WS-CAN-0064 (latency) + WS-CAN-0009 (status honesty),backend/tests/test_spot_conditions_batch_bounds.py -- covers the PER-REQUEST cap and semaphore only; no cross-request/concurrency test,"LV-07: 12.0 RV-01 n=9 p50 52,238 ms, 9/9 over 10 s; 12.1 LV-01 n=8 p50 58,713 ms, 8/8 over 10 s","request_telemetry latency buckets on /api/health; no bytes, no in-flight gauge","per-spot except Exception -> {""error"": str(e)} at :94 (WS-CAN-0009); no shed, no queue, no 429",Missing Contract
PERFORMANCE + CAPACITY + STORAGE + COST (audit spec §23),SUR-BE-spot-ratings,user-facing,backend/routes/weather.py:323 _SPOT_RATINGS_CONCURRENCY=6; :560 sem = asyncio.Semaphore(...) created PER REQUEST; spot_ratings.py:617 second per-call sem,"Active-reachable, unauthenticated",GET /api/weather/spot-ratings,"frontend/src/components/map/spotRatingsClient.js:10, useSpotRatings.js:202",WS-OBJ-302,NONE,backend/tests/test_event_loop_offload_guard.py (bans the blocking L2 loader on this path); no concurrency test,"11.1 SYSTEM_CAPACITY_DELTA n=34 p50 250 ms p99 4,248 ms",request_telemetry only,CDN lane (spotRatingsCdn.js) bypasses the box entirely on the happy path,Missing Objective
PERFORMANCE + CAPACITY + STORAGE + COST (audit spec §23),SUR-BE-grid-series,data,backend/services/weather_pipeline/grid_series_helper.py:557 sem = asyncio.Semaphore(CONCURRENCY) PER REQUEST; :343 coord cap 500; :350 forecast_days<=16; OVERALL_DEADLINE,Active-reachable,GET /api/weather/grid_series,"marineGridSeries.js:402,560; windGridSeries.js",WS-OBJ-302,NONE for concurrency; series_vector_budget covers response size,backend/tests/test_series_load_stride.py,"LV-07 12.0 n=133 p50 5,000 p99 31,075, 36.8% over 10 s; 12.1 n=22 p50 2,500 p99 14,245 (different populations, not an improvement claim)",request_telemetry + vectors_before_bound/bounded_at stamps,deadline degrades to a PARTIAL page; asyncio.shield warms the provider cache on cancel,Complete
PERFORMANCE + CAPACITY + STORAGE + COST (audit spec §23),SUR-BE-om-grid-cache,shared,"backend/services/weather_pipeline/providers/open_meteo_provider.py:189 _GRID_CACHE; :285-291 read; :471-474 evict-and-store (len>=50, next(iter(...)))",Active-reachable on the SERVING path,"OpenMeteoProvider.fetch_grid, called from grid_series_helper.py:354 and viewport_upstream.py:90",every marine/wind grid_series and dynamic-viewport build,"WS-OBJ-303 (Bounded memory) -- but that objective's Current Architecture Owner is 'Render cgroup 2048 MB', not this cache",NONE,NONE,"NONE. Derived ceiling M-16: 66,664 B/coord x 500 coord cap = 31.8 MB/entry x 50 entries = 1.55 GB vs the 2,048 MB cgroup","NONE -- no size, no hit/miss counter, no eviction counter; only a log line at :288","TTL 300 s expiry only; FIFO eviction (no re-insert on hit, so a hot key evicts before a colder later one)",Missing Objective
PERFORMANCE + CAPACITY + STORAGE + COST (audit spec §23),SUR-BE-om-point-cache,shared,open_meteo_provider.py:190 _POINT_CACHE; :573-579 read; :647-650 evict-and-store (len>=200),Active-reachable,OpenMeteoProvider.fetch_point,"point_resolution.py:508-510, conditions.py:126, spot_conditions.py:266, estimator.py:555/575, point_direct_fallbacks.py:33/98",WS-OBJ-303,NONE,NONE,NONE,NONE,"TTL 300 s; note BATCH_MAX_SPOTS=200 equals the cache cap, so one maximal batch turns the whole cache over",Missing Objective
PERFORMANCE + CAPACITY + STORAGE + COST (audit spec §23),SUR-BE-om-no-singleflight,shared,open_meteo_provider.py:570-651 fetch_point and :281-474 fetch_grid -- read-check-miss-fetch-store with NO lock and NO in-flight map,Active-reachable,OpenMeteoProvider.fetch_point / fetch_grid,all point and grid resolution,WS-OBJ-302,NONE,NONE,"Indirect: the shared 429 circuit breaker at :193-227 exists BECAUSE of a measured storm ('a storm of POST /v1/marine that all 429 ... up to 120 s HELD per request', Render restart 2026-07-24)",NONE,429 breaker fails fast after the storm starts; nothing prevents the duplicate work that causes it,Missing Contract
PERFORMANCE + CAPACITY + STORAGE + COST (audit spec §23),SUR-BE-inflight-dedup,shared,"viewport_service.py:53-67 IN_FLIGHT_REQUESTS + IN_FLIGHT_LOCK; :260-266, :319-325, :425-442; ACTIVE_REVALIDATIONS :58",Active-reachable,ViewportService.fetch_viewport_grid,"viewport_helper.py:356/494/512, grid_resolver.py:319/407, mid_res_tier.py:295-303",WS-OBJ-302,NONE,partial (marine cache tests),documented in-source as the fix for the 2026-07-05 18:40Z Render OOM,len(ACTIVE_REVALIDATIONS) read at mid_res_tier.py:295 as a queue-depth gate,waiters join one fetch; asyncio.shield on shared awaits,Complete
PERFORMANCE + CAPACITY + STORAGE + COST (audit spec §23),SUR-BE-reval-sem,shared,"viewport_service.py:632 type(self)._REVAL_SEMAPHORE, MARINE_REVAL_CONCURRENCY default 1","Active-reachable; CLASS-level, so it bounds across requests",_background_revalidate,SWR revalidation on pan/scrub,WS-OBJ-302,NONE,NONE located,in-source: built after the 512MB 1-CPU box OOMed while panning,log line on success/failure,serializes rather than stampedes,Complete
PERFORMANCE + CAPACITY + STORAGE + COST (audit spec §23),SUR-BE-midres-sem,shared,"mid_res_tier.py:199 _LOAD_SEM module-global, MARINE_MID_LOAD_CONCURRENCY default 2; _CLIP_CACHE dict at :198 with NO bound",Active-reachable,mid-res tier product load,grid resolver step 3.6,WS-OBJ-303,NONE,NONE located,in-source: '~15MB of Python objects ... concurrently ~250MB+ transient on the 512MB box',log warning on oversized grid skip,semaphore bounds concurrent full-product parses to 2,Missing Observability
PERFORMANCE + CAPACITY + STORAGE + COST (audit spec §23),SUR-BE-product-cache,shared,"store.py:295-315 _product_cache, _PRODUCT_CACHE_LIMIT=128 AND _PRODUCT_CACHE_VECTOR_BUDGET=120000, _product_cache_vectors bookkeeping, TTL 300 s",Active-reachable,ProductStore.load_product,every scrub frame / layer switch,WS-OBJ-303,NONE (closed by construction),partial,"in-source: the count-only 128 limit '≈ 1.5-1.9GB, the EXACT resident plateau measured ... before every one of the 29 oomKilled events on 2026-07-05'",vector bookkeeping dict,vector-weighted eviction,Complete
PERFORMANCE + CAPACITY + STORAGE + COST (audit spec §23),SUR-BE-series-vector-budget,shared,backend/services/weather_pipeline/series_vector_budget.py; SERIES_VECTOR_BUDGET default 80000; stride decimation preserving len(vectors)==cols*rows,Active-reachable; kill SERIES_VECTOR_BUDGET=0,grid_series response assembly,marineGridSeries / windGridSeries payloads,WS-OBJ-303,NONE,backend/tests/test_series_load_stride.py,"calibrated in-source from measured HIT/MISS populations (80,000/48 = 1,666 v/frame, above every HIT and below every MISS)",vectors_before_bound / bounded_at stamped on the response,"decimates, never fabricates; leaves masked/sparse frames alone",Complete
PERFORMANCE + CAPACITY + STORAGE + COST (audit spec §23),SUR-BE-request-telemetry,infrastructure,"backend/services/request_telemetry.py:28 BUCKET_BOUNDS_MS (12 buckets), :29 MAX_ROUTES=200, :41 record(method,template,status,elapsed_ms); middleware added outermost at server.py:499",Active-reachable; kill REQUEST_TELEMETRY=0,every HTTP request,"/api/health.request_telemetry, backend/scripts/uptime_probe.py",WS-OBJ-302,NONE,partial,LV-07 / RV-01 readings are produced by this instrument,"LATENCY AND STATUS ONLY -- records no response bytes, no in-flight count, no concurrency gauge, no upstream call count",n/a,Missing Observability
PERFORMANCE + CAPACITY + STORAGE + COST (audit spec §23),SUR-BE-health-memory,infrastructure,"backend/routes/health.py:105-145 memory block: rss_mb, peak_rss_mb (ru_maxrss), limit_mb + limit_source from core/runtime_limits.container_memory_limit_mb, peak_pct_of_limit; :98 disk_product_count",Active-reachable,GET /api/health,"uptime_probe.py, every audit",WS-OBJ-303,NONE,backend/tests/test_health_peak_memory.py,"LV-07: peak 1,780.9 MB = 87.0% of 2,048 MB cgroup (12.0); 1,243.2 MB = 60.7% (12.1)",refuses (None) rather than fabricating when ru_maxrss is unavailable; limit_source distinguishes MEASURED from ASSUMED,n/a,Complete
PERFORMANCE + CAPACITY + STORAGE + COST (audit spec §23),SUR-BE-weather-status-disk,infrastructure,"backend/routes/weather.py:650-690 get_status; get_disk_usage() sums os.path.getsize over store.cache_dir; cache_telemetry.disk_usage_bytes, total_grid_files, telemetry.memory_usage_mb, active_background_threads",Active-reachable,GET /api/weather/status,admin / audits,WS-OBJ-303,NONE,NONE located,"NONE at HEAD in this pass; the local dir measures 615M / 6,297 files",this is the ONLY disk-footprint instrument; it refuses on provider_status/last_errors ('not_instrumented') rather than fabricating,the number is reported and never acted on -- no size-based eviction consumes it,Missing Contract
PERFORMANCE + CAPACITY + STORAGE + COST (audit spec §23),SUR-BE-l1-disk-cache,infrastructure,"store.py:317-327 cache_dir = backend/uploads/weather_products (L1, 'ephemeral on Render', :271); dynamic_index.py:49-75 prune_expired deletes L1 files by expires_at TTL; store.py:522-547 manifest prune of >30-day-future products",Active-reachable,ProductStore / DynamicIndex,all product reads,WS-OBJ-303,NONE,"backend/tests/test_manifest_concurrent_merge.py (merge, not size)","local measurement: 615M across 6,297 files (du -sh + ls | wc -l)",size measured by /api/weather/status; count by /api/health.disk_product_count,TTL prune only -- NO size-based or LRU eviction anywhere,Missing Contract
PERFORMANCE + CAPACITY + STORAGE + COST (audit spec §23),SUR-BE-forecast-cache-dir,infrastructure,"backend/uploads/forecast_cache (2 files: marine_global.json 204,796 B, wind_global.json 72,833 B); owner forecast_ingester.py:10 CACHE_DIR; consumers wind_ingestion.py:189-227, :303-339 (time-shift fallback), _cache_basis type 'stale_cache_recycled' at :240",Fallback-only -- read solely when the live global-coarse fetch fails,ingest_gfs_wind_global / ingest_euro_wind_global failure path,wind global_coarse product build,WS-OBJ-303,NONE,backend/tests/test_sim_whatif_size_curve_and_io_budget.py references forecast_cache,du -sh -> 276K; find -type f | wc -l -> 2,_cache_basis stamps the recycled provenance on the product,time-shifts stale data rather than serving nothing; the recycling IS disclosed,Complete
PERFORMANCE + CAPACITY + STORAGE + COST (audit spec §23),SUR-BE-rate-limiter,infrastructure,"backend/core/rate_limiter.py rate_limit_check(); call sites auth_pkg/auth.py:108 (signup 10/300s), :363 (login 5/60s), :545 (change_pw 5/300s)",Active-reachable but AUTH-ONLY,three auth routes,signup/login/password change,NONE for weather,NONE,NONE located for weather (n/a),"grep -c rate_limit backend/routes/weather.py -> 0, against 10 @router.get in that file",logger.warning at rate_limiter.py:77,n/a for weather -- no weather route is limited or authenticated,Missing Contract
PERFORMANCE + CAPACITY + STORAGE + COST (audit spec §23),SUR-BE-default-executor,infrastructure,"105 asyncio.to_thread sites in backend/ (non-test): weather.py x10, health.py x3, grid_resolver.py x5, grid_resolver_surf.py x5, icon_marine_extension.py x5, lattice_fill.py x4, mid_res_tier.py:208, uploads/media.py x12 ...; NO asyncio.set_default_executor anywhere",Active-reachable on the hot serving path,every asyncio.to_thread call,"disk reads, Supabase L2 fetches, Pydantic product parses",WS-OBJ-302,NONE,"backend/tests/test_event_loop_offload_guard.py bans blocking loaders on the LOOP, but says nothing about the pool the offload lands in",NONE -- pool size is never logged or exposed,only threading.active_count() via /api/weather/status.telemetry.active_background_threads,"none -- saturation manifests as latency, indistinguishable from upstream slowness",Missing Observability
PERFORMANCE + CAPACITY + STORAGE + COST (audit spec §23),SUR-BE-httpx-clients,infrastructure,"33 httpx.AsyncClient( instantiations in backend/ (non-test), incl. open_meteo_provider.py:379 and :622 (constructed per call), conditions.py:280, tide.py x2, buoy_calibration.py x2, forecast_ingester.py, surf_conditions.py x3",Active-reachable,every upstream HTTP call,"Open-Meteo, NOAA, Copernicus, Supabase REST",NONE,NONE,NONE,NONE,"NONE -- no connection-pool metrics, no httpx.Limits configured anywhere",per-call retry ladders + the shared 429 breaker,Missing Observability
PERFORMANCE + CAPACITY + STORAGE + COST (audit spec §23),SUR-BE-om-breaker,shared,"open_meteo_provider.py:193-227 _rl_lock, _rate_limited_until, _breaker_open(), _trip_breaker(); tripped at :634; consulted at :627",Active-reachable; kill OPEN_METEO_BREAKER_DISABLED=1; tune OPEN_METEO_BREAKER_COOLDOWN_SEC (30 s),every fetch_point/fetch_grid retry loop iteration,all Open-Meteo traffic,WS-OBJ-302,NONE,NONE located,built from the measured 2026-07-24 Render restart-under-load (documented in-source and in docs/runbooks/HANDOFF-2026-07-24-...),no counter of trips or of fast-failed requests,fails fast to the stored/cached product in ~0 s instead of up to 120 s held,Missing Observability
PERFORMANCE + CAPACITY + STORAGE + COST (audit spec §23),SUR-FE-apiclient,user-facing,"frontend/src/lib/apiClient.js:27-32 axios.create({ baseURL: `${BACKEND_URL}/api`, timeout: 60000 }); :20 DEFAULT_BACKEND_URL is the absolute Render origin; :44-47 fire-and-forget GET /api/health at module import",Active-reachable on every page load,module import (before React renders),every REST call in the app,WS-OBJ-302,WS-CAN-0064 (adjacent -- the timeout is not named in it),frontend/src/lib/apiClient.test.js,"the 60,000 ms constant vs LV-07's p50 52,238-58,713 ms for /api/conditions/batch","axios error only; failure is swallowed at useExploreData.js:35 (logger.error, no user-visible state)",abort at 60 s; no retry; the Explore conditions map simply stays empty,Missing Contract
PERFORMANCE + CAPACITY + STORAGE + COST (audit spec §23),SUR-FE-marine-pager,data,"marineGridSeries.js:104 MARINE_SERIES_MAX_CONCURRENT=2; :144-146 PAGE_SPAN_HOURS=144, HEAVY_PAGE_SPAN_HOURS=48, MARINE_SERIES_MAX_HOURS=336; :153-156 lastPageFor; :658-659 for(page=0..last) loadSeriesPage(...); :432 45 s local abort",Active-reachable,marine layer activation / model switch / settle,WebGL marine field,WS-OBJ-302,NONE,NONE for request count,"derived from source: 3 pages cheap class, 8 pages heavy class (EURO or surf mode); 11.1 independently recorded 'the client fires 3 series pages per settle'",pageRetries / lastRetryReason on the diag object,bounded retry ladder + idle prefetch; aborted-while-queued requests are dropped before hitting the box,Missing Evidence
PERFORMANCE + CAPACITY + STORAGE + COST (audit spec §23),SUR-FE-om-protocol,rendering,frontend/src/components/map/openMeteoProtocol.js:144-148 DECODED_TILE_CACHE Map with MAX_CACHE_SIZE=150 (COUNT-bounded); :20-21 MISSING_OM_RUNS / MISSING_OM_TILES unbounded Sets; :91-108 cacheHits/cacheMisses/cacheFlushes counters,"Active-reachable (om:// MapLibre protocol, main thread + decode worker)",MapLibre addProtocol callback,every om:// raster layer,WS-OBJ-101,"WS-CAN-0061 (paint, CLOSED) -- nothing for the cache footprint",NONE for cache size,NONE -- hit/miss counters exist but no byte figure,cacheHits/cacheMisses/cacheFlushes/current cache size are exposed,MISSING_OM_RUNS blocks 404 tile storms,Missing Evidence
PERFORMANCE + CAPACITY + STORAGE + COST (audit spec §23),SUR-FE-gpu-accounting,rendering,"WebGLMarineEngine.js:101-111 __RAW_GPU__ init (gpuMemoryEstimate, textureCount, textureUploadCount, droppedFrameCounter); increments WebGLMarineTextureState.js:80, WebGLMarineTextureEncoder.js:666,732; the single decrement choke point WebGLWindUtils.js:248-296 safeDeleteTexture; droppedFrameCounter++ at WebGLMarineEngine.js:2317",Active-reachable,GL texture create/delete and the render loop,"TruthOverlay.js:310-315, TruthOverlayGpuTab.js",WS-OBJ-301,WS-CAN-0013 (lifecycle hygiene),frontend/src/components/map/textureAccounting.test.js,"measured 2026-08-04: textureCount rose +2.63/zoom gesture over 32 gestures (11 -> 95), gpuMemoryEstimate +0.88 MB/gesture -- diagnosed as an ACCOUNTING defect (18 call sites vs 2 decrements), not a leak, and fixed at the one function every deletion passes through","GPU memory IS accounted (arithmetic w*h*4), guarded against going negative so an under-count cannot hide a real leak",safeDeleteTexture refuses to delete particle-state textures,Complete
PERFORMANCE + CAPACITY + STORAGE + COST (audit spec §23),SUR-FE-device-tier,rendering,"frontend/src/components/map/deviceTier.js:31 (navigator.hardwareConcurrency||4) <= 4; consumers GPUMarineLayer.js:312-315 (particle pool 500/1000/1200/2200), WebGLMarineLayer.js:13,844 getMarineParticleRes, WebGLWindLayer.js:15 getWindParticleRes",Active-reachable,engine init,particle pool sizing,WS-OBJ-301,WS-CAN-0012 (port marine invariants incl. device tier to the wind engine),MarineAnimTuner.defaults.test.js (adjacent),NONE -- no mobile-device profile measurement exists (11.0 §7 lists 'any mid-tier or low-end device profile' as cannot-be-stated),NONE -- the resolved tier is not exposed on __RAW_GPU__,n/a,Missing Evidence
PERFORMANCE + CAPACITY + STORAGE + COST (audit spec §23),SUR-FE-sw-spot-cache,state-lifecycle,"frontend/public/service-worker.js:19-22 OFFLINE_API_PATTERNS (/api/surf-spots, /api/surf-spots/search, /api/spots-in-bounds); :108-125 network-first cache.put into SPOT_CACHE_NAME; :95-104 /weather and /marine paths EXCLUDED from SW handling",Active-reachable,SW fetch handler,offline spot list,NONE,NONE,NONE,grep for MAX|limit|trim|estimate in service-worker.js -> 0 hits,X-SW-Cache-Fallback header lets the client tell a cold-start miss from genuine offline,"only caches response.ok, so a cold-start 502 cannot poison the cache; but NO size bound, NO eviction, NO trim",Missing Contract
PERFORMANCE + CAPACITY + STORAGE + COST (audit spec §23),SUR-FE-dead-storage-bounds,state-lifecycle,"frontend/src/utils/tileCache.js (IndexedDB, MAX_AGE_MS 7 d used at :75/:126, _MAX_CACHE_SIZE=500 referenced ONLY at its own declaration :12); frontend/src/utils/offlineGallery.js:12 MAX_CACHE_BYTES = 500MB; frontend/src/engine/tile-streaming-system.js:100-108 MAX_CACHE_SIZE",Dead / Legacy-unreachable -- 0 import edges for all three (positive control: utils/logger has many; sibling engine modules are imported at MapWebGL.js:39-43),none,"none in JS; but service-worker.js:7,165-190 still reads GALLERY_CACHE_NAME, a cache nothing writes -> a caches.match on every Supabase /storage/ request that can only miss",NONE,NONE,NONE,git grep for each module path across frontend/src and frontend/e2e -> 0 hits each,tileCache.js exposes a getStats() nothing calls,n/a,Missing Objective
PERFORMANCE + CAPACITY + STORAGE + COST (audit spec §23),SUR-FE-ratings-cdn,data,"frontend/src/components/map/spotRatingsCdn.js -- SPOT_RATINGS_KEY spot_ratings/latest.json, CB_BUCKET_MS = 5 min cache-bust bucket, FRESH/STALE tolerances mirroring spot_ratings.py",Active-reachable; kill __RAW_DISABLE_RATINGS_CDN__ / REACT_APP_RATINGS_CDN=0,useSpotRatings.js,map rating glyphs,WS-OBJ-302,NONE,NONE located,costed IN SOURCE: '~1MB raw / ~150KB gzip'; 'One object download per CB_BUCKET_MS window serves EVERY pan/zoom/model-switch/scrub'; 'the precomputed path involves the 1-CPU serve box not at all',"source stamped on the ratings payload (src=cdn vs endpoint), logged at useSpotRatings.js:293",any failure returns null and falls back to the endpoint,Complete
PERFORMANCE + CAPACITY + STORAGE + COST (audit spec §23),SUR-FE-client-perf-instruments,infrastructure,ABSENT: 0 PerformanceObserver / longtask in frontend/src; 0 performance.memory / usedJSHeapSize in frontend/src. Present: performance.now in 12 files; TruthOverlay.js:141 is the only client->server transport,n/a (absence),none,none,"WS-OBJ-303 -- but its Current Architecture Owner is 'Render cgroup 2048 MB', i.e. server-side only",WS-CAN-0037 (frame harness) covers frame rate; WS-CAN-0020 covers the uplink,NONE,"11.0 §5 measured JS heap once externally: '130 - 339 MB ... GC-dominated, inconclusive'; 11.0 §7 lists 'sustained soak behaviour beyond ~6 toggle cycles and ~20 minutes' as cannot-be-stated",NONE standing,n/a,Missing Observability
PERFORMANCE + CAPACITY + STORAGE + COST (audit spec §23),SUR-FE-bundle,infrastructure,"frontend/build (gitignored local artifact); netlify.toml [build] command 'node update-sw-version.js && npm install --legacy-peer-deps && CI=false npm run build', publish = build; frontend/build/_headers gives /static/js/* max-age=31536000 immutable; GENERATE_SOURCEMAP set nowhere in frontend/",Prod-only (and the production frontend is separately frozen at 3bd38a83),page load,every browser,WS-OBJ-104 (release delivery) -- not a size objective,WS-CAN-0039 (unfreeze prod),lighthouserc.json exists at repo root; not wired to a size budget,"local build: 9,038,774 B JS (105 map files totalling 33,420,587 B), largest chunk 1,378,701 B, ne_50m_land.json 2,764,441 B at the web root, total 54M",asset-manifest.json; service-worker BUILD_VERSION stamp,n/a,Missing Evidence
SCIENTIFIC COVERAGE COMPLETENESS (audit spec §22) — what the,SUR-SCI-buoy-loop-t0,processing,"backend/services/weather_pipeline/buoy_calibration.py:405 calibrate_spots, :679 run_buoy_calibration, :690 valid_time=_top_of_hour_utc()","Active-reachable, Single-model-only (BUOY_CALIBRATION_MODEL default GFS, :689), Single-layer-only (domain=marine layer=waves, :438)","scripts/ingest_forecast_ci.py + scripts/precompute_ci.py under BUOY_CALIBRATION=1; .github/workflows/forecast-ingest.yml, precompute.yml",L2 calibration/buoy_latest.json -> /api/weather/buoy-calibration -> forecast_accuracy_monitor.py:416,WS-OBJ-005 / WS-OBJ-501,WS-CAN-0026,backend/tests/test_buoy_calibration.py,"LIVE /api/weather/buoy-calibration 2026-08-13T22:21:11Z: n_spots 60, height_mae_m 0.19, height_n 60",summary + 417 per-spot rows + resolved_at tag ('buoy' 398 / 'spot' 19),per-spot try/except -> null residual; never raises,Complete
SCIENTIFIC COVERAGE COMPLETENESS (audit spec §22) — what the,SUR-SCI-height-mae-gate,processing,backend/scripts/forecast_accuracy_monitor.py:146 evaluate_report reads summary['height_mae_m'] only; red_mae_m 0.40,"Active-reachable, Prod-only cadence (cron 5 1,7,13,19)",.github/workflows/forecast-accuracy-monitor.yml:75,GitHub Actions exit code (0/1/3),WS-OBJ-501,WS-CAN-0026,backend/tests/test_forecast_accuracy_monitor.py,"LV-03 run 31710210215 2026-08-13T14:26Z, verdict OK",prints measured value beside threshold every run,exit 3 REFUSED when blind; combine() ranks RED > REFUSED > OK,Complete
SCIENTIFIC COVERAGE COMPLETENESS (audit spec §22) — what the,SUR-SCI-period-mae-ungated,data,"backend/services/weather_pipeline/buoy_calibration.py:237-239 period_err_s, :260 period_mae_s/period_bias_s/period_n",Active-reachable but consumer-less: grep -rn 'period_mae_s' backend/ finds only the producer line and test assertions,same calibration loop as SUR-SCI-buoy-loop-t0,NONE — the accuracy monitor reads height_mae_m only,NONE,NONE,backend/tests/test_buoy_calibration.py (aggregate arithmetic only),"LIVE 2026-08-13T22:21:11Z: period_mae_s 2.144, period_bias_s -0.68, period_n 57",present in the served report; nothing reads it,n/a,Missing Objective
SCIENTIFIC COVERAGE COMPLETENESS (audit spec §22) — what the,SUR-SCI-wind-residual,data,"backend/services/weather_pipeline/buoy_calibration.py:204 compare_wind_to_model, :371 aggregate_wind_residuals, :463 call site","Dead — compare_wind_to_model returns None at :211-212 because parse_ndbc_realtime (:90-97) never emits wspd_kt, and it is the only obs producer in the loop (:338)","buoy_calibration.calibrate_spots:463 (called, always yields None)",summary.wind_mae_kt / wdir_mae_deg — null on every run,NONE,NONE,"backend/tests/test_buoy_calibration.py:504,539 — the fixture MERGES parse_ndbc_realtime with parse_ndbc_wind, an obs shape production cannot produce","LIVE 2026-08-13T22:21:11Z: wind_n 0, wind_mae_kt null, wdir_mae_deg null across 417 rows / 60 buoys","nulls, not a refusal — indistinguishable from 'not yet sampled'",none needed; the lane never runs,Missing Evidence
SCIENTIFIC COVERAGE COMPLETENESS (audit spec §22) — what the,SUR-SCI-skill-ledger,processing,"backend/services/weather_pipeline/forecast_skill.py:34 LEADS_H=(24,48,72), :299 score_pending, :326 err_m (the only error field), :466 skill_summary","Active-reachable, kill FORECAST_SKILL=0; multi-model via COMPARE_MODELS_DEFAULT='ICON,EURO'",buoy_calibration.run_buoy_calibration:722 run_skill_ledger,L2 calibration/skill/scored-YYYY-MM.json -> forecast_accuracy_monitor.evaluate_scored_segment,WS-OBJ-005 / WS-OBJ-501,"WS-CAN-0026, WS-CAN-0054","backend/tests/test_forecast_skill.py, test_forecast_skill_per_model.py",LIVE forecast_skill block in /api/weather/buoy-calibration 2026-08-13T22:21Z; LV-03 n_paired 2483 at +24h,per source x lead MAE/bias/RMSE/SI/corr/sym_slope + by_obs_band,"merge_pending keep-earliest eviction; stats{kept,expired,cap_evicted}",Complete
SCIENTIFIC COVERAGE COMPLETENESS (audit spec §22) — what the,SUR-SCI-skill-period-dropped,data,"backend/services/weather_pipeline/forecast_skill.py:166,185,260 tp_s carried; :325 obs_dpd_s carried; :326 only err_m computed","Active-reachable data path, no consumer — grep -n 'err_s' forecast_skill.py returns zero hits vs eleven for err_m",score_pending,NONE,NONE,NONE,NONE for a period error (no such field exists),LIVE skill rows carry tp_s/obs_dpd_s with no error metric,the raw pair is archived; no statistic derived,n/a,Missing Objective
SCIENTIFIC COVERAGE COMPLETENESS (audit spec §22) — what the,SUR-SCI-paired-skill-gate,processing,"backend/scripts/forecast_accuracy_monitor.py:75 SKILL_FLOOR_SOURCES, :76 PUBLIC_REFERENCE_SOURCES, :226 _gradeable, :250 evaluate_scored_segment, PAIRED_GRACE_DEFAULT 2026-08-22","Active-reachable, WARN-only until 2026-08-22; kill ACCURACY_PAIRED_GATE=0",.github/workflows/forecast-accuracy-monitor.yml,Actions annotation + exit code,WS-OBJ-501,"WS-CAN-0026, WS-CAN-0054",backend/tests/test_forecast_accuracy_monitor.py (T1..T7),LV-03: 'SKILL FLOOR BREACHED at +24h ... MAE 0.186 vs 0.171 ... win rate 44%',names the losing comparison and both agreeing statistics,REFUSE when populations diverge or n_paired < 200,Complete
SCIENTIFIC COVERAGE COMPLETENESS (audit spec §22) — what the,SUR-SCI-report-calibration,processing,"backend/services/weather_pipeline/report_calibration.py:246 run_report_calibration, :140 compare_pair (star + surf_height_m), :294-298 silent-empty except, :32 ARCHIVE_MAX_ENTRIES=60000",Active-reachable (REPORT_CALIBRATION='1' in forecast-ingest.yml:74 and precompute.yml:96) but producing zero output,"scripts/ingest_forecast_ci.py:117, scripts/precompute_ci.py:92",L2 calibration/report_latest.json -> GET /api/weather/report-calibration (routes/weather.py:638) — NO automated reader,NONE (WS-OBJ-005/501 both point at buoy_calibration),NONE,backend/tests/test_report_calibration.py (pure helpers only),"LIVE 2026-08-13T22:25:44Z: available true, n_reports 0, n_matched 0, star_n 0, height_n 0, n_archive 60000 (== the cap)",reports available:true with all-null summary; a REST failure and an empty table are the same output,try/except -> rows=[]; no refusal path,Missing Evidence
SCIENTIFIC COVERAGE COMPLETENESS (audit spec §22) — what the,SUR-SCI-nearshore-transform-cdip,processing,backend/scripts/validate_nearshore_transform.py (--discover/--measure/--directional); result frozen at science_registry.py:268-289 REFRACTION_KR=0.797,Legacy-but-reachable manual tool — grep -rn 'validate_nearshore_transform' .github/ returns zero hits (positive control: forecast_accuracy_monitor hits forecast-accuracy-monitor.yml:75),manual CLI only,a hand-transcribed constant in science_registry + surf_transform.py:71,WS-OBJ-602,"WS-CAN-0053 (adjacent), WS-CAN-0051 (deferred)",backend/tests/test_validate_nearshore_transform.py (parser + pair discovery only),"one run 2026-07-29: 385,651 QC-good swell hours, 10 California CDIP sites, Kr median 0.797 range 0.612-1.031",none on a cadence,n/a,Missing Evidence
SCIENTIFIC COVERAGE COMPLETENESS (audit spec §22) — what the,SUR-SCI-period-vs-ndbc,processing,backend/scripts/validate_period_vs_ndbc.py,Legacy-but-reachable manual tool — zero hits in .github/ and in scripts/ci_test_lanes.py,manual CLI,none,NONE,NONE,NONE,one run 2026-07-29: Tp +2.7 s high at 3 FL buoys (41009 buoy DPD 5.0 vs ours 7.7) while heights matched 0.68 vs 0.70 m,none,n/a,Missing Objective
SCIENTIFIC COVERAGE COMPLETENESS (audit spec §22) — what the,SUR-SCI-wind-forecast-validator,processing,"backend/scripts/validate_wind_forecast.py:74 parse_latest_obs_wind, :106 compare_wind_to_model",Legacy-but-reachable manual tool; the ONLY caller of the two working wind parsers,manual CLI,none,NONE,NONE,"backend/tests/test_buoy_calibration.py covers the parsers, not the script",NONE at HEAD,none,n/a,Missing Objective
SCIENTIFIC COVERAGE COMPLETENESS (audit spec §22) — what the,SUR-SCI-model-skill-census,processing,backend/scripts/model_skill_census.py,Legacy-but-reachable manual tool,manual CLI,WS-CAN-0057 evidence only,WS-OBJ-603,WS-CAN-0057,NONE located,"2026-08-03 one-hour snapshot, 60 buoys: GFS 0.388 / ICON 0.324 / EURO 0.223",none on a cadence,n/a,Complete
SCIENTIFIC COVERAGE COMPLETENESS (audit spec §22) — what the,SUR-SCI-climatology-gonogo,processing,backend/scripts/local_size_gonogo.py; local_size_preview.SANITY_EXEMPLARS_AUTHORED_PCTL,"Active-reachable, scheduled 4x/day",.github/workflows/forecast-calibration-census.yml step 1,Actions error/warning + gonogo.txt artifact,"NONE (calibration input, not forecast accuracy)",WS-CAN-0042,backend/tests/test_calibration_census.py,WS-CAN-0042 register row: workflow GREEN at 2026-08-12T15:31Z,"exemplar ordering + absolute bounds, decision lines echoed above the tail window",BOUNDS STALE downgrade so an always-red gate cannot train red-blindness,Complete
SCIENTIFIC COVERAGE COMPLETENESS (audit spec §22) — what the,SUR-SCI-climatology-drift,processing,"backend/scripts/climatology_drift_census.py (PSI + per-spot, because PSI is blind to a permutation)","Active-reachable, scheduled",.github/workflows/forecast-calibration-census.yml step 2,"drift.json artifact, 90-day retention",NONE,WS-CAN-0042,backend/tests/test_calibration_census.py,artifact series retained per run,"PSI + per-spot drift, mutation-verified 2026-08-01",--fail-on-drift,Complete
SCIENTIFIC COVERAGE COMPLETENESS (audit spec §22) — what the,SUR-SCI-point-spot-reference,processing,backend/scripts/verify_point_spot_reference.py,"Active-reachable, scheduled, REPORTED-NOT-PAGING (no --fail-on-mismatch)",.github/workflows/forecast-calibration-census.yml step 4,e1_acceptance.txt artifact,WS-OBJ-602,WS-CAN-0024,NONE located,workflow comment states promotion to --fail-on-mismatch awaits a first PASS,voids itself by name when keys are absent,n/a,Missing Test
SCIENTIFIC COVERAGE COMPLETENESS (audit spec §22) — what the,SUR-SCI-sim-parity,processing,backend/scripts/sim_health_probe.py; backend/tests/test_rating_composition_parity.py; services/weather_pipeline/sim_rating.py:calculate_surf_rating,"Active-reachable, scheduled 4x/day",.github/workflows/sim-parity-monitor.yml,Actions exit code,WS-OBJ-201,WS-CAN-0023,backend/tests/test_rating_composition_parity.py,WS-CAN-0023 Verified Current,names the diverging field,structural + data guard pair,Complete
SCIENTIFIC COVERAGE COMPLETENESS (audit spec §22) — what the,SUR-SCI-copernicus-validator,processing,backend/services/weather_pipeline/copernicus_validator.py:27 validate_copernicus_product_helper,"Active-reachable, Single-model-only (returns valid immediately unless model==EURO and domain==marine)",ingestion/normalization path for EURO marine products,product acceptance decision,WS-OBJ-002,NONE,backend/tests/test_weather_copernicus.py,NONE measured this pass,"returns (valid, reason) strings",rejects the product,Complete
SCIENTIFIC COVERAGE COMPLETENESS (audit spec §22) — what the,SUR-SCI-owner-anchors,processing,backend/tests/test_owner_calibration_anchors.py; backend/scripts/calibration_solver.py,Test-only; runs in CI,pytest,CI,WS-OBJ-006,NONE,is itself the test,anchors green; project memory records the harness as blind to any purely DIRECTIONAL change (a 47% height cut moves all five by 0.0),assertion messages,n/a,Complete
SCIENTIFIC COVERAGE COMPLETENESS (audit spec §22) — what the,SUR-SCI-lattice-temporal-interp,data,"backend/services/weather_pipeline/lattice_fill.py:83 interpolate_between, :154 estimate_basis type 'native_time_interpolation'",Active-reachable — fills 12-16 gap slots per global tier in the ECMWF 6-hourly band,grid_series / scrubber lattice assembly,served frames on the timeline scrubber,NONE for accuracy (WS-OBJ-202 covers provenance),WS-CAN-0034 (provenance class) — nothing for accuracy,"backend/tests/test_lattice_inband_fill.py — 10 tests (grep -c '^def test'), all synthetic; no held-out native frame",NONE — no comparison of an interpolated slot to a real frame exists,estimate_basis is stamped and disclosed,refuses to bridge holes > 6 h,Missing Test
SCIENTIFIC COVERAGE COMPLETENESS (audit spec §22) — what the,SUR-SCI-bilinear-spatial-interp,data,"backend/services/weather_pipeline/sampler.py:260 bilinear_scalar, :318 bilinear, :369 bilinear_ocean_masked; point_resolution.py:405-410","Active-reachable, the default point path",resolve_point / sampler,every point response and every spot rating,"WS-OBJ-102 (projection), not accuracy",WS-CAN-0028 (orientation only),"test_point_coarse_gap.py, test_weather_normalizer.py, test_weather_services.py — fixtures only",interpolation_method stamped on responses,interpolation_method field,masked variant near coasts,Missing Test
SCIENTIFIC COVERAGE COMPLETENESS (audit spec §22) — what the,SUR-SCI-ocean-mask-nan,data,"backend/services/weather_pipeline/ocean_access.py:82,114,162 np.where(np.isnan(e), 0.0, e)","Active-reachable in the spot-placement QA path (placement_verdict, swell_exposure_fraction)",spot discovery / placement audit scripts,ON_OCEAN / INLAND / NO_OCEAN verdicts,NONE,NONE,backend/tests/test_ocean_access.py,NONE measured this pass,verdict + elev_m in the output dict,"returns (None, None) for unknown rather than guessing",Missing Contract
SCIENTIFIC COVERAGE COMPLETENESS (audit spec §22) — what the,SUR-SCI-missing-value-convention,data,"backend/services/weather_pipeline/normalizer.py, sampler.py — GridVector.is_valid is the only mechanism","Active-reachable, implicit",normalization of every upstream product,every downstream sampler and rating,WS-OBJ-002,NONE,indirect only — no test drives a real upstream missing-value payload,grep -rn 'isnan|math.nan|np.nan|9999|_FillValue|missing_value' normalizer.py sampler.py -> ZERO hits; positive control grep -c 'is_valid' -> 7 and 4,is_valid on each cell,invalid cells excluded downstream,Missing Contract
SCIENTIFIC COVERAGE COMPLETENESS (audit spec §22) — what the,SUR-SCI-swell-partitions,data,"capabilities rows GFS/EURO/ICON x marine x {swell_1,swell_2,wind_waves} (9 of 24); SURF_PARTITIONS default '0' at point_resolution.py:120 and spot_conditions.py:138",Active-reachable for RENDERING; Flag-gated OFF for the rating,om:// raster + /api/weather/grid-series,"3 of the 12 LayerRegistry layers, painted to users","WS-OBJ-001 (paints), NONE for value correctness","WS-CAN-0052 (flip into the rating), WS-CAN-0060 (colour scale)","test_partition_* suite — composition/energy-share logic, no observation",LIVE /api/weather/capabilities 2026-08-13: 9 rows present and supports_grid true,served with provenance,n/a,Missing Evidence
SCIENTIFIC COVERAGE COMPLETENESS (audit spec §22) — what the,SUR-SCI-water-temp-layer,rendering,frontend/src/components/map/LayerRegistry.js:107 id:'water_temp'; also temperature at :91,Active-reachable frontend-only — grep of backend capabilities.py/schemas.py for 'water_temp' returns ZERO (positive control: 8 frontend files hit),om:// protocol raster on the client,user-selectable painted layer + infobox readout,WS-OBJ-001/101 (paints),"WS-CAN-0061 (closed — ordering), NONE for value","layerColorScaleCoverage.test.js, LayerAccessResolver.layerKeys.test.js — key/scale coverage only",absent from the 24-row capability payload,"no provenance row, no resolution, no run_time",n/a,Missing Objective
SCIENTIFIC COVERAGE COMPLETENESS (audit spec §22) — what the,SUR-SCI-weather-layers,data,"capabilities rows: precipitation, pressure (all 3 models), fog/radar/satellite (GFS)","Active-reachable, painted",/api/weather/grid-series + om:// tiles,"rain, radar, satellite, pressure, fog layers in LayerRegistry",WS-OBJ-001,"WS-CAN-0015 (rain unit LABEL, not value)","test_precipitation.py, test_pressure.py — pipeline fixtures",LIVE capabilities 2026-08-13,served with provenance,n/a,Missing Evidence
SCIENTIFIC COVERAGE COMPLETENESS (audit spec §22) — what the,SUR-SCI-lead-horizon,data,"forecast_skill.py:34 LEADS_H=(24,48,72) vs capabilities max_forecast_hours 384 (GFS) / 336 (EURO, ICON)",Active-reachable served horizon; validation reaches 72 h,scrubber / forecast wheel out to the served horizon,every long-lead forecast a user reads,WS-OBJ-005,WS-CAN-0054 (arms the SAME three leads),NONE beyond +72 h,LIVE capabilities: GFS marine max_forecast_hours 384,lead is disclosed; its skill is not,n/a,Missing Objective
SCIENTIFIC COVERAGE COMPLETENESS (audit spec §22) — what the,SUR-SCI-geography-of-truth,data,buoy_calibration.fetch_buoy_spots_via_rest -> spots with noaa_buoy_id; NDBC realtime2 only,"Active-reachable, geographically Single-region (North-American waters)",the calibration loop,every accuracy statement the program makes,WS-OBJ-005 / WS-OBJ-501,"WS-CAN-0058 (input coverage, not validation coverage)",NONE for geographic representativeness,"LIVE report: 60 buoys, prefix histogram {41:12, 42:2, 44:12, 46:23, 51:7, 52:1, 62:1, LJ:1, SS:1}; only non-Americas station is 62107 Constantine Bay (UK)",per-spot rows expose the buoy ids,n/a,Missing Evidence
SCIENTIFIC COVERAGE COMPLETENESS (audit spec §22) — what the,SUR-SCI-residual-archive,data,"buoy_calibration.py:608 stratified_height_bias, :643 build_archive_summary; buoy_residual_retention.maybe_roll_up_history","Active-reachable, kill BUOY_RESIDUAL_ARCHIVE=0",run_buoy_calibration:697,forecast_accuracy_monitor.evaluate_residual_history (RED if 0 rows in 48 h),WS-OBJ-005,WS-CAN-0026,backend/tests/test_buoy_calibration.py,"LIVE archive block: n_entries 11725, n_buoys 60, 2026-07-28 -> 2026-08-13; stratified bias +0.200 m in the 0-0.5 m band, -0.316 m above 2.5 m",per-band n / bias / MAE keyed on the OBSERVED height,"append-only monthly segments, never pruned",Complete
SCIENTIFIC COVERAGE COMPLETENESS (audit spec §22) — what the,SUR-SCI-science-registry-ratchet,infrastructure,"backend/services/weather_pipeline/science_registry.py (REFRACTION_KR, H110_OVER_HS, gamma entries with source/method/sample/published_range/status)","Active-reachable, enforced in CI",pytest test_science_registry.py / test_science_registry_coverage.py,constant provenance discipline,WS-OBJ-002,WS-CAN-0042,"test_science_registry.py, test_science_registry_coverage.py",registry debt count 29 per WS-CAN-0042 row,every constant states source/method/sample,ratchet blocks new bare literals,Complete
SCIENTIFIC COVERAGE COMPLETENESS (audit spec §22) — what the,SUR-SCI-era5-campaign,data,"backend/scripts/era5_deepen_climatology.py, build_spot_size_climatology.py","Active-reachable campaign, replaces each spot's sample population one spot at a time",manual/campaign dispatch,spot_size_climatology -> RATING_LOCAL_SIZE reference -> every rating,NONE,WS-CAN-0042,NONE located for the campaign itself,census workflow warns a backfilled spot STEPS then FREEZES while an un-backfilled one keeps drifting,drift.json shows which spots moved,census gate,Complete
OBSERVABILITY + INCIDENT READINESS (audit spec §20) — Raw Su,SUR-OBS-posthog-replay,infrastructure,"frontend/public/index.html:149-227, posthog.init() at :210; session_recording at :217; captureCanvas.recordCanvas:false at :222-224","Active-reachable (production). disable_session_recording is bound to __isLocalDev only, so recording is ON everywhere except localhost/127.0.0.1/[::1].","inline <script> in the SPA shell, runs before React mounts","PostHog cloud (us.i.posthog.com) — third party, off-box, owner-viewable without a browser console",NONE,NONE,NONE,"git log -S 'posthog.init' -- frontend/public/index.html -> b8aa692f (initial commit); git show 3bd38a83:frontend/public/index.html | grep -c posthog -> 9, i.e. present in the PINNED production build","DOM/rrweb session replay of the whole app EXCEPT canvas; capturePerformance:false; enable_recording_console_log not set client-side (grep 0, control: session_recording found at :217) so console capture would have to be enabled project-side, unverifiable from the repo",n/a,Missing Objective
OBSERVABILITY + INCIDENT READINESS (audit spec §20) — Raw Su,SUR-OBS-truthoverlay-uplink,infrastructure,"frontend/src/components/map/TruthOverlay.js:108-158, fetch at :147; payload built :120-145","Active-reachable (production) — the effect sits ABOVE the render gate at :325-327 deliberately, so it runs for prod users whose HUD never mounts","useEffect on [truthIssues, activeModel, activeLayers, timeOffsetHours]",POST /api/weather/client-diagnostics (backend/routes/weather.py:715-756),WS-OBJ-504,WS-CAN-0020 / WS-CAN-0063,"frontend/src/__tests__/truthOverlayGate.test.js; frontend/src/components/map/TruthOverlay.fpsHonesty.test.js (SOURCE guards, no render harness); backend/tests/test_measure_or_refuse_last_two_surfaces.py:79",Re-verified at HEAD: git grep 'client-diagnostics' -- frontend/src returns exactly one fetch (TruthOverlay.js:147). Matches WS-CAN-0020's claim for FIRST-PARTY transports only.,"Fires ONLY on truthIssues. Throttled 60s per `${type}:${layerId}`. Carries model, layer(activeLayers[0] only), timeOffset, fps (?? null since WS-CAN-0063), memory, correlationId, details.build",fetch().catch(() => {}) — silent; a failed uplink is indistinguishable from no incident,Missing Evidence
OBSERVABILITY + INCIDENT READINESS (audit spec §20) — Raw Su,SUR-OBS-raw-gpu-literals,rendering,"frontend/src/components/map/WebGLMarineEngine.js:101-114 — activeRafCount:1 (:106), shaderCompileCount:6 (:109), reactRerenderCounter:0 (:112)","Active-reachable via window.__RAW_GPU__, but WRITE-ONCE: zero mutation sites repo-wide (src and committed build bundle)","WebGLMarineEngine constructor, guarded by !window.__RAW_GPU__","dev console; the AUDIT PROGRAM (LV-04 in 12.1, hypothesis kills in two 2026-08 research docs). No in-repo src consumer at all.","WS-OBJ-301 (consumes it as closure evidence), WS-OBJ-506 (contract owner)",NONE,NONE for these three. Control: sibling textureCount has frontend/src/components/map/textureAccounting.test.js,"Mutation census over 1213 frontend JS/TS files: 8 of 11 __RAW_GPU__ fields have 2-10 mutation sites (textureCount 8, gpuMemoryEstimate 8, drawCallsPerFrame 10, frameTimeHistogram 5 indexed at :2310-2314, droppedFrameCounter :2317, framebufferCount WebGLMarineEngineInit.js:183, advFboStatus :2252, textureUploadCount WebGLMarineTextureState.js:56,79); these three have ZERO","Reports 1 RAF / 6 shaders / 0 re-renders unconditionally, whether the true values are 0 or 50",n/a,Missing Task
OBSERVABILITY + INCIDENT READINESS (audit spec §20) — Raw Su,SUR-OBS-console-interceptors,processing,frontend/src/components/map/WeatherTelemetry.js:78-184 initConsoleInterceptors; 21 hard-coded prefixes at :81-103; dead validation_mismatch branch at :155-160,Active-reachable — monkey-patches console.warn/error/log globally as a module-import side effect of the WeatherTelemetry singleton,WeatherTelemetryEngine constructor :72-75,the 500-entry in-browser ring (never leaves the device),NONE,NONE,"frontend/src/tests/telemetry-ring-quota.test.js covers eviction/ringHealth, NOT prefix coverage","prefixcov.py over 832 non-test source files: 232 console.error/warn sites with a bracket prefix, 84 distinct prefixes; 104 sites / 24 prefixes captured (positive control), 128 sites / 60 prefixes NOT captured = 55.2%. Two of the 21 configured prefixes ([WebGLOverlay], [WebGLMarine-Validate]) have ZERO emitters in frontend/src","Uncaptured include [GridWorker] (useGridWorker.js:44, the R11-07 worker crash), [ErrorBoundary] (routing/ErrorBoundary.js:30), [apiClient] (lib/apiClient.js:93), [MapLibre Error] (useMapInitialization.js:90), [WEATHER_TRUTH] (weatherTruthTracker.js:229), [Orchestrator Fatal Exception], [Marine] x14, [Governor] x10",n/a,Missing Task
OBSERVABILITY + INCIDENT READINESS (audit spec §20) — Raw Su,SUR-OBS-weathertelemetry-ring,processing,frontend/src/components/map/WeatherTelemetry.js:10-549; _evictOne :205-235; ringHealth :244-263; singleton :549-550,Active-reachable — constructed at module import on every screen; window.__WEATHER_TELEMETRY__ published unconditionally,module import,TruthOverlay Events tab (dev-HUD only); admin/advanced/WeatherDiagnostics.tsx (the ADMIN's own browser),WS-OBJ-504,"WS-CAN-0003 (build stamping), WS-CAN-0020",frontend/src/tests/telemetry-ring-quota.test.js,"22 tracker methods; 19 have real production call sites, 7 have zero external references (trackRenderFail, trackGpuCompile, trackRenderCall, trackRenderStart, trackRenderEnd, trackModelWarning, trackModelError). render_failed is one of six types archiveFailure treats as a failure and nothing emits it via its tracker",Proportional-fair eviction + monotonic per-type counts + saturation flag — genuinely well designed. Zero egress.,n/a,Missing Evidence
OBSERVABILITY + INCIDENT READINESS (audit spec §20) — Raw Su,SUR-OBS-weathertelemetry-fps-raf,state-lifecycle,frontend/src/components/map/WeatherTelemetry.js:380-400 initFpsMonitor; requestAnimationFrame at :397 and :399; gpuStats seeded fps:60 at :42,"Active-reachable — started in the constructor, i.e. runs on every screen forever",WeatherTelemetryEngine constructor :73,gpuStats.fps -> TruthOverlay GPU tab and the uplink payload,WS-OBJ-301,WS-CAN-0022,NONE for the cancel path,"ZERO cancelAnimationFrame anywhere in the file at HEAD (grep). Register cites LV-04 activeRafCount=1 as live confirmation — but see SUR-OBS-raw-gpu-literals, that field is a constant, so LV-04's runtime evidence is void even though the source-level defect at :397/:399 is real and independently verified","fps measured after the first 1 s window; before that (and if RAF never fires, e.g. a tab hidden from load) gpuStats.fps is the seeded literal 60",none — no cancel path,Missing Test
OBSERVABILITY + INCIDENT READINESS (audit spec §20) — Raw Su,SUR-OBS-global-error-handlers,infrastructure,"frontend/src/index.js:165-207 (window.onerror, 'error' capture listener, 'unhandledrejection' listener)",Active-reachable (production),module scope of index.js,"NOBODY — these are pure suppressors (ResizeObserver, AbortError/DOMException) that delegate to the original handler and report nothing",WS-OBJ-504,WS-CAN-0020,NONE,"Read at HEAD: no counter, no telemetry emit, no fetch in any of the three handlers",none — no uncaught exception or unhandled rejection is counted anywhere,suppression only,Missing Observability
OBSERVABILITY + INCIDENT READINESS (audit spec §20) — Raw Su,SUR-OBS-error-boundaries,user-facing,frontend/src/components/routing/ErrorBoundary.js:29-57 componentDidCatch; frontend/src/components/map/MapErrorBoundary.js:18,Active-reachable (production),React componentDidCatch,console.error('[ErrorBoundary] …') only,WS-OBJ-504,WS-CAN-0020,NONE,"[ErrorBoundary] is NOT in the 21 intercepted prefixes, so a React crash does not even reach the in-browser ring",none off-device,"ChunkLoadError auto-reloads once via sessionStorage guard, then shows a crash screen — good recovery, zero reporting",Missing Observability
OBSERVABILITY + INCIDENT READINESS (audit spec §20) — Raw Su,SUR-OBS-worker-crash,state-lifecycle,frontend/src/components/map/useGridWorker.js:41-53 onerror/onmessageerror; creation-failure warn at :55,Active-reachable,Worker 'error' event,console.error('[GridWorker] …'),WS-OBJ-003 (B11),"NONE (R11-07 repair, not a canonical id)",NONE found,[GridWorker] is not an intercepted prefix — the crash of the pressure/grid parse lane produces no telemetry event and no uplink,console only,"GOOD — rejects all pending promises, terminates, nulls the instance so the next parse re-creates it (R11-07)",Missing Observability
OBSERVABILITY + INCIDENT READINESS (audit spec §20) — Raw Su,SUR-OBS-admin-weather-diagnostics,user-facing,"frontend/src/admin/advanced/WeatherDiagnostics.tsx:13,42,74 (getDiagnosticReport at 1 Hz); routed from frontend/src/admin/AdminApp.tsx:25,173","Admin-gated, Active-reachable",AdminApp route,the admin viewing it,NONE,NONE,NONE,"WeatherTelemetry.getDiagnosticReport() reads the IN-BROWSER singleton of the admin's own tab (git grep getDiagnosticReport -> only this file + the definition). It presents tileStats, gpuStats, recentFailures, ringHealth as if they were fleet data",Its only genuinely server-sourced panel is /api/health/data at :27. Everything else is the admin's self-portrait,n/a,Conflicting
OBSERVABILITY + INCIDENT READINESS (audit spec §20) — Raw Su,SUR-OBS-system-alerts,infrastructure,"backend/routes/admin/system.py:426-498 (list/acknowledge/resolve); producer create_system_alert at :553-571; unacknowledged_alerts count at :259-265,:299",Admin-gated endpoints are reachable; the PRODUCER is unreachable — create_system_alert has zero call sites,GET /admin/system/alerts,"frontend/src/components/admin/AdminSystemDashboard.js:61,82,94",NONE,NONE,NONE,"git grep 'create_system_alert|SystemAlert(' -- backend/ -> definition at system.py:553 and one constructor inside it; ZERO callers. Positive control: sibling model ScheduledJobStatus, imported on the same line of models/__init__.py:101, has real writers at scheduler/base.py:34,37,76",The alerts list and unacknowledged_alerts are structurally always empty — the identical 'table with no writers' shape as R11-08's SystemHealthMetric,n/a,Missing Task
OBSERVABILITY + INCIDENT READINESS (audit spec §20) — Raw Su,SUR-OBS-client-diagnostics-sink,data,backend/routes/weather.py:715-756 post_client_diagnostics; append to backend/diagnostics.log at :740-748; schema backend/services/weather_pipeline/schemas.py:328-337,"Active-reachable, UNAUTHENTICATED and un-rate-limited",POST /api/weather/client-diagnostics,python logger (stdout -> Render log stream) + append-only file,WS-OBJ-504,"WS-CAN-0020 (transport), WS-CAN-0063 (fps honesty, closed)",backend/tests/test_weather_api.py:564-578; backend/tests/test_measure_or_refuse_last_two_surfaces.py:79,"No log rotation anywhere in backend (grep RotatingFileHandler|logrotate|TimedRotating -> 0; control: logging.basicConfig -> 10+ hits). No disk/mountPath in render.yaml (file exists, 2788 bytes) => ephemeral container FS. No rate limiter: backend/routes/weather.py has 2 Depends total (get_db, get_current_admin) and server.py has 3 add_middleware (GZip, CORS, RequestTelemetry), none a limiter, while backend/core/rate_limiter.py exists",fps prints 'unmeasured' for None and preserves a measured 0 (WS-CAN-0063 server half) — that part is correct,500 on write failure; the client swallows it,Missing Task
OBSERVABILITY + INCIDENT READINESS (audit spec §20) — Raw Su,SUR-OBS-diagnostics-log-read,user-facing,backend/routes/weather.py:758-775 get_diagnostics_log,Admin-gated (get_current_admin),GET /api/weather/diagnostics-log,NONE in the frontend — git grep 'diagnostics-log' -- frontend/src returns 0 (positive control: 'health/data' returns 4 hits in WeatherDiagnostics.tsx),NONE,NONE,backend/tests/test_weather_pipeline_auth.py:24-26 (auth only),"Single f.read() of the whole file, no cap, no tail, no paging","the only read path for the incident log, and nothing in the product calls it",returns {status:'error'} when the file is missing,Missing Owner
OBSERVABILITY + INCIDENT READINESS (audit spec §20) — Raw Su,SUR-OBS-request-telemetry,infrastructure,backend/services/request_telemetry.py:1-171; wired at backend/server.py:498-499,Active-reachable; kill switch REQUEST_TELEMETRY=0,"pure-ASGI middleware, outermost",/api/health.request_telemetry; /admin/system/api-metrics; /admin/system/health error rate,WS-OBJ-506,WS-CAN-0010,backend/tests/test_request_telemetry.py; backend/tests/test_request_telemetry_percentiles.py,"Bounded: <=200 (method,template) keys, overflow folds to (other); log-scale buckets, counts only; percentiles are bucket UPPER bounds capped at max_ms with explicit pNN_ge_ms overflow markers","Per-route n, err_5xx, avg/p50/p90/p99/max, cumulative since started_at, with a note stating what the numbers are NOT",never fatal to /api/health (try/except at health.py:183-187),Complete
OBSERVABILITY + INCIDENT READINESS (audit spec §20) — Raw Su,SUR-OBS-backend-health,infrastructure,backend/routes/health.py:71-287,"Active-reachable, PUBLIC, unauthenticated",GET /api/health,"uptime_probe.py, keep-warm.yml, humans",WS-OBJ-505,WS-CAN-0025,backend/tests/test_health_peak_memory.py,"Embeds RENDER_GIT_COMMIT SHA, python major.minor, deps_digest, cgroup-measured memory limit + limit_source ('cgroup' vs 'default_assumed'), ru_maxrss peak, scheduler job list with next_run, key-table row counts, request_telemetry",the richest off-box surface in the system,degrades to status 'degraded'/'unhealthy' rather than 500,Complete
OBSERVABILITY + INCIDENT READINESS (audit spec §20) — Raw Su,SUR-OBS-backend-health-data,data,backend/routes/health.py:299-317 -> services/weather_pipeline/data_health.compute_data_health,"Active-reachable, public",GET /api/health/data,.github/workflows/data-health-monitor.yml; admin WeatherDiagnostics.tsx:27,WS-OBJ-505,WS-CAN-0025,backend/tests/test_data_health.py,"Freshness computed ON READ from the served manifest (no DB, no fetch), so a dead ingest cron is caught even though the cron never publishes health.json. 503 on critical","per-lane verdict/age_h/horizon_h, manifest_written_by writer attribution, alerts[]",never raises; returns 503 with the report body,Complete
OBSERVABILITY + INCIDENT READINESS (audit spec §20) — Raw Su,SUR-OBS-admin-system-health,user-facing,backend/routes/admin/system.py:165-300; measured_error_rate_percent at :143-162,Admin-gated,GET /admin/system/health,frontend/src/components/admin/AdminSystemDashboard.js:47,WS-OBJ-506,WS-CAN-0010 (closed 172f66aa),4 tests cited in the 12.1 register for the error-rate repair; mutation to the 0.5 placeholder fails them,"error_rate None => api.status 'not_instrumented' at :296-297, not collapsed into healthy. Memory clamp deliberately removed so >100% can surface a wrong limit","CPU, memory (cgroup-measured), storage, DB latency, api error rate or refusal",storage metrics failure degrades to zeros with a logged error,Complete
OBSERVABILITY + INCIDENT READINESS (audit spec §20) — Raw Su,SUR-OBS-weather-status,data,backend/routes/weather.py:650-700,Active-reachable,GET /api/weather/status,none in-product,WS-OBJ-506,WS-CAN-0010 (closed),backend/tests/test_measure_or_refuse_last_two_surfaces.py,"provider_status 'not_instrumented', stale_products_count None, last_errors None, plus a note pointing at /api/health and /api/health/data","measured fields (file count, disk, RSS, thread count) stay measured; the rest refuse",n/a,Complete
OBSERVABILITY + INCIDENT READINESS (audit spec §20) — Raw Su,SUR-OBS-uptime-probe,infrastructure,"backend/scripts/uptime_probe.py (231 LOC, stdlib only); grade_health :89-146; grade_calibration :149-168; --ping-url dead-man's switch :186-189,:218-226",Implemented but Inactive — scheduled NOWHERE,CLI,exit code + optional heartbeat ping,WS-OBJ-505,WS-CAN-0025,"backend/tests/test_uptime_probe.py (13 tests, estate lane)","grep -rn uptime_probe .github/ --include=*.yml -> one COMMENT in ci.yml:926, zero schedule entries (control: 9 workflows carry schedule:, and forecast_accuracy_monitor.py IS invoked from its workflow)",grades the BODY not the status code; three-way OK/RED/REFUSED; timeouts derived from measured p99 30.4 s (n=113),exit 3 REFUSED rather than green-when-blind,Missing Owner
OBSERVABILITY + INCIDENT READINESS (audit spec §20) — Raw Su,SUR-OBS-data-health-monitor,infrastructure,.github/workflows/data-health-monitor.yml; backend/scripts/product_run_age_census.py,"Active-reachable, cron */30",GitHub Actions schedule (default branch dev only),GitHub run status,WS-OBJ-505,WS-CAN-0025,n/a (workflow),"Pages on status=critical, HTTP 503, any lane older than HEALTH_PAGE_HOURS (default 7 h — the 2026-07-13 deaf-spot fix), and the per-tier regional run-age census","prints lane verdicts, ages, horizons, manifest_written_by attribution",n/a,Complete
OBSERVABILITY + INCIDENT READINESS (audit spec §20) — Raw Su,SUR-OBS-accuracy-monitor,infrastructure,.github/workflows/forecast-accuracy-monitor.yml; backend/scripts/forecast_accuracy_monitor.py,"Active-reachable, cron 5 1,7,13,19",GitHub Actions schedule,GitHub run status,WS-OBJ-005 / WS-OBJ-501,"WS-CAN-0026, WS-CAN-0054",n/a (workflow),"RED on MAE>0.40 m, report age>8 h, ledger absent/evicting/scored=0, retention stall, and losing to persistence on BOTH MAE and win rate; REFUSE (exit 3) when unreachable or n<30; kill switch ACCURACY_PAIRED_GATE=0; self-expiring grace ACCURACY_PAIRED_GRACE=2026-08-22",prints the measured basis beside every live threshold,n/a,Missing Owner
OBSERVABILITY + INCIDENT READINESS (audit spec §20) — Raw Su,SUR-OBS-alert-delivery,infrastructure,.github/workflows/*.yml (all 27),Active-reachable but delivery is GitHub's default run-failure email only,workflow failure,repo owner's email,WS-OBJ-505,WS-CAN-0025,n/a,"grep -rn -iE 'slack|discord|pagerduty|webhook|mailto|create-issue|peter-evans' .github/workflows/ -> ONE hit, the English word 'slack' inside a CI comment at ci.yml:918. Zero notification actions. Control: 9 workflows carry schedule:",no notifier of any kind; and all four monitors ride the same GitHub cron whose delivery this program measured at 5-32% of nominal,"WS-CAN-0025's dead-man's switch is the designed inversion, unwired",Missing Owner
OBSERVABILITY + INCIDENT READINESS (audit spec §20) — Raw Su,SUR-OBS-flag-state,shared,"483 distinct window.__X__ globals across frontend/src; 20 localStorage keys read in frontend/src/components/map (incl. force_marine_fallback, force_wind_fallback, __USE_BACKEND_WEATHER_SERVICE__, __USE_BACKEND_MARINE_SYSTEM__, __USE_BACKEND_COPERNICUS_SERVICE__, __RAW_DISABLE_RATINGS_CDN__)",Active-reachable — every one changes behaviour when set,"console assignment, test harness, or persisted localStorage",the code paths themselves,"NONE (B12 covers HAVING kill switches, not exposing their state)",WS-CAN-0022 covers CLEARING 2 of them (persisted force_*_fallback),NONE for state exposure,"census.py: 483 distinct, 2258 references, 323 ever assigned in src, 160 never assigned (144 kill-switch/tunable shaped). No registry: git grep 'FLAG_REGISTRY|listFlags|allFlags|flagState|__RAW_FLAGS__' -> 0 (control: LAYER_REGISTRY -> 7 hits in LayerRegistry.js)","NO surface — not the HUD, not the uplink, not /api/health — reports which flags are set",n/a,Missing Observability
OBSERVABILITY + INCIDENT READINESS (audit spec §20) — Raw Su,SUR-OBS-cache-instrumentation,data,"WeatherTelemetry.trackCacheHit/trackCacheMiss (:490-496); only callers openMeteoProtocol.js:452,467",Active-reachable but covers 1 cache of ~11,model-metadata cache lookup,the in-browser ring,WS-OBJ-504 (B5 names 'cache' explicitly),NONE,NONE,"Census of client caches in components/map: _tileCache, _seriesCache, _exactPointCache, clientGridCache, _maskCanvasCache, _landCache, _shelterCache, _geoCache, _dwdCache, _iconAnchorCache, DECODED_TILE_CACHE — only MODEL_METADATA_CACHE emits cache_hit/cache_miss",client cache age is exposed nowhere at all,n/a,Missing Observability
OBSERVABILITY + INCIDENT READINESS (audit spec §20) — Raw Su,SUR-OBS-stale-response-rejection,state-lifecycle,frontend/src/hooks/useExactPointFetch.js:108 status 'exact_stale_rejected'; consumed at MapForecastOverlay.js:147 and MapForecastOverlayDiag.js:105,Active-reachable,exact-point fetch resolution,"a loading spinner, and a console.log",WS-OBJ-303 (A10),NONE,not located,"A10 is graded MET ('monotonic request ids + live-target guards, verified line-by-line at 11.0'), but no generationId/requestGeneration/seqRef symbol exists in components/map (grep 0) and no counter or telemetry event records a rejection",a rejection is visible only as a spinner; nothing counts how often stale work is discarded,the guard itself works (A10 MET),Missing Observability
OBSERVABILITY + INCIDENT READINESS (audit spec §20) — Raw Su,SUR-OBS-build-stamp,shared,"frontend/src/buildVersion.js; frontend/public/service-worker.js:3; frontend/update-sw-version.js:11,18,31; marineForensics.js:80-93 announceBuild",Active-reachable,Netlify build command,TruthOverlay POST details.build (:143); WeatherTelemetry event.build (:282); __RAW_GPU__.build,WS-OBJ-506,WS-CAN-0003,e2e-tests.yml:75 notes the adaptive hash length,"update-sw-version.js stamps BOTH service-worker.js (:18) and src/buildVersion.js (:31) from git rev-parse --short HEAD, so the in-tree 'dev' vs 'd50cc058' mismatch is expected pre-build, not a defect",a truth event is release-attributable,falls back to a YYYYMMDDHHMM timestamp if git fails,Complete
OBSERVABILITY + INCIDENT READINESS (audit spec §20) — Raw Su,SUR-OBS-truthoverlay-hud,user-facing,"frontend/src/components/map/TruthOverlay.js:19-28 isDiagHudEnabled, render :329-712; TruthOverlayGpuTab.js; TruthOverlayVisualTab.js; truthVerdict.js resolveTruthVerdict",Flag-gated — ?diag=1 or localStorage __RAW_DIAG__='1' anywhere; default ON on localhost/127.0.0.1/0.0.0.0; OFF in production; '0' suppresses everywhere; fails closed,MapWebGL render,a human at the screen,WS-OBJ-506,WS-CAN-0030 (parity status consumption),frontend/src/__tests__/truthOverlayGate.test.js,"Provenance class is now 6-way (NO DATA / UNVERIFIED SOURCE / ESTIMATED FALLBACK / SUBSTITUTED SOURCE / RESOLUTION UNKNOWN / COARSE n deg / AUTHORITATIVE NATIVE) after audit 11.2 RC-01; the green check is gated on resolveTruthVerdict, exhaustive over the parity status set, after RC-02","model, layer, render mode, raster state, provider, source_dataset, class, truth violations, parity reasons",n/a,Complete
OBSERVABILITY + INCIDENT READINESS (audit spec §20) — Raw Su,SUR-OBS-crest-diag,rendering,frontend/src/components/map/WebGLMarineEngineDiagnostics.js:6-248; __CREST_DIAG__ :43; __MARINE_DIRECTION_DIAG__ :137; upload trace :220-245,Active-reachable — called from inside the per-frame render loop (WebGLMarineEngine.js:2143),populateCrestDiagnostics,dev console; trackTextureGeneration -> the ring,NONE,NONE,frontend/src/components/map/WebGLMarineEngineDiagnostics.dedup.test.js,"Content-identity dedup key at :176-181 (a prior Date.now() fallback made this the ring's loudest writer: 500/500 identical texture_generated entries, measured 2026-08-03)","most of __CREST_DIAG__ is a static description of shader constants, not a measurement; the upload trace (cols/rows/nonzero/min/max/mean/renderDecision) IS measured",n/a,Complete
OBSERVABILITY + INCIDENT READINESS (audit spec §20) — Raw Su,SUR-OBS-pressure-parity-diag,rendering,frontend/src/components/map/MapForecastOverlayDiag.js:9-141 logPressureTelemetryDiagnostics; :186-224 logForensicAudit,Split — the pressure block is Flag-gated (activeLayer==='pressure' AND getBackendPressureFlag()); logForensicAudit is Active-reachable in PRODUCTION whenever an infobox point is selected,MapForecastOverlay render path,console.log / console.table; window.__PRESSURE_PARITY_DIAG__,NONE,NONE,NONE found,logForensicAudit has no production gate; :205-211 documents that this very diagnostic was blinded for months by a card-label rename ('a diagnostic keyed on a display string breaks silently'),"raster-vs-backend model/time parity, snap delta, interpolation method, authoritativeness",n/a,Missing Test
OBSERVABILITY + INCIDENT READINESS (audit spec §20) — Raw Su,SUR-OBS-scheduler-job-status,infrastructure,backend/scheduler/base.py:25-76 writes ScheduledJobStatus; read at backend/routes/admin/system.py:332-398,Active-reachable,every scheduled job run,AdminSystemDashboard.js:54,NONE,NONE,not located,"Real execution tracking — last_run_at/duration_ms/status/error, next_run_at, total_runs, success/failure counts. The default-row list at system.py:349-366 was corrected to the REAL scheduler job ids",genuine; this is the positive control that proves the SystemAlert table's emptiness is a defect and not a convention,n/a,Complete
OBSERVABILITY + INCIDENT READINESS (audit spec §20) — Raw Su,SUR-OBS-freshness-sec,data,freshness_sec on /api/weather/point and grid responses,"Active-reachable, production",weather point/grid response builder,clients reading staleness,WS-OBJ-202,WS-CAN-0029,NONE,"12.1 LV-05: freshness_sec 1800 identical at four geographies across three tiles and two ingest paths — a constant, not a measurement",a staleness flag that does not vary with staleness,n/a,Missing Task
EXTERNAL DEPENDENCY + PROVIDER RISK (audit spec §18) — every,SUR-DEP-openmeteo-grid,data,"backend/services/weather_pipeline/providers/open_meteo_provider.py:185-186 (MARINE_URL/FORECAST_URL), :301-490 fetch_grid, :193-223 shared 429 circuit breaker","Active-reachable. Reached as PRIMARY for any lane whose direct fetcher is off or failed, and as the TERMINAL fallback for all four direct providers (wind_ingestion.py:122-131, pressure_ingestion.py:119/179/294, scheduler.py:94/312/428, marine_mid_res_ingestion.py:68/134/175/339).",scheduler._fetch_or_mock during forecast-ingest; also the serve-time point path,WeatherNormalizer.normalize_grid -> NormalizedProduct -> Supabase L2 store -> every rating and map surface,NONE,NONE,"backend/tests/test_open_meteo_breaker.py (breaker only); backend/tests/test_open_meteo_proxy_url.py (URL resolution only). No test covers quota, outage or schema drift.",NONE — no LV/RV row in 12.1 exercises an upstream provider failure,"logger.warning on 429 and breaker trip; no counter, no metric, no alert on upstream error rate","5 retries with 8*attempt backoff, then a shared 30 s breaker; on exhaustion the exception propagates and serve falls back to the last stored product",Missing Owner
EXTERNAL DEPENDENCY + PROVIDER RISK (audit spec §18) — every,SUR-DEP-openmeteo-tiles,rendering,"frontend/src/components/map/openMeteoProtocol.js:696 (om:// URL construction), :513 (dynamic import of @openmeteo/weather-map-layer); frontend/netlify/functions/weather-proxy.js:452 (latest.json catalog only)",Active-reachable. DIRECT browser -> map-tiles.open-meteo.com; the .om tiles are NOT proxied. Rate-limit subject is the end user's IP.,maplibre addProtocol('om') registration; every raster layer toggle,"LayerRegistry.js:52-124 — rain, radar(via RV), satellite, pressure, temperature, water_temp, fog (renderMode 'maplibre')",WS-OBJ-101,NONE,"frontend/src/components/map/omUrlTrace.test.js, decodedOmSampler.test.js, layerColorScaleCoverage.test.js — all URL/scale shape; none covers the upstream being unavailable","WS-CAN-0060/0061 closure work (commit f3fe2c85) exercised this path for a PAINT defect, not for a provider outage",window.__OM_URL_TRACE__.blockedDetail (omUrlTrace.js) — the WS-CAN-0061 instrument,"None. Tile failure renders transparent. backendPrecipitationServiceClient.js:121,225 and backendPressureServiceClient.js:99,187 state the backend lane serves contours only, not raster visuals.",Missing Objective
EXTERNAL DEPENDENCY + PROVIDER RISK (audit spec §18) — every,SUR-DEP-netlify-weather-proxy,infrastructure,"backend/services/weather_pipeline/providers/open_meteo_provider.py:171 DEFAULT_WEATHER_PROXY_URL, :173-177 resolve_weather_proxy_url, :372 and :594 use_proxy gate; frontend/netlify/functions/weather-proxy.js + weather-proxy-helpers.js",Active-reachable AND default-ON in production: use_proxy defaults to 'true' when os.environ RENDER == 'true'. Default target is the dev BRANCH deploy dev--rawsurf.netlify.app.,every Open-Meteo grid POST (<=100 pts) and every point query from the Render box,open_meteo_provider fetch_grid / fetch_point,NONE,NONE,"backend/tests/test_open_meteo_proxy_url.py — covers the empty-secret shadow regression only, not availability",NONE at 12.1/12.2. audit/weather-simulation-11.0/evidence/network/B2-backend-pipeline-map.md:113 recorded it ACTIVE with WEATHER_PROXY_URL unset -> the Netlify default,X-Upstream-Provider / X-Failure-Phase / X-Estimated-Response-Bytes response headers; console logs inside the function,In-function 30 min cache with stale-serve on upstream failure (:189) and on open circuit (:345); per-key circuit breaker (helpers :70-80) that only engages for pointCount == 1,Missing Evidence
EXTERNAL DEPENDENCY + PROVIDER RISK (audit spec §18) — every,SUR-DEP-noaa-gfs-s3,data,"backend/services/noaa_gfs_wave_fetcher.py:41 S3_BASE, :195-213 _pick_cycle, :248-253 _fetch_message_bytes, :372-381 schema refusal; noaa_gfs_wind_fetcher.py; noaa_gfs_pressure_fetcher.py","Active-reachable, PRIMARY, default ON — GFS_MARINE_NOAA_DIRECT / GFS_WIND_NOAA_DIRECT / GFS_PRESSURE_NOAA_DIRECT all default '1'",.github/workflows/forecast-ingest.yml cron '15 */4 * * *'; scheduler.py:95,normalizer -> product -> Supabase L2,WS-OBJ-304,WS-CAN-0017,"backend/tests/test_noaa_gfs_marine.py, test_noaa_coverage_floor_fires_on_failures.py, test_noaa_fetch_soft_deadline.py, test_fetcher_http_pooling.py","vector-blockmean-parity.yml run 31133454231 — real byte-range GRIB2 fetched twice, 'points=15 steps_ok=17 steps_failed=0'",stderr SUMMARY line with steps_ok/steps_failed/timesteps; coverage floor NOAA_FETCH_MIN_HOURS default 120,7-cycle walk-back; per-step try/except; soft deadline NOAA_FETCH_BUDGET_S default 2400 returns completed steps; falls through to Open-Meteo,Complete
EXTERNAL DEPENDENCY + PROVIDER RISK (audit spec §18) — every,SUR-DEP-dwd-opendata,data,"backend/services/dwd_gwam_fetcher.py:38 BASE, :39 HTTP_TIMEOUT=60, :173 raise on non-200; dwd_icon_wind_fetcher.py:38 HTTP_TIMEOUT=120; dwd_icon_pressure_fetcher.py:48 HTTP_TIMEOUT=120","Active-reachable, PRIMARY, default ON — ICON_MARINE_DWD_DIRECT and ICON_PRESSURE_DWD_DIRECT both default '1'","forecast-ingest / precompute workflows; marine_mid_res_ingestion.py:175,339",normalizer -> ICON marine + ICON pressure products,NONE,NONE,"backend/tests/test_dwd_icon_marine.py, test_dwd_icon_wind.py, test_dwd_icon_pressure.py, test_gwam_vector_blockmean_loop_shadow.py",NONE for provider availability,stderr SUMMARY line; no attribution or licence tracking,Falls through to Open-Meteo. Schema drift surfaces as a 404 because each variable is its own file path.,Missing Objective
EXTERNAL DEPENDENCY + PROVIDER RISK (audit spec §18) — every,SUR-DEP-ecmwf-opendata,data,"backend/services/ecmwf_opendata_fetcher.py:313 Client(source=os.environ.get('ECMWF_OPENDATA_SOURCE','ecmwf')), :142-165 ensemble member resolution, :327-328 <=144h degrade","Active-reachable, PRIMARY, default ON — EURO_PRESSURE_ECMWF_DIRECT defaults '1'; ECMWF_WAVE_ENSEMBLE defaults ON with 5 members (max 50)",forecast-ingest.yml; pressure_ingestion.py:295,EURO wind + pressure products; the wave ensemble spread,NONE,NONE,"backend/tests/test_ecmwf_euro.py, test_ecmwf_wave_ensemble.py, test_ecmwf_period_bands_decode.py, test_ecmwf_period_bands_ingest.py",NONE for provider availability,"One stderr line on the <=144h retry; no host is ever named in the repo, so an incident cannot be grepped to a hostname",Full retrieve fails -> retry <=144h; then falls through to Open-Meteo. Timeout and retry policy are entirely owned by ecmwf-opendata==0.3.34.,Missing Objective
EXTERNAL DEPENDENCY + PROVIDER RISK (audit spec §18) — every,SUR-DEP-copernicus-cmems,data,"backend/services/copernicus_global_fetcher.py:113,137 copernicusmarine.subset, :240-241 credential env read; backend/services/copernicus_fetcher.py:28,36; capabilities.py:197 dataset id","Active-reachable, PRIMARY and SOLE source for EURO marine waves",forecast-ingest.yml; copernicus_marine_service.py,EURO marine products; copernicus_point_batching for spot ratings,NONE,NONE,"backend/tests/test_weather_copernicus.py, test_copernicus_point_batching.py, test_point_skip_native_copernicus.py",NONE for provider availability,SDK logging only,"The ONLY rows in capabilities.py with a declared fallback_sources (capabilities.py:212,243,274,305), enforced by the contract validator at :620-635. Credentialed, so account suspension is a distinct failure mode from an outage and has no separate signal.",Missing Objective
EXTERNAL DEPENDENCY + PROVIDER RISK (audit spec §18) — every,SUR-DEP-ndbc-buoys,data,"backend/services/weather_pipeline/buoy_calibration.py:24 NDBC_REALTIME_URL, :264 NDBC_LATEST_OBS_URL, :29-31 _COL positional map, :74-97 parse_ndbc_realtime, :103+ parse_ndbc_wind",Active-reachable. Ground truth for buoy calibration and for the forecast-skill ledger that arms 2026-08-22 and can page.,.github/workflows/forecast-calibration-census.yml; forecast_accuracy_monitor.py,BUOY_CALIBRATION_MODEL selection; forecast_skill.py scoring; WS-OBJ-005 accuracy gate,WS-OBJ-005,WS-CAN-0026,"backend/tests/test_buoy_calibration.py, test_map_spots_to_ndbc_buoys.py, test_validate_period_vs_ndbc.py (via scripts) — all against a fixed fixture layout","10 live stations sampled 2026-08-02 21:5xZ (recorded in buoy_calibration.py:38-49) — a per-sensor staleness measurement, not a schema check",Per-sensor age gate WIND_OBS_MAX_AGE_MIN default 90 that FAILS CLOSED; no schema/header assertion,"Fails closed on staleness. Does NOT fail closed on column drift: parse_ndbc_realtime skips every '#'-prefixed line (:75-76) without ever comparing the header to _COL, and the only structural check is a length test (:78).",Missing Test
EXTERNAL DEPENDENCY + PROVIDER RISK (audit spec §18) — every,SUR-DEP-noaa-coops-tides,data,"backend/routes/surf_data/conditions.py:32 NOAA_TIDES_URL; backend/services/surf_conditions.py:14 NOAA_TIDES_API, :17 hard-coded station ids","Active-reachable, US-only station coverage. NOTE the pipeline's own tide module uses a DIFFERENT upstream: weather_pipeline/tide.py:20 OPEN_METEO_MARINE_API.",/api/conditions surfaces,surf conditions display; RATING_TIDE lane,NONE,NONE,"backend/tests/test_tide.py, test_tide_extrema.py, test_p0_alerts_push_tides.py",NONE,None specific to the upstream,Unspecified. Two independent tide upstreams exist for two surfaces with no reconciliation; the base URL is duplicated as two literals rather than one shared constant.,Conflicting
EXTERNAL DEPENDENCY + PROVIDER RISK (audit spec §18) — every,SUR-DEP-mapbox-basemap,rendering,"frontend/src/components/map/mapUtils.js:153 MAPBOX_TOKEN, :170-175 MAPBOX_VECTOR_STYLES, :182-205 mapboxTransformRequest, :213-219 getMapStyle; MapWebGL.js:613 currentMapStyle, :982 mapStyle, :983 transformRequest, :986 attributionControl={false}",Active-reachable and unconditional — getMapStyle can only ever return a MAPBOX_VECTOR_STYLES entry. It is the substrate the weather rasters are inserted INTO (MapWebGL.js:5 findMarineInsertionLayer).,MapWebGL mount on /map,every weather layer — the rasters are ordered relative to this style's water/land layers,NONE,NONE,"NONE. `git grep -ln ""getMapStyle|MAPBOX_VECTOR_STYLES|mapboxTransformRequest"" -- frontend/src | grep -i test` is empty; positive control = 5+ *.test.js files exist in the same directory.",NONE,"MapWebGL.js:700-705 logs the maplibre 'error' event and calls WeatherTelemetry.trackMapError — a log, not a user-visible refusal and not a server-side signal",NONE. An empty or revoked token yields '...?access_token=' -> 401 -> style load fails -> no basemap and no weather rasters. No fallback style exists.,Missing Objective
EXTERNAL DEPENDENCY + PROVIDER RISK (audit spec §18) — every,SUR-DEP-rainviewer-radar,rendering,"frontend/netlify/edge-functions/rvproxy.js (RV_HOST, RV_API_HOST, config path '/rv/*'); frontend/src/components/map/radarForecastSources.js rainviewerTileTemplate/rainviewerCatalogUrl; capabilities.py:533-549",Active-reachable via a same-origin Netlify edge proxy. Kill switch window.__RAW_RADAR_PROXY_DISABLED__ restores the direct path.,"radar layer toggle; MapWebGL.js, useWeatherState.js",the radar layer and the local advection nowcast,NONE,NONE,"frontend/src/__tests__/radarForecastSources.test.js, radarTileRecolor.test.js",NONE at 12.1/12.2; the proxy's own header records the 2026-07-09 429/CORS measurement that motivated it,Netlify edge logs only,"Best in the estate: durable CDN cache max-age=172800, errors explicitly no-store so a fresh frame self-heals, path regex scoped to radar tiles (no open proxy / SSRF), 502 passthrough on upstream throw. Only unmet obligation is the required RainViewer credit.",Complete
EXTERNAL DEPENDENCY + PROVIDER RISK (audit spec §18) — every,SUR-DEP-supabase-l2-store,infrastructure,"backend/services/weather_pipeline/store.py:222-248 _get_supabase_storage, :39-44 manifest_download_url, :50-51 upload executors, :246 create_bucket failure handling",Active-reachable. The L2 product store for every ingested weather product and the manifest the serve box reads.,ingest save path; serve-time manifest read,"every weather surface — no product, no forecast",NONE,NONE,"backend/tests/test_manifest_concurrent_merge.py, test_manifest_cdn_policy.py, test_manifest_pointer.py, test_manifest_restore_identity_skip.py",NONE for a storage outage or quota exhaustion,logger.warning on create_bucket failure; no storage-usage metric on the weather path,"create_bucket failure is logged and NOT retried for the life of the process (:246). Quota is written down only in an unrelated admin panel (routes/admin/system.py:208, 'free tier: 1 GB database + 1 GB storage'), never in the pipeline that writes GRIB-derived products.",Missing Observability
EXTERNAL DEPENDENCY + PROVIDER RISK (audit spec §18) — every,SUR-DEP-github-actions-cadence,infrastructure,.github/workflows/forecast-ingest.yml cron '15 */4 * * *'; precompute.yml; forecast-ingest-pilots.yml; marine-nightly.yml '30 6 * * *'; data-health-monitor.yml '*/30 * * * *'; keep-warm.yml '*/5 * * * *',Active-reachable. GitHub-hosted cron IS the forecast cadence for the whole product.,GitHub scheduler,every product in the L2 store,NONE,NONE,"backend/scripts/ci_test_lanes.py governs lane selection, not cadence delivery",keep-warm.yml:11 records in-line that GitHub cron is BEST-EFFORT; a prior measurement put keep-warm delivery at 4.9-5.4% of nominal,data-health-monitor.yml every 30 min detects a stalled lane via freshness — an indirect and lagging signal,data_health.compute_data_health verdicts (stale/critical/parity). Cadence itself is unmeasured: a green cron history proves nothing.,Missing Observability
EXTERNAL DEPENDENCY + PROVIDER RISK (audit spec §18) — every,SUR-DEP-render-backend-host,infrastructure,"render.yaml (header: NOT APPLIED to the live service, verified three ways 2026-08-10); netlify.toml /api/* -> raw-surf-antigravity.onrender.com; backend/scripts/forecast_accuracy_monitor.py:385","Active-reachable, sole backend host. 1-CPU / 2 GiB; OOM-killed at 1,579 MB historically.",every /api/* request via the Netlify CDN proxy,all weather routes,WS-OBJ-303,WS-CAN-0040,NONE,"Python 3.12 confirmed by MEASUREMENT from /api/health, not from render.yaml",/api/health embeds the SHA; WS-CAN-0025 uptime probe implemented but inactive (needs one owner heartbeat URL),"Render restart. render.yaml is documentation only — the live service is configured in the dashboard/API, so no env value in git can be trusted.",Missing Evidence
EXTERNAL DEPENDENCY + PROVIDER RISK (audit spec §18) — every,SUR-DEP-netlify-frontend-host,infrastructure,netlify.toml [build] / [context.production] ignore rule / [[redirects]]; frontend/netlify/edge-functions + functions,"Active-reachable. Also hosts the weather-proxy function and the rvproxy edge function, so it is a DATA-plane dependency, not only a static host.",browser load of rawsurf.netlify.app,the whole frontend plus both proxies,WS-OBJ-104,WS-CAN-0039,NONE,"MEASURED 2026-08-12: rawsurf.netlify.app/service-worker.js BUILD_VERSION = 3bd38a83 (2026-05-20), 85 days behind HEAD",service-worker BUILD_VERSION stamp,"Owner-gated unfreeze. Note the consequence for THIS area: production is pinned to a deploy that predates rvproxy and the current weather-proxy, so the frozen site's provider-mitigation code is not the code that was audited.",Complete
EXTERNAL DEPENDENCY + PROVIDER RISK (audit spec §18) — every,SUR-DEP-py-weather-pins,shared,"backend/requirements.txt — copernicusmarine==2.4.1, xarray==2026.7.0, netCDF4==1.7.4, h5netcdf==1.8.1, pygrib==2.1.8, ecmwf-opendata==0.3.34, requests==2.31.0, httpx==0.27.2, shapely==2.0.4, supabase==2.4.6; plus the 20-line comment block recording the >= drift","Active-reachable — render.yaml buildCommand is `pip install -r requirements.txt`, so every production deploy re-resolves whatever is unpinned",production build,every GRIB/NetCDF decode and every HTTP fetch on the forecast path,NONE,NONE,".github/workflows/artifact-interpreter-parity.yml (workflow_dispatch ONLY, never scheduled)","CI run 31103393912 — 3.11 and 3.12 resolve all seven pins identically; 3.11 installs 150 distributions vs 3.12's 146, differing in numpy 2.4.6 vs 2.5.1 and zarr 3.1.6 vs 3.3.0. Parity measured byte-identical (6064 B, sha256 2fd2d006f740...) on 2026-08-06.",None at runtime; the split is recorded only in a source comment,"numpy and zarr are deliberately unpinned because pinning one side of a producer(3.11)/consumer(3.12) split would freeze the disagreement. The instrument that proved the split harmless is dispatch-only, so the proof has no renewal.",Missing Owner
EXTERNAL DEPENDENCY + PROVIDER RISK (audit spec §18) — every,SUR-DEP-js-weather-libs,shared,"frontend/package.json — maplibre-gl ^5.24.0, react-map-gl ^8.1.1, @openmeteo/weather-map-layer ^0.0.19, @sakitam-gis/maplibre-wind ^2.0.3, supercluster ^8.0.1, spectorjs ^0.9.30; frontend/package-lock.json:3626-3630, :15547-15551, :18612-18616","Active-reachable. @openmeteo/weather-map-layer owns the fetch, decode and cache of every om:// raster tile (openMeteoProtocol.js:513, :930).",netlify.toml build command `npm install --legacy-peer-deps`,MapWebGL and every maplibre-rendered weather layer,NONE,NONE,frontend/src/components/map/layerColorScaleCoverage.test.js imports defaultOmProtocolSettings from the library — the only test that touches it,NONE,None,"Lockfile carries integrity hashes so the build is reproducible; npm caret on 0.0.x pins exactly. The residual risk is that a pre-1.0 package with no stability contract owns the raster path and its timeout/retry behaviour is not configurable from this repo. Build uses `npm install`, not `npm ci`, so the lockfile can be rewritten by a build.",Missing Owner
EXTERNAL DEPENDENCY + PROVIDER RISK (audit spec §18) — every,SUR-DEP-attribution-obligations,user-facing,"frontend/src/components/map/MapWebGL.js:986 attributionControl={false}; mapUtils.js:257 attributionControl: false; mapUtils.js:240 (the only attribution string, inside the unimported legacy TILE_LAYER_CONFIG at :228)",Active-reachable — this is what a user sees on /map in all three themes,MapWebGL mount,"the end user; Mapbox, OSM, Open-Meteo, DWD, ECMWF, Copernicus Marine and RainViewer as licensors",NONE,NONE,NONE,NONE,None,"None. `git grep -nF ""©"" -- frontend/src` matches only binary PNG assets — zero text files. No LICENSE file, no third-party notices document.",Missing Contract
EXTERNAL DEPENDENCY + PROVIDER RISK (audit spec §18) — every,SUR-DEP-openmeteo-schema-tolerance,processing,"backend/services/weather_pipeline/normalizer.py:285-296 pt_hourly.get(key, []) for speed/dir/period/gust, :312-355 same for wave/swell partitions, :379 is_valid=False on empty; open_meteo_provider.py:451-458 raw JSON passthrough","Active-reachable on every Open-Meteo ingest, which is every lane's fallback",WeatherNormalizer.normalize_grid,every product and every rating,WS-OBJ-304,WS-CAN-0017,"backend/tests/test_weather_normalizer.py (shape), test_partition_fabrication_gate.py (fabrication, not absence)",NONE,"data_health.compute_data_health checks freshness, horizon and lane parity only (data_health.py:11-14) — a product written on time with all-invalid cells reads as healthy","A renamed variable IS caught (response.raise_for_status() at :451; Open-Meteo 400s an unknown name). A silent key drop returned with HTTP 200 is NOT: every variable read is `.get(key, [])`. The same empty-list path is a NORMAL mode (capabilities.py notes ECMWF WAM publishes no swell decomposition), so absence cannot be distinguished from breakage.",Missing Observability
EXTERNAL DEPENDENCY + PROVIDER RISK (audit spec §18) — every,SUR-DEP-capabilities-endpoint,data,backend/services/weather_pipeline/capabilities.py WEATHER_CAPABILITIES (31 fallback_sources rows) + contract validator :607-635; backend/routes/weather.py:706-713; frontend/src/components/map/LayerAccessResolver.js:41-53,"Active-reachable — fetched on module load, published as window.__WEATHER_CAPABILITIES__",GET /api/weather/capabilities,"LayerAccessResolver (model entitlement + max_forecast_hours), forecastDeprecationDiag.js",WS-OBJ-002,NONE,backend/tests/test_capabilities_contract.py; frontend LayerAccessResolver.layerKeys.test.js,SOTA A1 marked MET via LV-05/LV-06,"console.warn on fetch failure (:51), then the resolver falls back to its own defaults","The table's hardcoded upstream_provider 'open-meteo' for GFS/GWAM rows is stale now that the direct fetchers are default-ON, but it is informational only (normalizer.py:678 documents it is branched on nowhere) and the per-response upstream_provider is corrected at normalizer.py:684-688 and is what consumers actually read (marineGridSeries.js:250-254). Not a live defect.",Complete
BACKEND WEATHER PIPELINE — backend/services/weather_pipeline,SUR-BE-legacy-forecast-ingester,data,backend/services/forecast_ingester.py:33-97 ingest_global_model(); CACHE_DIR :10,Active-reachable (Legacy-but-reachable) — runs FIRST on every ingestion cycle in BOTH lanes,scheduler/forecast.py:23-36 ingest_marine_forecast_task() -> also scripts/ingest_forecast_ci.py:71-72,"backend/uploads/forecast_cache/{wind,marine}_global.json",NONE,NONE,NONE — 0 test files import it and 0 mention it by name,"Executed its grid arithmetic: range(50,9,-10) x range(-130,-50,10) = 40 points, USA-only. `git show HEAD:backend/uploads/forecast_cache/wind_global.json` = 40 points, 2026-06-22 -> 2026-06-23","logger.info only; no metric, no L2 persistence",Refuses to overwrite on empty upstream (:86),Missing Objective
BACKEND WEATHER PIPELINE — backend/services/weather_pipeline,SUR-BE-forecast-cache-tier,data,"backend/uploads/forecast_cache/wind_global.json readers at wind_ingestion.py:190,304,502; floor at :196,:310,:508","Fallback-only, and STRUCTURALLY UNREACHABLE (producer emits 40, consumer floor is 100)",wind_ingestion GFS/EURO/ICON global_coarse fetch failure branch,normalize_and_save_loop -> ProductStore,NONE,NONE,NONE,`if len(cached_data) < 100` at three sites vs a measured 40-point producer,logger.warning 'too small for global. Skipping this cycle',"None — the fallback IS the recovery, and it cannot fire",Missing Objective
BACKEND WEATHER PIPELINE — backend/services/weather_pipeline,SUR-BE-wave-wrapping,processing,"backend/services/weather_pipeline/wave_wrapping.py — wrap_energy_factor, wrap_height_factor, lit_energy_fraction, refraction_kr_sq, resolve_headland_rotation; is_enabled() :417","Experimental / Dead-by-design — NO lane, zero production importers; SURF_WAVE_WRAPPING default '0'",none in production (module docstring :1-7 states 'Nothing in production calls this module'),tests/test_wave_wrapping.py only,NONE (WS-OBJ-602 exists but lists only 0053/0024),NONE,backend/tests/test_wave_wrapping.py,"Its own docstring cites the measurement it targets: 18.9% of served spot-hours (n=13,166) pinned on the 0.100/0.595 exposure floor, measured 2026-08-09",none,n/a,Missing Task
BACKEND WEATHER PIPELINE — backend/services/weather_pipeline,SUR-BE-grib-subprocess-fetchers,infrastructure,"services/_fetch_common.py:676 run_fetcher_subprocess(script_name); services/noaa_marine_service.py:79; noaa_gfs_{wave,wind,pressure}_fetcher.py, dwd_gwam_fetcher.py, dwd_icon_{wind,pressure}_fetcher.py, ecmwf_opendata_fetcher.py, copernicus_{global_,}fetcher.py","Active-reachable via SUBPROCESS SPAWN — invisible to every import-graph walk (0 production importers, no lane)","the *_service.py wrappers, all of which ARE import-reachable in every lane",wp.wind_ingestion / marine_mid_res_ingestion / euro_marine_coarse_ingestion / pressure_ingestion,NONE (the capability is praised in SOTA 'What the platform is already state of the art at'),NONE,backend/tests/test_noaa_gfs_marine.py + 8 others import noaa_gfs_wave_fetcher; test_ecmwf_euro.py for ecmwf_opendata_fetcher,NONE,stderr captured and logged by the parent at noaa_marine_service.py:106-111,Parent falls back to open-meteo on non-zero exit/timeout,Missing Objective
BACKEND WEATHER PIPELINE — backend/services/weather_pipeline,SUR-BE-point-resolution-backedge,shared,"backend/services/weather_pipeline/point_resolution.py:75-76,82-83 `import routes.weather` -> .store / .dynamic_index","Active-reachable, function-local (fires on first call, not on import)","any point-resolution call, including from scripts/precompute_ci.py",the module-global ProductStore + dynamic_index singletons owned by routes/weather.py,WS-OBJ-401,NONE,backend/tests/test_parity_unification.py (+11 others import point_resolution),Control measured: deleting only this edge drops precompute's wp-module closure 65 -> 39 and SIM 75 -> 45,none,n/a,Missing Task
BACKEND WEATHER PIPELINE — backend/services/weather_pipeline,SUR-BE-flag-lane-parity-instrument,infrastructure,backend/tests/test_flag_lane_parity.py:110-131 LANE_EXCEPTIONS['ECMWF_PERIOD_BANDS'] ('precompute_ci.py imports no ecmwf module (57 files walked)'),Test-only (Active in the CI estate lane),pytest estate lane,governs which env flags each ingest workflow declares,WS-OBJ-502,NONE,itself,My walk finds scripts.precompute_ci -> wp.spot_ratings -> wp.point_resolution -> routes.weather -> routes.weather_ingest -> wp.scheduler -> wp.euro_marine_coarse_ingestion -> services.ecmwf_wave_service,assertion messages only,n/a,Missing Evidence
BACKEND WEATHER PIPELINE — backend/services/weather_pipeline,SUR-BE-wp-scheduler-ingest-jobs,processing,"backend/services/weather_pipeline/scheduler.py — 28 `async def ingest_*` methods (gfs/euro/icon x marine/wind/pressure x pilot/global/global_mid, copernicus_regional, 2 extended_estimates, lattice_inband_fill)",Active-reachable,scheduler/forecast.py; routes/weather_ingest.py (19 admin POST routes),ProductStore L1/L2,WS-OBJ-202,WS-CAN-0005,"backend/tests/test_dwd_icon_marine.py, test_ecmwf_euro.py, test_gfs_marine_pilot_multi_bbox.py (19 test files import it)",NONE,logger per job; tracked() dispatcher records job runs,per-job try/except isolation in ingest_marine_forecast_task,Complete
BACKEND WEATHER PIPELINE — backend/services/weather_pipeline,SUR-BE-inprocess-scheduler-weather-jobs,infrastructure,backend/scheduler/__init__.py:42 check_surf_alerts (15 min); :217 ingest_marine_forecast IntervalTrigger(hours=4)+FORECAST_STARTUP_DELAY_SEC=120; :195 periodic_l2_restore IntervalTrigger(L2_RESTORE_INTERVAL_MIN=30),Active-reachable; the last two are MUTUALLY EXCLUSIVE via DISABLE_FORECAST_SCHEDULER (:172),server.py:29 start_scheduler(),ProductStore,WS-OBJ-303,WS-CAN-0040,NONE for the registration block itself,NONE — which branch production runs is not knowable from git,Startup log at :243-247 enumerates 15 jobs and OMITS both forecast jobs,replace_existing=True; tracked() runs sync jobs via asyncio.to_thread,Missing Evidence
BACKEND WEATHER PIPELINE — backend/services/weather_pipeline,SUR-BE-cache-tier-memory,data,store.py:300 _PRODUCT_CACHE_TTL=300.0; :306 PRODUCT_CACHE_LIMIT=128; :314 PRODUCT_CACHE_VECTOR_BUDGET=120000; :286 _L2_NEGATIVE_CACHE_TTL=60.0,Active-reachable,ProductStore.load_product,"grid_resolver, sampler, spot_ratings",WS-OBJ-303,NONE,backend/tests/test_product_cache_budget.py family (38 test files import store),NONE,logger,LRU eviction by count and vector budget,Complete
BACKEND WEATHER PIPELINE — backend/services/weather_pipeline,SUR-BE-cache-tier-l1-l2,data,"store.py:321 uploads/weather_products/; :17-120 Supabase L2; :71-73 L2_WRITER gate, kill L2_WRITER_GATE=0; :99 written_by stamp",Active-reachable,ProductStore.register / restore_from_supabase,serve box + decoupled runner,WS-OBJ-304,WS-CAN-0017,"backend/tests/test_manifest_concurrent_merge.py, test_manifest_cdn_policy.py",NONE,written_by attribution on every manifest upload,designated-writer gate + negative cache,Missing Test
BACKEND WEATHER PIPELINE — backend/services/weather_pipeline,SUR-BE-normalizer,processing,backend/services/weather_pipeline/normalizer.py:142-144 (run_time defaults to now()),Active-reachable — the single normalization authority,normalize_and_save_loop from every ingestion job,ProductStore products -> every serve surface,WS-OBJ-202,WS-CAN-0005,"backend/tests/test_partition_fabrication_gate.py, test_dominant_swell_anim.py (9 files)",WS-CAN-0005 LV-05: four tiles share run_time to the microsecond,run_time/upstream_provider/estimate_basis serialized at grid_series_helper.py:58-63,n/a,Complete
BACKEND WEATHER PIPELINE — backend/services/weather_pipeline,SUR-BE-product-selection-ladder,processing,"product_selection.py, grid_resolver.py, grid_resolver_selection.py:168 SURF_REGIONAL_PREFER='1', mid_res_tier.py:111 MARINE_MID_RES_TIER='1'","Active-reachable, flag-gated default ON","routes/weather.py /grid, /grid_series, /point",frontend marine fetch ladder z8/z9/z10,WS-OBJ-205,WS-CAN-0033,"backend/tests/test_surf_regional_prefer.py, test_marine_intersect_prefer.py, test_marine_mid_res_tier.py",WS-CAN-0033: layer off-on x3 at a fixed coordinate gave 0.64/6.8 -> 0.44/3.1 -> 0.64/6.8,tier disclosed on the response,falls through the ladder,Complete
BACKEND WEATHER PIPELINE — backend/services/weather_pipeline,SUR-BE-coarse-gulf-fill,processing,"coarse_gulf_fill.py:80 MARINE_COARSE_GULF_FILL='1'; :143 v.is_valid=True; :168 product.coarse_fill={'donor_model':'GFS',...}; :173 PROVENANCE LOST branch","Active-reachable, serve-time, default ON; recipients EURO+ICON, donor GFS only",grid_resolver coarse tier serve path,"/grid, /grid_series 10-degree global_coarse",WS-OBJ-002,NONE,"backend/tests/test_coarse_gulf_fill.py, test_coarse_fill_layers.py",NONE,"EXEMPLARY — dedicated coarse_fill provenance field, asserted on the wire via `'coarse_fill' in model_dump_json()` (:161), with an explicit refusal branch when it cannot stamp",skips fill when no same-layer GFS donor within 8 degrees,Complete
BACKEND WEATHER PIPELINE — backend/services/weather_pipeline,SUR-BE-lattice-fill,processing,lattice_fill.py:215 LATTICE_INBAND_FILL='1'; :219 LATTICE_FILL_MAX_BRACKET_H='6',"Active-reachable, default ON; also an ingest job (scheduler.ingest_lattice_inband_fill)",wp.scheduler + serve ladder,scrubber lattice slots,WS-OBJ-002,NONE,backend/tests/test_lattice_inband_fill.py,NONE,is_estimated + named estimate_basis,refuses to interpolate gaps wider than 6 h by design,Complete
BACKEND WEATHER PIPELINE — backend/services/weather_pipeline,SUR-BE-far-edge-hold,processing,far_edge_hold.py:35 FAR_EDGE_HOLD='1'; :40 FAR_EDGE_HOLD_MAX_H='24',"Active-reachable, serve-time, default ON",grid_resolver tail of the scrubber range,/grid_series far edge (h~330-336),WS-OBJ-103,NONE,backend/tests/test_far_edge_hold.py,NONE,is_estimated + estimate_basis (3 sites each),engages only past the lane tail; capped at 24 h,Complete
BACKEND WEATHER PIPELINE — backend/services/weather_pipeline,SUR-BE-point-direct-fallbacks,processing,backend/services/weather_pipeline/point_direct_fallbacks.py (resolver PATH 2c wind + weather-scalar builders),"Fallback-only, Active-reachable",point_resolution after the tiered product ladder misses,/api/weather/point NormalizedPointResponse,NONE,NONE,"NONE — 0 test files import it, 0 mention it by name",NONE,returns None so the resolver can fall through to a stashed sample or a structured 404,is itself the recovery path,Missing Test
BACKEND WEATHER PIPELINE — backend/services/weather_pipeline,SUR-BE-wind-ingestion-lane,processing,"wind_ingestion.py (GFS :163-245, EURO :277-360, ICON :501-540); GFS_WIND_NOAA_DIRECT / EURO_WIND_ECMWF_DIRECT / ICON_WIND_DWD_DIRECT kill switches",Active-reachable,"wp.scheduler ingest_{gfs,euro,icon}_wind_global",ProductStore wind products,WS-OBJ-202,NONE,"backend/tests/test_euro_wind_extended_tail.py, test_icon_wind_extend.py, test_all_wind_pilots_multi_bbox.py",NONE,"estimate_basis {'type':'stale_cache_recycled','method':'time_shifted_forecast_cache'} at :240 when the (unreachable) cache path fires",NOAA/ECMWF/DWD direct -> open-meteo -> forecast_cache (dead) -> return False,Missing Test
BACKEND WEATHER PIPELINE — backend/services/weather_pipeline,SUR-BE-pressure-ingestion,processing,backend/services/weather_pipeline/pressure_ingestion.py; GFS_PRESSURE_NOAA_DIRECT / ICON_PRESSURE_DWD_DIRECT / EURO_PRESSURE_ECMWF_DIRECT,Active-reachable,"wp.scheduler ingest_{gfs,icon,euro}_pressure_{pilot,global}",ProductStore pressure products,NONE,NONE,NONE — 0 test files import it or mention it,NONE,logger,direct fetcher -> open-meteo,Missing Test
BACKEND WEATHER PIPELINE — backend/services/weather_pipeline,SUR-BE-sim-process-boundary,processing,"11 modules sim_boot, sim_briefing, sim_compare, sim_daylight, sim_explain, sim_forecast, sim_mcp_shim, sim_observed, sim_rating, sim_spots, sim_window","Single-process-only — sole non-test importer is backend/weather_sim_mcp.py, a SEPARATE MCP server process; NOT reachable from server.py",backend/weather_sim_mcp.py,MCP tool clients,WS-OBJ-002,WS-CAN-0006,"backend/tests/test_sim_forecast_lane.py, test_rating_composition_parity.py, test_three_surfaces_agree_BEHAVIOURALLY.py (sim_rating: 15 files)",WS-CAN-0023: Sim Parity Monitor GREEN on its 2026-08-12T18:09Z scheduled run,"sim-parity-monitor.yml cron 20 5,11,17,23",n/a,Complete
BACKEND WEATHER PIPELINE — backend/services/weather_pipeline,SUR-BE-science-registry,shared,"backend/services/weather_pipeline/science_registry.py — value(), provenance()",Test-only — 0 production importers; the only 2 production mentions are prose at surf_transform.py:159 and :301,pytest,"tests/test_science_registry.py, tests/test_science_registry_coverage.py",NONE,WS-CAN-0042,"backend/tests/test_science_registry.py, backend/tests/test_science_registry_coverage.py",NONE,shrink-only ratchet in CI,n/a,Complete
BACKEND WEATHER PIPELINE — backend/services/weather_pipeline,SUR-BE-providers-dir,processing,"weather_pipeline/providers/open_meteo_provider.py (27 importers), providers/copernicus_provider.py (4)",Active-reachable — but these are only 2 of the ~20 real upstream adapters; the rest live in backend/services/,"point_resolution, wind_ingestion, marine_mid_res_ingestion",NormalizedPointResponse / products,WS-OBJ-002,NONE,backend/tests/test_open_meteo_breaker.py family (13 files import open_meteo_provider),NONE,OPEN_METEO_BREAKER_DISABLED / OPEN_METEO_BREAKER_COOLDOWN_SEC circuit breaker,circuit breaker + batch delay env knobs,Complete
BACKEND WEATHER PIPELINE — backend/services/weather_pipeline,SUR-BE-viewport-upstream,processing,backend/services/weather_pipeline/viewport_upstream.py; VIEWPORT_UPSTREAM_TIMEOUT_SEC,Active-reachable (serve),viewport_service,/api/weather/grid dynamic viewport path,NONE,NONE,"NONE — no test file imports it (test_viewport_upstream_timeout.py imports open_meteo_provider, not this module)",NONE,timeout env knob,timeout,Missing Test
BACKEND WEATHER PIPELINE — backend/services/weather_pipeline,SUR-BE-conditions-route,user-facing,"backend/routes/surf_data/conditions.py — 4 endpoints incl. /api/conditions/batch; 200-with-error sites :94,172,176,212,216,270,274,327,331",Active-reachable,routes/surf_data/__init__.py -> routes/__init__.py api_router,frontend spot hub,WS-OBJ-302,WS-CAN-0064,"backend/tests/test_conditions_route_wire_contract.py, test_conditions_hourly_composition.py","LV-07 / 12.0 RV-01: p50 52-59 s, 100% of sampled calls over 10 s",request_telemetry,none — returns 200 with an error body,Complete
BACKEND WEATHER PIPELINE — backend/services/weather_pipeline,SUR-BE-weather-route-surface,user-facing,backend/routes/weather.py — 11 endpoints (/products /grid_series /grid /point /spot-ratings /buoy-calibration /report-calibration /status /capabilities POST /client-diagnostics /diagnostics-log); routes/weather_ingest.py 19 admin POSTs,Active-reachable,server.py:528 app.include_router(api_router),frontend map + spot hub,WS-OBJ-002,WS-CAN-0014,"backend/tests/test_grid_route_resilience.py, test_admin_api_metrics_honesty.py",WS-CAN-0010/0014 closed 2026-08-13 at weather.py:677-700 (status refuses) and sampler resolution stamping (172f66aa),/status now refuses rather than fabricates,structured 404 from the resolver,Complete
BACKEND WEATHER PIPELINE — backend/services/weather_pipeline,SUR-BE-worldwide-region-cadence,data,pilot_regions.WORLDWIDE_COASTAL_REGIONS (12) + REGIONAL_CONFIGS (2); WORLDWIDE_REGIONS_PER_CYCLE='3' in BOTH forecast-ingest.yml:72 and forecast-ingest-pilots.yml:72,Active-reachable,"forecast-ingest.yml cron 15 */4; forecast-ingest-pilots.yml cron 45 3,11,19",0.25-degree regional tiles,WS-OBJ-601,WS-CAN-0058,backend/tests/test_worldwide_count_and_per_cycle_keep_the_32h_cadence (named in register),RV-12: 1041 of 1773 catalogue spots covered (58.7%); pilot runs median 80.4 / max 102.2 min against a 200-min timeout,workflow run logs,PILOT_REGION_STALE_FIRST ordering,Complete
"FRONTEND STATE + LIFECYCLE + CONTROLS (React state, contexts",SUR-FE-active-model-state,state-lifecycle,"frontend/src/hooks/useWeatherState.js:16-42 (useState activeModel, localStorage seed, tier-validation effect); :26 the single write to localStorage 'rawsurf-active-model'",Active-reachable,MapPage.js -> useWeatherState({user}),"MapWebGL, WeatherEngine, useMarineOrchestrator, useOpenMeteoTileUrls, useSpotRatings",NONE,NONE,NONE — git grep -l useWeatherState -- '*.test.js' 'frontend/e2e' returns nothing; positive control: sibling frontend/src/hooks/useMapData.js HAS useMapData.loadingGate.test.js,NONE,"none — no diag ring, no window publish from this hook",tier fallback at :35-42 forces GFS when the model is not allowed,Missing Objective
"FRONTEND STATE + LIFECYCLE + CONTROLS (React state, contexts",SUR-FE-active-model-localstorage-fanout,shared,"localStorage key 'rawsurf-active-model': W useWeatherState.js:26; R useWeatherState.js:18, SpotHub.js:114 (with a searchParams.get('model') override), SpotConditions.js:143,175, Explore.js:155, UnifiedSpotDrawer.js:157, useExploreData.js:28",Active-reachable,render-time localStorage.getItem in each consumer,six non-map surfaces read it directly with no subscription,WS-OBJ-401 (class only — no row exists for 'active model' in CURRENT_ARCHITECTURE_CONVERGENCE_MAP.md),NONE,NONE for the fanout,NONE,none,defaults to 'GFS' on read failure at every site,Missing Objective
"FRONTEND STATE + LIFECYCLE + CONTROLS (React state, contexts",SUR-FE-scrub-global,state-lifecycle,"window.isScrubbingTimeline — W MapWeatherControls.js:401,413 (classic slider) and :461,467 (wheelScrubStart/wheelScrubEnd); window.lastScrubTime — W MapWeatherControls.js:414,468, WebGLMarineLayer.js:1088, RenderPlanDispatcher.js:475",Active-reachable,pointer drag on the scrubber; ForecastWheel onScrubStart/onScrubEnd props,"50 read occurrences across 24 non-test files (useWebGLGuardrail.js:87-90, useMarineScrubSettle, useMarineDataFetcher*, useOpenMeteoTileUrls, windController, RenderPlanDispatcher, useSimulationField, …)",NONE,NONE,"partial and indirect — frontend/e2e/weather-simulation.spec.js, src/__tests__/dispatcher.domainGates.test.js, renderPlanBridge.publish.test.js reference the flag; no test covers unmount-during-gesture",NONE,"none — never published to a diag ring, never counted","none — no watchdog resets it; useWebGLGuardrail.js:87-90 ORs it with the 5 s lastScrubTime decay, so a stuck true is never healed",Missing Objective
"FRONTEND STATE + LIFECYCLE + CONTROLS (React state, contexts",SUR-FE-forecastwheel-lifecycle,user-facing,"frontend/src/components/map/ForecastWheel.js — s.raf coast/settle loops (:214-241), onPointerDown/Up (:243-278), the ONLY cleanup at :321 (ro.disconnect + cancelAnimationFrame, no onScrubEnd); shouldUseClassicScrubber :102-105","Active-reachable (DEFAULT scrubber — MapWeatherControls.js:472 useWheel = !shouldUseClassicScrubber, which is true only when __RAW_CLASSIC_SCRUBBER__ === true)",MapWeatherControls.renderTimeline -> <ForecastWheel>,onCommit -> onTimeChange -> the whole marine/wind fetch chain,NONE,"WS-CAN-0016 (label half only, and the wheel is not in its file list)","ForecastWheel.test.js, ForecastWheel.valuetext.test.js, frontend/e2e/weather-simulation.spec.js — none covers unmount mid-drag/mid-coast",NONE,none,MapWeatherControls.js:476 `if (!activeLayer) return null` unmounts it mid-gesture with no scrub-end emission,Missing Test
"FRONTEND STATE + LIFECYCLE + CONTROLS (React state, contexts",SUR-FE-truthchain-absence-timer,infrastructure,"frontend/src/components/map/weatherTruthTracker.js:369 _absenceTimer, :389-391 setInterval(_sweepAbsentChains, 10000), :394-416 _sweepAbsentChains, :423-441 cancelTruthChains",Active-reachable — arms on the first arming stage; recordTruthStage is imported by >=10 production modules,"recordTruthStage() from backendWeatherServiceClient, WeatherEngine, WebGLMarineEngine, WebGLWindEngine, marineController, MapForecastOverlay, …","console.warn, __WEATHER_TRUTH_TRACE__.verdict.failReasons, window.__WEATHER_TRUTH_ABSENT__ ring",WS-OBJ-301 (class; its closure criterion is RAF-shaped),WS-CAN-0001 (seam exists) / WS-CAN-0022 (four other residuals),"weatherTruthTracker is referenced by 5+ tests (marineGridSeries.truthTag.test.js, weatherEngine.*), none asserts the timer is cleared or that unmount cancels chains",NONE at 12.2; the file's own comment at :419-421 records the 2026-08-09 live incident this shape caused,the ring exists; the timer itself is uncounted,cancelTruthChains has exactly ONE caller (useWebGLGuardrail.js:161); resetTruthTracker only from useMarineOrchestrator.js:496/604 (model/layer switch). Neither covers unmount.,Missing Task
"FRONTEND STATE + LIFECYCLE + CONTROLS (React state, contexts",SUR-FE-model-axis-latch,data,"frontend/src/components/map/mapUtils.js:342-386 (MODEL_METADATA_PROMISES, LIVE_FETCHED_MODELS, fetchModelMetadata) + LayerRegistry.js:367-417 (getAlignedReferenceTime, MODEL_METADATA_CACHE seeded at import)",Active-reachable,useOpenMeteoTileUrls.js:364 fetchModelMetadata(...),"useOpenMeteoTileUrls.js:391,483,590 (closestAxisIndex / effectiveCutoverH), backendPrecipitationServiceClient.js:82-95, forecastHelpers.js:87-99, useTemporalPreloader.js:116, modelProvenance.js:99-106",NONE,NONE,"NONE — git grep -n fetchModelMetadata -- '*.test.js' is empty; positive control: mapUtils IS referenced by 3 test files (landGeoJSONHiRes, useModelTransition.finishOnce/retention)",NONE,"none — LIVE_FETCHED_MODELS is not surfaced in TruthOverlay.js, MapForecastOverlay.js or forecastDiagnostics.js (git grep = 0 hits)","on fetch failure :377-380 returns the bootstrap axis and does NOT add to LIVE_FETCHED_MODELS, which silently disarms describeStaleHour and effectiveCutoverH",Missing Objective
"FRONTEND STATE + LIFECYCLE + CONTROLS (React state, contexts",SUR-FE-marine-window-mirrors,state-lifecycle,"useMarineOrchestrator.js:120-122 — three useEffects writing window.activeModel / window.activeMarineLayer / window.activeTimeOffsetHours, none with a cleanup return",Active-reachable,useMarineOrchestrator render,RenderPlanDispatcher.js:480-482 uses all three as live-target drop guards; WebGLWindUtils.js:188 reads window.activeModel,NONE (SOTA A10 claims live-target guards MET),NONE,frontend/src/__tests__/dispatcher.domainGates.test.js exercises the guards but not the post-unmount stale-mirror case,NONE,none,none — the mirrors persist after unmount and the guards stay armed against them,Missing Task
"FRONTEND STATE + LIFECYCLE + CONTROLS (React state, contexts",SUR-FE-published-react-setters,infrastructure,"frontend/src/components/MapPage.js:209-218 — window.setActiveModel, window.setTimeOffsetHours, window.toggleLayer, window.setRadarFrameIndex, window.setIsPlayingTimeline; no cleanup (sed -n '209,219p' | grep -c 'return ()' = 0)","Active-reachable (installed unconditionally in production, consumed by scrubPerfProbe)",MapPage mount effect,frontend/src/components/map/scrubPerfProbe.js bench harness,NONE,NONE,NONE,NONE,none,none — the setters outlive the unmounted tree,Missing Task
"FRONTEND STATE + LIFECYCLE + CONTROLS (React state, contexts",SUR-FE-flag-surface,infrastructure,337 distinct window.__RAW_*/__OM_* names across 93 non-test files in frontend/src; 255 read but never written by production code; 154 _DISABLE_ kill switches; 26 opt-in `=== true` default-OFF gates,mixed — Flag-gated / Experimental / Legacy-but-reachable,"inline `window.__RAW_X__` reads at the point of use; four also have a localStorage bridge (__RAW_TUNER__, __RAW_DIAG__, __RAW_HEIGHT_UNIT__, __RAW_DISABLE_RATINGS_CDN__)",every weather rendering and fetch path,WS-OBJ-402 (scoped to three named dual paths),"WS-CAN-0043 (arbiter), WS-CAN-0032 (settle debounce), WS-CAN-0007 (ICON blend) — 3 of 337","per-flag tests exist for some (e.g. modelHorizons.test.js, LayerAccessResolver.layerKeys.test.js); there is NO census test and no registry to test","Audit 11.0 R11-15 counted 474 window.__* globals but classified them as instruments, not as gates",none — no registry module (git grep FLAG_DEFAULTS|FEATURE_FLAGS =|KILL_SWITCH_REGISTRY over map/+hooks = 0; positive control LAYER_REGISTRY = = 1 hit at LayerRegistry.js:50); best in-repo enumeration is 30 of 337 in one handoff doc,n/a,Missing Objective
"FRONTEND STATE + LIFECYCLE + CONTROLS (React state, contexts",SUR-FE-layer-cap-alias,user-facing,"frontend/src/components/map/LayerAccessResolver.js:135-155 — CAP_LAYER_ALIAS { rain: 'precipitation' } behind window.__RAW_LAYER_CAP_ALIAS__ === true, DEFAULT OFF",Flag-gated (repair is dark; the defect is the shipped default),"resolveForecastWindow(user, model, activeLayer) <- useWeatherState.js:165 maxHoursForUser","the timeline scrubber max, MapWebGL forecastDays",WS-OBJ-204,WS-CAN-0015 (its enumerated 7 items do not include a forecast-window cap),LayerAccessResolver.layerKeys.test.js pins the behaviour on both sides of the flag,NONE,in-file comment only,n/a — owner-gated because the fix reduces reachable hours 14 d -> 7 d,Missing Owner
"FRONTEND STATE + LIFECYCLE + CONTROLS (React state, contexts",SUR-FE-axis-floor-flag,data,"useOpenMeteoTileUrls.js:477-483 (__RAW_AXIS_FLOOR__, default OFF) -> modelHorizons.js:107-113 effectiveCutoverH",Flag-gated,per-layer model resolution in useOpenMeteoTileUrls,om:// tile URL model selection,WS-OBJ-101,NONE,"modelHorizons.test.js, staleHour.proof.test.js",NONE,none for the flag state itself,the disclosure fallback (describeStaleHour) still fires when the model is live-fetched,Missing Task
"FRONTEND STATE + LIFECYCLE + CONTROLS (React state, contexts",SUR-FE-stalehour-raster-disclosure,user-facing,"modelHorizons.js:72 isBeyondAxis / :81 axisHorizonHours -> modelProvenance.js:97-116 describeStaleHour -> MapForecastOverlay.js:248, :753-761 rendered text",Active-reachable,MapForecastOverlay render with _slotNow.model,"the user, as words not colour",WS-OBJ-204,WS-CAN-0015 item 4 lineage,"modelHorizons.test.js, staleHour.proof.test.js",NONE,user-visible banner,"refuses (returns null) unless LIVE_FETCHED_MODELS.has(model) — correct, but see SUR-FE-model-axis-latch",Complete
"FRONTEND STATE + LIFECYCLE + CONTROLS (React state, contexts",SUR-FE-stalehour-marine-silent,user-facing,marineController.js:413-414 and :438 stamp __staleHour/__originalHour; useMarineDataFetcherHelpers.js:320 commits on `vectors.length > 0 && warmCovers` with no __staleHour gate (its own comment at :290 confirms),Active-reachable via the 429 cooldown path,marine request governor 429 -> cooldown fallback commit,WebGLMarineLayer / the rendered marine field,NONE,NONE,"useMarineDataFetcherHelpers.cooldownCoverage.test.js covers the COVERAGE guard, not hour disclosure",NONE,"none — git grep '__staleHour|__originalHour' over MapForecastOverlay.js, TruthOverlay*.js, MapWeatherControls.js, forecastDiagnostics.js, weatherTruthTracker.js = 0 hits; positive control isEstimated found at TruthOverlay.js:238","other consumers reject __staleHour (useMarineOrchestrator.js:543,642; useMarineOrchestratorScrubCache.js:81,155); the cooldown path does not",Missing Objective
"FRONTEND STATE + LIFECYCLE + CONTROLS (React state, contexts",SUR-FE-hour0-derivations,user-facing,"7 sites: backendWeatherServiceClient.js:189-194 (round); MapWeatherControls.js:328-340 (client clock); ForecastWheel.js:132-136,181-182 (client clock, DEFAULT scrubber); MapForecastOverlay.js:129,574; LayerRegistry.js:367-374 (floor to 6 h, minus 12 h, at import); radarForecastSources.js:87 (floor to hour); useOpenMeteoTileUrls.js:391,589-590 (nearest-neighbour, saturating)",Active-reachable,timeOffsetHours from useWeatherState,"request valid_time, scrubber label, wheel label, isLive branch, tile index",WS-OBJ-202 / SOTA A9,WS-CAN-0016 (names only getSharedValidTime and MapWeatherControls.js:327-331),ForecastWheel.valuetext.test.js pins the wheel's label text; nothing pins label-vs-served-frame agreement,NONE,none,none,Missing Task
"FRONTEND STATE + LIFECYCLE + CONTROLS (React state, contexts",SUR-FE-visibilitychange,state-lifecycle,"useWebGLGuardrail.js:45, :174-181 handleReset, :186,202 addEventListener/removeEventListener('visibilitychange'), :189-190,205-206 focus/blur",Active-reachable — and it is the ONLY visibilitychange handler in the weather stack (the other 8 hits are Feed/Bookings/OnDemand/session hooks),useWebGLGuardrail(mapInstance),the guardrail's own FPS counters only,WS-OBJ-003 (class),NONE,NONE for the visibility path,NONE,none,"resets frameCount/lastTime/lowFpsCount; does not pause any poll, does not revalidate any data",Missing Objective
"FRONTEND STATE + LIFECYCLE + CONTROLS (React state, contexts",SUR-FE-background-polls,processing,"useWeatherState.js:81 (RainViewer catalogue, 5 min), :103 (radar-region poll, 2 s), :128 (HRRR run, HRRR_RUN_TTL_MS), :184 (radar frame animation, 800 ms), :203 (forecast time-step animation, 800/4000 ms — advances timeOffsetHours and drives real fetches)",Active-reachable; all five clear on effect teardown (5 setInterval / 5 clearInterval),useWeatherState effects,"radar tile sources, marine/wind fetch chain",WS-OBJ-003,NONE,NONE,NONE,none,cleared on unmount and on dependency change; NOT gated on document.hidden,Missing Test
"FRONTEND STATE + LIFECYCLE + CONTROLS (React state, contexts",SUR-FE-webgl-failure-latch,state-lifecycle,"MapWebGL.js:95-101 useState seeds from localStorage force_wind_fallback/force_marine_fallback; :724-725 re-read; :753-761 window.__WEBGL_GUARDRAIL_FALLBACK__ { setWindFailed, setMarineFailed, reset } with `delete` on cleanup","Active-reachable, persisted across reloads",useWebGLGuardrail trip -> setWebglMarineFailed(true),"WebGLMarineLayer / WebGLWindLayer mount gating, useMarineScrubSettle.js:91",WS-OBJ-301,WS-CAN-0022 ('persisted force_*_fallback keys' is named),indirect via e2e,NONE,window.__WEBGL_GUARDRAIL_FALLBACK__ exposes state and a reset(),manual reset() only — a guardrail trip survives reload,Missing Task
"FRONTEND STATE + LIFECYCLE + CONTROLS (React state, contexts",SUR-FE-capabilities-import-fetch,data,"LayerAccessResolver.js:30-53 — module-import-time fetch('/api/weather/capabilities'), writes window.__WEATHER_CAPABILITIES__ (:47), dispatches CustomEvent('weatherCapabilitiesLoaded') (:48); consumed by useWeatherState.js:154-162 -> capabilitiesVersion","Active-reachable, fires on import regardless of route",module import,"getAllowedModels (:97-105), resolveForecastWindow (:130-175)",NONE,NONE,"LayerAccessResolver.layerKeys.test.js covers resolveForecastWindow, not the fetch lifecycle",NONE,a console.warn on failure (:51) and nothing else,"NONE — no retry, no refresh; on failure the static TIER_ACCESS table stands unrestricted",Missing Objective
"FRONTEND STATE + LIFECYCLE + CONTROLS (React state, contexts",SUR-FE-force-premium-tier,infrastructure,"LayerAccessResolver.js:60 — `if (window.__FORCE_PREMIUM_TIER__) return 'premium'` inside the file that declares itself ""the ONLY system allowed to decide what users can access""","Flag-gated (un-namespaced, invisible to a __RAW_ census)",getUserTier(userOrTier),"getAllowedModels, resolveForecastWindow, useWeatherState tier validation",NONE,NONE,NONE,NONE,none,n/a — frontend gating only; backend entitlement not audited in this area,Missing Objective
"FRONTEND STATE + LIFECYCLE + CONTROLS (React state, contexts",SUR-FE-fps-second-authority,processing,useWebGLGuardrail.js:121-127 computes fps and writes window.__MAP_RENDER_FPS__; WeatherTelemetry.js:380-400 computes gpuStats.fps on its own RAF,Active-reachable,"mapInstance.on('render', onRender)","window.__MAP_RENDER_FPS__ has NO reader anywhere in frontend/src (1 occurrence, the write)",WS-OBJ-506,WS-CAN-0063 (repaired the WeatherTelemetry/TruthOverlay pair only),TruthOverlay.fpsHonesty.test.js covers the repaired site,LV-04 (activeRafCount 1 with activeLayers []),write-only global,n/a,Missing Test
"FRONTEND STATE + LIFECYCLE + CONTROLS (React state, contexts",SUR-FE-truthoverlay-transport,user-facing,"TruthOverlay.js:22-24 (__RAW_DIAG__ localStorage/window gate), :108-160 (throttled POST to /weather/client-diagnostics), :126 fps now `?? null`, :310-315 reads __RAW_GPU__ at render driven by a `ticks` setInterval (:68-73)",Active-reachable via ?diag=1 / __RAW_DIAG__,MapWebGL renders <TruthOverlay>,backend /weather/client-diagnostics,WS-OBJ-504 / WS-OBJ-506,"WS-CAN-0020 (unbuilt uplink), WS-CAN-0063 (closed)","TruthOverlay.fpsHonesty.test.js (source guards, mutation-proven)",LV-04,this IS the observability surface,n/a,Complete
"FRONTEND STATE + LIFECYCLE + CONTROLS (React state, contexts",SUR-FE-layer-plugin-registry,infrastructure,"LayerRegistry.js:50 LAYER_REGISTRY, :233-343 registerLayerPlugin/getAllPlugins/setPluginEnabled/removeLayerPlugin/initPlugins/updatePlugins/renderPlugins/destroyPlugins/bootstrapCoreLayers, :421-426 window.__LAYER_REGISTRY_DIAG__ getters",Active-reachable,bootstrapCoreLayers from MapWebGL,"MapWebGL raster slot construction, colorScales lookup",WS-OBJ-101,WS-CAN-0060 (closed — the colour-scale key half),"LayerRegistry.reregister.test.js, layerColorScaleCoverage.test.js",WS-CAN-0060 closure evidence,__LAYER_REGISTRY_DIAG__ exposes reregisterCount / pluginCount / ids,idempotent re-bootstrap counted rather than silent,Complete
"FRONTEND STATE + LIFECYCLE + CONTROLS (React state, contexts",SUR-FE-no-weather-context,shared,"frontend/src/contexts/ contains exactly AuthContext.js, PersonaContext.js, PricingContext.js, ThemeContext.js (+ AuthContext.test.js). No weather/map/model/layer context exists.",n/a,MapPage prop-drills useWeatherState's return object into MapWebGL and children,all map children,WS-OBJ-401,NONE,AuthContext.test.js only,NONE,n/a,"n/a — the absence of a context is why window globals carry cross-tree state (SUR-FE-scrub-global, SUR-FE-marine-window-mirrors)",Missing Objective
"FRONTEND STATE + LIFECYCLE + CONTROLS (React state, contexts",SUR-FE-grid-worker,processing,"frontend/src/components/map/useGridWorker.js:42 onerror = onmessageerror, :68 re-create on next use; GridParserWorker.js",Active-reachable,marine/wind grid decode,WebGLMarine/Wind texture encoders,WS-OBJ-003,WS-CAN-0008,reply-ordering test still specified and unconfirmed per WS-CAN-0008,NONE,none new found,worker re-created on next use after a crash,Missing Test
"FRONTEND STATE + LIFECYCLE + CONTROLS (React state, contexts",SUR-FE-resize-dpr,rendering,"useMapInitialization.js:50-82 (matchMedia resolution re-arm + map.on('resize') + map.once('remove') teardown, kill __RAW_DISABLE_DPR_SYNC__); useMarineOrchestrator.js:367,391; ForecastWheel.js:302-322 ResizeObserver; GPUMarineLayer.js:549,556; WindParticleOverlay.js:490,496",Active-reachable,map mount / element resize,"canvas sizing, viewport refetch",WS-OBJ-301,NONE needed,partial,NONE,none,every listener has a matching remove — no gap found here,Complete
UNKNOWN-UNKNOWN DISCOVERY (audit spec §3.4/§13) — repo-wide ,SUR-HID-testenv-predicates,processing,backend/services/weather_pipeline/providers/open_meteo_provider.py:19 is_test_environment; copernicus_validator.py:12 is_test_environment; scheduler_helpers.py:32 get_env_flags; _fetch_common.py:44; copernicus_marine_service.py:70; noaa_marine_service.py:19; normalizer.py:645-656 (inline),"Active-reachable — all six are imported and called on the live ingest/serve paths; the predicate value depends on env vars, not on a feature flag","module import at server boot; evaluated per fetch (open_meteo_provider.py:364, :584) and per save (store_helpers.py:162)","the marine/point fetch path, the ingest scheduler, and the product-store write guard",NONE,NONE,backend/tests/test_production_hardening.py — but it is vacuous for the runtime path (see SUR-HID-prod-hardening-test),"Executed 2026-08-13 with ~/AppData/Local/Python/bin/python3.exe, sys.path=backend/, NODE_ENV=production LOCAL_TEST_FIXTURE=true, pytest NOT in sys.modules: provider=True, scheduler=True, copernicus_validator=True, copernicus_marine_service=True, _fetch_common=False, noaa=False, normalizer-inline=False. Positive controls in the same process: all-env-cleared -> all False; LOCAL_TEST_FIXTURE alone -> all True.","only a logger.error string at normalizer.py:659; no counter, no wire field, no health surface",none — the divergence is silent in both directions,Missing Contract
UNKNOWN-UNKNOWN DISCOVERY (audit spec §3.4/§13) — repo-wide ,SUR-HID-mock-weather-generator,data,backend/services/weather_pipeline/providers/open_meteo_provider.py:48 generate_mock_open_meteo_response; call sites :364-370 (grid) and :584-591 (point); scheduler_helpers.py:66 generate_mock_marine_results,"Flag-gated by env (LOCAL_TEST_FIXTURE / NODE_ENV=test / TESTING=1) — but the gate resolves True in a production process when LOCAL_TEST_FIXTURE=true, per SUR-HID-testenv-predicates",OpenMeteoProvider.fetch_grid / fetch_point,"WeatherNormalizer -> ProductStore -> /api/weather/point, /grid, spot-ratings",NONE,NONE,test_production_hardening.py::test_open_meteo_provider_rejects_mocks_in_production — asserts the pytest branch only,"Predicate measured True (see above). The generator synthesises a moving storm (storm_lat_start=25.0, storm_lon_start=-60.0, open_meteo_provider.py:50-52). Note `if is_test and domain != ""wind""` — wind stays real while marine goes synthetic, producing a mixed-provenance payload.","logger.info 'LOCAL_TEST_FIXTURE is true. Returning conformed mock grid immediately.' — a log line, not a field",none,Missing Contract
UNKNOWN-UNKNOWN DISCOVERY (audit spec §3.4/§13) — repo-wide ,SUR-HID-normalizer-fixture-label,data,"backend/services/weather_pipeline/normalizer.py:118 (provider rewrite), :644-660 (the refusal), :572-574 (source_dataset/up_provider/up_model init), :708 is_test_fixture=",Active-reachable — the only normalization authority,WeatherNormalizer.normalize_* on every ingested product,NormalizedProduct -> manifest -> every served payload's provenance block,WS-OBJ-002 (adjacent; SOTA A1 marked MET),NONE,NONE for this branch — no test constructs a raw result carrying is_test_fixture and asserts the resulting provenance fields,"Source-read: the `provider == ""test-fixture""` branch sets is_test_fixture=False in production and never assigns source_dataset/up_provider/up_model, so all three remain None from the :572-574 initialisation.",logger.error('[Normalizer] Security Violation: Refusing to set is_test_fixture=True in non-test environment.'),"none — the product is emitted, only the label is withheld",Missing Contract
UNKNOWN-UNKNOWN DISCOVERY (audit spec §3.4/§13) — repo-wide ,SUR-HID-store-fixture-guard,data,"backend/services/weather_pipeline/store_helpers.py:8 (import), :162-166 (disk guard), :175 (L2 skip), :178-180 (manifest guard)",Active-reachable — every product write,ProductStore.save_product -> save_product_helper,L1 cache dir + PipelineManifest,WS-OBJ-304 (adjacent: pipeline data integrity),"NONE (WS-CAN-0017 is checksum/truncation, not fixture provenance)","test_production_hardening.py::test_store_rejects_test_fixtures_in_production — passes on provider==""test-fixture"", but the guard's own predicate resolves True in production so the branch is never taken there","store_helpers.py:8 imports is_test_environment from copernicus_validator, measured True under NODE_ENV=production + LOCAL_TEST_FIXTURE=true outside pytest.",logger.error/warning on refusal only,none,Missing Contract
UNKNOWN-UNKNOWN DISCOVERY (audit spec §3.4/§13) — repo-wide ,SUR-HID-prod-hardening-test,infrastructure,"backend/tests/test_production_hardening.py:11-26, :28-53, :55-87",Test-only,pytest,CI green signal,"WS-OBJ-502 (class), SOTA B8",NONE (WS-CAN-0018/0019 are the pixel oracle),n/a — this IS the test,"open_meteo_provider.py:27-30, scheduler_helpers.py:41-48 and copernicus_validator.py:18 all branch on `""pytest"" in sys.modules` BEFORE consulting LOCAL_TEST_FIXTURE. Executed outside pytest the same inputs give the opposite answer (True vs the asserted False).",none,none,Missing Test
UNKNOWN-UNKNOWN DISCOVERY (audit spec §3.4/§13) — repo-wide ,SUR-HID-surf-conditions-route,user-facing,"backend/routes/surf_spots/conditions.py:20 get_surf_conditions (registered at routes/surf_spots/__init__.py:31,44); backend/services/surf_conditions.py:13,14,403 (own upstream URLs), :18-… SPOT_COORDINATES (29 entries), :61-98 _breaking_ft",Active-reachable — GET /surf-conditions,FastAPI route,clients of /surf-conditions; historically the session form in the post composer (recorded at surf_conditions.py:67-68),NONE — WS-OBJ-201 is certified on a lane census that excludes this route,NONE,NONE located for the composition of this route,"Source-read at HEAD. It calls estimate_surf_at (:92) but grep for compute_surf_rating in the file returns no call — size without quality. :98 fails open to `round(offshore_m * 3.28084, 1), ""offshore_estimate""`. Never enters the pipeline, so no run_time / resolution / freshness_sec / upstream_model.",logger.debug on transform failure only,"fails open to the offshore value, labelled in a tuple element",Missing Objective
UNKNOWN-UNKNOWN DISCOVERY (audit spec §3.4/§13) — repo-wide ,SUR-HID-direct-upstream-census,data,"services/forecast_ingester.py:51,58; services/weather_worker.py:21,22; routes/explore_discover/explore.py:35; routes/explore_discover/spot_details.py:33; routes/surf_data/alerts.py:64","forecast_ingester + weather_worker: Legacy-unreachable (no importer). explore/spot_details/alerts constants: Dead (defined, never referenced again in file).",none,none,NONE,NONE,NONE,"grep -rn 'weather_worker|forecast_ingester' across backend/routes, backend/server.py, backend/services returns no importer; positive control: `from services.surf_conditions` IS found at routes/surf_spots/conditions.py:36,80. grep -n OPEN_METEO_MARINE_URL in explore.py/spot_details.py/alerts.py returns exactly one line each (the definition).",n/a,n/a,Complete
UNKNOWN-UNKNOWN DISCOVERY (audit spec §3.4/§13) — repo-wide ,SUR-HID-raw-flag-surface,infrastructure,"321 distinct window.__RAW_*__ names across the WX-PROD set; 152 __RAW_DISABLE_*, 36 *_DISABLED__, 1 __RAW_ENABLE_*, 6 LEGACY-named, ~15 pure diagnostic sinks",Active-reachable via devtools/console for the session; a small subset is persisted or URL-reachable (see SUR-HID-marine-anim-tuner),read inline every frame / every decision in the marine + wind engines,"the rendered field, tile-tier selection, mask geometry, rating band alpha","WS-OBJ-402 (covers exactly 3 dual paths), SOTA B2",WS-CAN-0007 / 0032 / 0043 cover 3 of them,"92 frontend test files reference __RAW_ names, but no test or doc enumerates the set or asserts defaults — grep for RAW_FLAGS|flagRegistry|KILL_SWITCH across frontend/src+backend returns one unrelated backend test",Census command in the evidence file; count reproducible. Not a behaviour census — classified by name shape with a sampled read.,none — no instrument emits flag state (see SUR-HID-config-stamp),n/a,Missing Contract
UNKNOWN-UNKNOWN DISCOVERY (audit spec §3.4/§13) — repo-wide ,SUR-HID-marine-anim-tuner,user-facing,"frontend/src/components/map/MarineAnimTuner.js:52-60 isEnabled, :62-77 loadVals, :88-105 mount seeding, :118-121 apply/persist; LS key __RAW_TUNER_VALUES_V2__; rendered at MapWebGL.js:972","Active-reachable on production via ?tuner=1 — the query-param and localStorage arms are evaluated BEFORE the localhost arm, so the file's own 'PROD-SAFE: only on localhost' comment describes only the last arm","URL query parameter on any host, or localStorage.__RAW_TUNER__='1'","WebGLMarineEngine reads the seeded globals every frame — incl. __RAW_TILE_ZOOM_MIN__ (which zoom switches to dense tile mode) and __RAW_BLEND_BASE_WASH__ (coarse under-wash beneath a regional tile), i.e. WHICH data composites, not only how it looks",NONE,NONE,MarineAnimTuner.defaults.test.js pins the CONTROLS defaults against the engine's NATURAL_ANIM_DEFAULTS; nothing tests the enablement gate,"Source-read at HEAD. Bounded honestly: seeded values equal the engine's baked defaults until a slider is dragged, and a later plain visit does not re-seed on production. The measurement exposure needs only ?tuner=1 + a drag.",none,localStorage.__RAW_TUNER__='0' opts out; nothing clears __RAW_TUNER_VALUES_V2__,Missing Contract
UNKNOWN-UNKNOWN DISCOVERY (audit spec §3.4/§13) — repo-wide ,SUR-HID-config-stamp,user-facing,"frontend/src/components/map/weatherTruthTracker.js:8,204 (BUILD_VERSION); WeatherTelemetry.js:8,282; TruthOverlay.js:126-141",Active-reachable — every truth event and telemetry POST,truth stage emission / telemetry flush,the TruthOverlay HUD and the single /weather/client-diagnostics POST,"WS-OBJ-504 (transport), WS-CAN-0003 (build stamp, CLOSED)",NONE for configuration state,TruthOverlay.fpsHonesty.test.js covers the fps field; nothing covers flag state,"grep for __RAW_TUNER|override|flagState|tuner across weatherTruthTracker.js, TruthOverlay.js, WeatherTelemetry.js returns nothing that captures flag state. Positive control: the same files DO import and stamp BUILD_VERSION.",build identity yes; configuration identity no,n/a,Missing Observability
UNKNOWN-UNKNOWN DISCOVERY (audit spec §3.4/§13) — repo-wide ,SUR-HID-oceanmask-movelayer,rendering,"frontend/src/components/map/OceanMask.js:90-97 safeMoveLayer, :110-118 the batch mover, plus 23 further bare catches in the same file (25 total)",Active-reachable — runs on every styledata / theme / layer change,OceanMask effect chain,the basemap layer stack that determines whether om:// rasters are visible at all,WS-OBJ-101,NONE open — WS-CAN-0060 and WS-CAN-0061 are both closed,OceanMask.bufferColor.test.js and waterTempAnchor's unit tests cover colour and the anchor PLAN; nothing asserts a moveLayer failure is observable,"Brace-matched empty-catch scan over the WX-PROD .js set: 301 empty catches, 83 with no comment at all; OceanMask.js holds 25 of the 83. OceanMask.js:355-362 records that this very line 'threw silently, so the recolor fast-path never actually recolored' and the corrected line is still wrapped in catch(e){}.",none at the 25 bare sites,"implicit — 'the next styledata retries' is asserted in sibling comments, not at these sites",Missing Test
UNKNOWN-UNKNOWN DISCOVERY (audit spec §3.4/§13) — repo-wide ,SUR-HID-watertemp-anchor-exec,rendering,frontend/src/components/map/MapWebGL.js:196-216 (the reassert effect); waterTempAnchor.js planAnchorMoves / findOccludingWaterFill / findMaskInsertionPoint,Active-reachable — bound to styledata,"mapInstance.on('styledata', reassert)",water_temp slot ordering vs ocean-mask-fill and the basemap water fill,WS-OBJ-101,WS-CAN-0061 (CLOSED f3fe2c85 / e88b0f68),"waterTempAnchor is pure and unit-tested (18 tests, mutation kills 5 per the register); the EXECUTION loop has none","MapWebGL.js:209-212 executes plan.moves inside the same try whose catch is `{ /* style mid-load — the next styledata retries */ }`. Nothing re-reads map.style._order after the loop to confirm the intended order was achieved. Two kill switches disarm the repair with no telemetry: __RAW_WATER_TEMP_ANCHOR_REASSERT_DISABLED__, __RAW_WATER_TEMP_OCCLUSION_GUARD_DISABLED__.",a one-shot console.error on REFUSE (latched by `refused`); nothing on a failed move,"next styledata retries — asserted, not demonstrated",Missing Test
UNKNOWN-UNKNOWN DISCOVERY (audit spec §3.4/§13) — repo-wide ,SUR-HID-js-empty-catch,shared,"WX-PROD .js set — 301 empty catches; 83 bare (no comment), 218 annotated. Bare leaders: OceanMask.js 25, backendWeatherServiceClient.js 8, maskFloodProbe.js 6, MapWebGL.js 5, WeatherTelemetry.js 4, useMapInitialization.js 4, weatherTruthTracker.js 3",Active-reachable,various,the weather render and fetch paths,WS-OBJ-103 (covers TOTAL load failure only),NONE for partial silent swallow,"NONE — no lint rule, no census test","Brace-matched scan (script in scratchpad), comments stripped before emptiness test. The 218 annotated ones are a genuine and mostly-correct house style ('/* map disposed */', '/* style mid-load — the next styledata retries */'); this is not a 301-defect claim.",none by construction,varies,Missing Contract
UNKNOWN-UNKNOWN DISCOVERY (audit spec §3.4/§13) — repo-wide ,SUR-HID-py-silent-catch,processing,"45 sites across the WX-PROD .py set; load-bearing: surf_rating.py:745-748 and :755-758, surf_point.py:205-211, grid_resolver_surf.py:165-171, estimator.py:580-585, store.py:200 and :443, store_helpers.py:111, mid_res_tier.py:321",Active-reachable,various,"spot ratings, surf geometry, product store","WS-OBJ-207 (adjacent, disclosure), WS-OBJ-304 (adjacent, integrity)",WS-CAN-0062 covers geometry_readiness disclosure only,NONE located that exercises the exception arm of surf_rating.py:745 or :755,"AST-shaped scan (except-block whose entire body is pass/continue/break/.../comments). 37 of the 45 are upstream-text parse `continue`s inside loops (NDBC, .idx, climatology) and are correct behaviour.",none at the load-bearing sites,substitution of a neutral value,Missing Test
UNKNOWN-UNKNOWN DISCOVERY (audit spec §3.4/§13) — repo-wide ,SUR-HID-surfrating-degrade,processing,"backend/services/weather_pipeline/surf_rating.py:745-748 (width_fn -> width=0.0), :755-758 (wind_fn -> wind_speed=wind_from=None)",Active-reachable — inside the rating loop that serves the map band and spot glyphs,compute_surf_rating grid path,the 0-100 quality on every rated surface,WS-OBJ-207,NONE — WS-CAN-0062 is about geometry_readiness already being on the wire,NONE located for the exception arm,"Source-read at HEAD. 0.0 is a legitimate shelf width, so the substituted value is indistinguishable from a measured one, and `confidence` (spot_ratings.py:38-46) reads accuracy_flag / is_verified_peak only — it cannot move.",none,neutral substitution,Missing Test
UNKNOWN-UNKNOWN DISCOVERY (audit spec §3.4/§13) — repo-wide ,SUR-HID-metre-foot-census,processing,"10 backend files own an m<->ft constant: surf_conditions.py:53,95,98; buoy_calibration.py:27; report_calibration.py:30; spot_conditions.py:46; local_size_preview.py:228; sim_explain.py:142; sim_observed.py:199; sim_rating.py:294,405; conditions.py:255; spot_ratings.py:52 (DRIFTED 3.281). Frontend: heightUnits.js:9 (correct), WebGLMarineTextureEncoder.js:239 (3.281, console.log only)",Active-reachable — spot_ratings.rating_why writes the `why` field on /spot-ratings,"rating_why(level, surf_h_m, …)",the user-visible '~X ft surf' explainability string,WS-OBJ-204 (adjacent),NONE — WS-CAN-0015's ft/m item is the frontend infobox cards,NONE located that pins spot_ratings.rating_why's conversion constant,"grep -rnE '3\.28084|3\.281[^0-9]|0\.3048' over backend/services+backend/routes; science_registry.py owns no m<->ft constant (2 hits, both prose inside other entries' what=/sample= text; positive control: GAMMA, GAMMA_MIN, GAMMA_MAX are registered). 3.281 vs 3.28084 = +0.0049%.",none,n/a,Missing Contract
UNKNOWN-UNKNOWN DISCOVERY (audit spec §3.4/§13) — repo-wide ,SUR-HID-weatherengine-retry,state-lifecycle,"frontend/src/components/map/WeatherEngine.js:315 MAX_RETRIES=5, :594-601 stale-fallback branch (no MAX check), :603-612 exhaustion branch (retryCount=0 then re-attempt every 120000 ms), :680-682 cleanup",Active-reachable — the wind fetch lane on /map,attemptFetch effect,backend wind grid endpoint,WS-OBJ-003 / SOTA A16 (requests bounded),"NONE — WS-CAN-0001 is the marine twin; WS-CAN-0012 names four wind invariants, none of them the retry bound",NONE located,"Source-read at HEAD. NOT a lifecycle leak: :682 clears retryTimer on unmount, so it does not outlive the surface. It is unbounded for the mounted lifetime of the primary screen.",console.warn 'Max retries exhausted' then silence,the loop IS the recovery; it has no ceiling,Missing Contract
UNKNOWN-UNKNOWN DISCOVERY (audit spec §3.4/§13) — repo-wide ,SUR-HID-base-cover-gate,rendering,frontend/src/components/map/WebGLMarineEngine.js:1130-1138 __RAW_ENABLE_BASE_COVER_GATE__,"Flag-gated, OFF by default — the only __RAW_ENABLE_* in the WX-PROD set, i.e. the only flag whose FIX is off by default",the marine base-cover decision,whether a coarse base is allowed to cover a finer overlay,WS-OBJ-402 / SOTA B2,NONE — B2's three named dual paths are WS-CAN-0007 / 0032 / 0043,not located,In-file comment: '2026-07-06 SAME NIGHT DEMOTION -> OPT-IN ONLY (__RAW_ENABLE_BASE_COVER_GATE__): live regression'. 2026-07-06 to HEAD 2026-08-13 = 38 days opt-in with no dated arm-or-delete decision.,none,n/a,Missing Contract
UNKNOWN-UNKNOWN DISCOVERY (audit spec §3.4/§13) — repo-wide ,SUR-HID-surf-point-landbit,processing,backend/services/weather_pipeline/surf_point.py:200-211 (land_present_at promotion inside try/except: pass),"Active-reachable — resolve_surf_geometry, the mandated chain's first half",resolve_surf_geometry,"coastal flag and break_depth, which feed estimate_surf_at",WS-OBJ-207 (adjacent),NONE,NONE located for the exception arm,Source-read. An import or call failure silently leaves coastal=False and break_depth=None; the spot then resolves as open_ocean with no marker. Kill switch SURF_COASTAL_FROM_LAND_BIT=0 is documented.,logger.debug on SUCCESS only — the failure path logs nothing,none,Missing Test
UNKNOWN-UNKNOWN DISCOVERY (audit spec §3.4/§13) — repo-wide ,SUR-HID-post-collab-stub,user-facing,"backend/routes/posts/post_collaboration.py:94-113 auto_fill_conditions; router registered at routes/posts/__init__.py:21,27",Dead (function) inside an Active-reachable module — grep for auto_fill_conditions finds only its own definition,none today,intended: the session-report form in the post composer,NONE,NONE,NONE,"Currently honest: returns all-None with conditions_source='manual'. Docstring: 'In production, this would pull from NOAA/Surfline API' + '# TODO: Integrate with actual forecast API'. services/surf_conditions.py:67-68 records that this exact surface was already stamped with an offshore height once.",n/a,n/a,Missing Contract
UNKNOWN-UNKNOWN DISCOVERY (audit spec §3.4/§13) — repo-wide ,SUR-HID-deprecated-components-dir,user-facing,frontend/src/components/_deprecated/TrendingSection.js (the only file in the directory),Legacy-unreachable,none,none,NONE,NONE,NONE,"grep -rn 'TrendingSection' frontend/src -> 3 hits, ALL inside the file itself (docstring, declaration, default export). grep for '_deprecated' across frontend/src + package.json -> no references. Positive control: 'ForecastWheel' -> 5 hits including its test, so the technique finds importers.",n/a,n/a,Complete
UNKNOWN-UNKNOWN DISCOVERY (audit spec §3.4/§13) — repo-wide ,SUR-HID-todo-census,shared,"8 TODO/FIXME/HACK/XXX hits estate-wide; 2 are NDBC fixture-header false positives, 1 is a unicode-escape false positive, 4 are non-weather (career.py:452, leaderboard.py:345, join.py:449, server.py:698), 1 is weather-relevant (post_collaboration.py:105)",mixed,n/a,n/a,NONE,NONE,n/a,"grep -rnE 'TODO|FIXME|HACK|XXX' over frontend/src+backend excluding node_modules/__pycache__ = 8 lines against 554,976 lines searched. hotfix = 0 occurrences. This is an unusually clean estate and is recorded as a positive.",n/a,n/a,Complete
UNKNOWN-UNKNOWN DISCOVERY (audit spec §3.4/§13) — repo-wide ,SUR-HID-browser-branches,rendering,frontend/src/components/map/deviceTier.js:16 navigator.userAgent (the only material one),Active-reachable,device-tier particle-pool sizing,WebGLWindEngine / WebGLMarineEngine pool size,WS-OBJ-001,WS-CAN-0012 (device tier is one of its four invariants),covered by the WS-CAN-0012 batch per the register,"grep -inE 'userAgent|isSafari|isFirefox|isChrome|navigator\.vendor|MSIE|Edge/' over WX-PROD -> 4 hits; the other three are WebkitBackgroundClip CSS, an unrelated comment, and a telemetry field. NO isSafari/isFirefox behaviour fork exists in the weather path — a real negative, because the E2E browser split (Safari 24 / Firefox 10 / Chrome 0, WS-CAN-0059) has no application-side explanation.",n/a,n/a,Complete
UNKNOWN-UNKNOWN DISCOVERY (audit spec §3.4/§13) — repo-wide ,SUR-HID-hardcoded-coords,data,"backend/scripts/capture_marine_card_matrix.py:40-44 (5 spots, audit harness); backend/scripts/migrations_archive/master_offshore_fix.py, master_offshore_system.py, recalibrate_central_fl_spots.py (dozens of hand-tuned offsets); backend/services/surf_conditions.py SPOT_COORDINATES (29, LIVE)",harness = Test-only; migrations_archive = Legacy-unreachable; surf_conditions = Active-reachable,only the surf_conditions set is on a live route,/surf-conditions NOAA station selection and fallback coordinates,NONE,NONE,NONE,"Positive control: 85.051129 (the Mercator clamp) is found by the same pattern family in 3 files. grep -rn 'migrations_archive' backend --include=*.py matches only backend/tests/test_wind_unit_constant_parity.py:160, which EXCLUDES the directory; positive control 'from scripts' -> 2 real route imports.",n/a,n/a,Complete
UNKNOWN-UNKNOWN DISCOVERY (audit spec §3.4/§13) — repo-wide ,SUR-HID-legacy-killswitches,rendering,"260 'legacy' hits in WX-PROD; leaders WebGLWindShaders.js 36, WebGLMarineParticleShaders.js 19, WebGLMarineEngine.js 19, marineEngineDecisions.js 12, surf_transform.py 11","Flag-gated, all default-OFF","__RAW_ANIM_LEGACY__, __RAW_OM_MODEL_WIPE_LEGACY__, __RAW_MARINE_BUFFER_SCALE_COLORS__, SURF_V3_KOMAR=0, etc.",the rendered field,"SOTA B12 (kill-switch discipline, MET)",NONE,varies per switch,"Every file with >=5 hits was inspected: the word names the pre-fix behaviour a kill switch restores. Reporting '260 legacy references' as a finding would be the raw-grep-as-finding error. The count belongs to the flag inventory (SUR-HID-raw-flag-surface), not to a defect list.",none per switch,the switch IS the rollback,Complete
UNKNOWN-UNKNOWN DISCOVERY (audit spec §3.4/§13) — repo-wide ,SUR-HID-deprecation-diag,user-facing,"frontend/src/components/map/forecastDeprecationDiag.js (updateDeprecationDiag, window.__MARINE_ESTIMATOR_DEPRECATION_DIAG__); 20 call sites across forecastExactPoint.js, forecastSamplers.js, useMarineDataFetcher*.js",Active-reachable,every exact-point and sampler path,a window global only,WS-OBJ-402 (it is the instrument a dual-path exit condition would consume),NONE,not located,"All 27 'deprecated' hits in WX-PROD are this one cluster. It is an INSTRUMENT, not the deprecated thing: it records whether the browser fell back to a frontend estimate instead of the backend redirect (isBackendRedirectActive, :40-45). It is well built and has no consumer — the migration it measures has no dated exit even though the measurement exists.","a window global, never transported",n/a,Missing Owner
UNKNOWN-UNKNOWN DISCOVERY (audit spec §3.4/§13) — repo-wide ,SUR-HID-emergency-ratio-fallback,data,backend/services/weather_pipeline/normalizer.py:302-318 MARINE_PARTITION_RATIO_FALLBACK,"Flag-gated, default '0'",normalizer marine partition path,swell_1 / swell_2 / wind_waves partitions,SOTA B12,NONE,not re-verified here,"The one 'emergency' hit in WX-PROD. Exemplary: fabricating branch default-OFF, the comment records the live measurement that killed it (a phantom 0.16 m swell FROM 20.5 deg at (28,-80) contradicted by a regional tile at FROM 107.6 deg), and when re-enabled every fabricated point stamps the product estimated with an estimate_basis. Kill switch + provenance stamp.",estimate_basis on the product,absent cell (is_valid=False) is the default answer,Complete
UNKNOWN-UNKNOWN DISCOVERY (audit spec §3.4/§13) — repo-wide ,SUR-HID-surf-mode-toggle,user-facing,"backendWeatherServiceClient.js:138-161 getSurfModeFlag/setSurfModeFlag; consumed at :506 and backendCopernicusServiceClient.js:378 (&surf=1); colorScales.js:285-365 (band rescale); MapWeatherControls.js:93-99,711-716 ('Surf Rating: ON/OFF'); MapForecastOverlay.js:438-440",Active-reachable and localStorage-persisted; OFF by default,"the controls toggle, or localStorage.__SURF_MODE__",the marine heatmap (breaking vs offshore height) and the colour bands,WS-OBJ-204,"WS-CAN-0015 ('one nearshore display policy' is one of its 7 items, still open)","per the WS-CAN-0015 register row, 2 of 7 items shipped and receipted","Source-read at HEAD. With the toggle OFF the grid URL omits &surf=1, so the heatmap renders the OFFSHORE significant wave height — the quantity CLAUDE.md forbids reporting AS surf height. The toggle label says 'Surf Rating', not 'offshore vs breaking'.",the toggle's own aria-pressed state,n/a,Complete
UNKNOWN-UNKNOWN DISCOVERY (audit spec §3.4/§13) — repo-wide ,SUR-HID-persisted-backend-lane-flags,data,"backendPrecipitationServiceClient.js:26; backendPressureServiceClient.js:25; backendWeatherServiceClient.js:70,90,109,129,177 (__USE_BACKEND_MARINE_SYSTEM__, _WEATHER_SERVICE__, _WIND_SERVICE__, _COPERNICUS_SERVICE__, _ICON_MARINE_SERVICE__); LayerAccessResolver.js:33 __BACKEND_URL__","Active-reachable, localStorage-persisted, each with a documented default and a REACT_APP_* build fallback",localStorage or a build env var,which backend lane serves each layer,WS-OBJ-402 (adjacent),NONE,not located,grep -rn localStorage over frontend/src/components/map/*.js. Each reader is annotated with its default; the exposure is low individually. Folded into SUR-HID-raw-flag-surface as inventory rather than reported separately.,none,remove the key,Missing Contract
UNKNOWN-UNKNOWN DISCOVERY (audit spec §3.4/§13) — repo-wide ,SUR-HID-force-fallback-keys,state-lifecycle,"frontend/src/components/map/MapWebGL.js:95,96,100,101,724,725,757-759 (force_wind_fallback / force_marine_fallback)","Active-reachable, localStorage-persisted — disables the WebGL engines for that browser until cleared",localStorage or window.__FORCE_*_FALLBACK__,whether the WebGL wind/marine engines mount at all,WS-OBJ-301,WS-CAN-0022 (names 'persisted force_*_fallback keys' explicitly),"per the register, WS-CAN-0022 is Not Started",grep -rn localStorage over the map components; a reset() at :759 removes both keys.,none,reset() at MapWebGL.js:759,Complete
UNKNOWN-UNKNOWN DISCOVERY (audit spec §3.4/§13) — repo-wide ,SUR-HID-manifest-pointer-migration,infrastructure,"backend/services/weather_pipeline/manifest_pointer.py:18, :86, :140 _disable_for_process('pointer table missing (HTTP …) — migration not applied yet')",Active-reachable,manifest pointer read/write,manifest resolution,WS-OBJ-004 (adjacent),NONE,not located,"One of the 14 'migration' hits in WX-PROD. It disables itself for the process AND carries the reason in the disable string — a correct transition-safe pattern, and the counter-example to the silent-swallow class in SUR-HID-js-empty-catch.",the reason string,"self-disable, re-enabled on restart after the migration",Complete
SECURITY + DATA INTEGRITY + SUPPLY CHAIN (audit spec §21) — ,SUR-SEC-env-files,infrastructure,frontend/.env.local; backend/.env; frontend/.gitignore:16; .gitignore:292,Dev-only (build-time),CRA build / uvicorn process env,webpack DefinePlugin (REACT_APP_* only); backend os.environ,NONE,NONE,NONE,SEC-M-env: `git ls-files | grep -iE '(^|/)\.env'` -> zero rows; control C1 passed. Both files matched by git check-ignore.,none needed,n/a,Complete
SECURITY + DATA INTEGRITY + SUPPLY CHAIN (audit spec §21) — ,SUR-SEC-shipped-bundle,user-facing,https://dev--rawsurf.netlify.app/static/js/main.e474455a.js (BUILD_VERSION 791fdf78 = HEAD); frontend/craco.config.js (no DefinePlugin/EnvironmentPlugin),Active-reachable (this is what users load),browser page load,every weather surface,NONE,NONE,NONE,"SEC-M01: streamed live bundle into grep -c. pk.eyJ=1, bare JWT=0, AIza=0, sk-=0, sk_live_=0, service_role=0.",n/a,n/a,Complete
SECURITY + DATA INTEGRITY + SUPPLY CHAIN (audit spec §21) — ,SUR-SEC-brain-rules-cred,infrastructure,BRAIN_RULES.md:200 (Qdrant cluster URL + JWT-shaped API key),Legacy-but-reachable (tracked; git history retains it regardless of edit),git clone / any repo read,agents reading project rules,WS-OBJ-703,WS-CAN-0021,NONE,"SEC-M05: 1 JWT-shaped literal at :200; no sk-/ghp_/AKIA/xox shapes in that file. :201 LangSmith key correctly lives in episodic memory, not in-file.",none,OWNER: rotate provider-side,Missing Owner
SECURITY + DATA INTEGRITY + SUPPLY CHAIN (audit spec §21) — ,SUR-SEC-antigravityrules-cred,infrastructure,.antigravityrules:201 (identical credential to BRAIN_RULES.md:200),Legacy-but-reachable (tracked),git clone / any repo read,agent tooling,WS-OBJ-703,WS-CAN-0021 (file list incomplete),NONE,"SEC-M05: sha256 of the grep match in each file is IDENTICAL (6bd74b381b9d...), compared without printing either value.",none,same rotation as WS-CAN-0021,Missing Task
SECURITY + DATA INTEGRITY + SUPPLY CHAIN (audit spec §21) — ,SUR-SEC-eslint-artifact-cred,infrastructure,"frontend/eslint_errors.json:1 (5,417,389 B, commit 04342a9a); embeds AIza... from a scratch copy of GifPicker.js outside this tree",Legacy-but-reachable (tracked artifact; not executed),git clone,none at runtime,NONE,NONE,NONE,"Parsed the JSON: filePath = C:\Users\dprit\.gemini\antigravity\scratch\...\GifPicker.js, source line 16. Current frontend/src/components/messages/GifPicker.js:23 has NO hardcoded fallback (grep AIza over frontend/src = 0; control C3 passed).",none,delete artifact + rotate,Missing Task
SECURITY + DATA INTEGRITY + SUPPLY CHAIN (audit spec §21) — ,SUR-SEC-sourcemaps,user-facing,netlify.toml:3 build command (no GENERATE_SOURCEMAP=false anywhere in build config); frontend/build/static/js/*.map (105 files locally),"Active-reachable, PUBLIC, on prod AND dev",GET /static/js/main.*.js.map,anyone,NONE,NONE,NONE,"SEC-M02: prod main.js.map -> HTTP 200 / 4,802,016 B; dev (BUILD_VERSION 791fdf78 = HEAD) main.js.map -> HTTP 200 / 4,807,261 B. GENERATE_SOURCEMAP appears in exactly one tracked file, a docs runbook, and in no build config (control C2 passed on 'CI=false').",none,n/a,Missing Objective
SECURITY + DATA INTEGRITY + SUPPLY CHAIN (audit spec §21) — ,SUR-SEC-response-headers,user-facing,frontend/public/_headers (nosniff + cache only),Active-reachable on both deploys,any HTTP response from Netlify,browser,NONE,NONE,NONE,"SEC-M03: complete security-header set on BOTH deploys is Strict-Transport-Security (Netlify default) + X-Content-Type-Options. Absent: CSP, X-Frame-Options, Referrer-Policy, Permissions-Policy, COOP.",none,n/a,Missing Objective
SECURITY + DATA INTEGRITY + SUPPLY CHAIN (audit spec §21) — ,SUR-SEC-backend-cors,infrastructure,backend/server.py:486-492 CORSMiddleware allow_origin_regex 'https://.*\.netlify\.app|...' + allow_credentials=True; duplicated at :510-512 _CORS_ERR_ORIGIN_RE,Active-reachable on every weather route,any cross-origin XHR,browser,NONE,NONE,NONE (grep CORSMiddleware|allow_origin_regex over backend/tests -> no files),"Kill attempt: `grep -rnI 'set_cookie|request.cookies|SessionMiddleware' backend --include=*.py` -> zero non-test rows; `grep -rnI ""credentials:\s*.include|withCredentials"" frontend/src` -> zero rows (control C3 passed on 'Authorization'). apiClient.js:52-61 sends a Bearer header. Credentialed CORS therefore carries nothing exploitable TODAY.",none,n/a,Missing Objective
SECURITY + DATA INTEGRITY + SUPPLY CHAIN (audit spec §21) — ,SUR-SEC-netlify-weather-proxy,data,"frontend/netlify/functions/weather-proxy.js:41 ACAO '*'; weather-proxy-helpers.js:13-17 API_URLS allowlist, :6 module-scope Map cache, :11 CACHE_TTL 30min; quarantined by frontend/src/index.js:38-53",Legacy-but-reachable (deployed and executing; the app quarantines it in production),GET/POST /.netlify/functions/weather-proxy,nobody in the app; anyone on the internet,NONE,NONE,NONE (grep weather-proxy|getCacheKey over frontend test/spec files -> no files),"SEC-M04: dev /.netlify/functions/weather-proxy -> HTTP 400, body {""error"":""Missing type parameter""}, header Access-Control-Allow-Origin: *. /.netlify/functions/weather -> 404 (not deployed). Handler executes unauthenticated from any origin.",function logs only,circuit breakers + RESPONSE_SIZE_LIMIT present,Missing Objective
SECURITY + DATA INTEGRITY + SUPPLY CHAIN (audit spec §21) — ,SUR-SEC-proxy-cache-key,data,frontend/netlify/functions/weather-proxy-helpers.js:130-147 getCacheKey (32-bit ((hash<<5)-hash+c)|0); :107-128 validateCacheShape,Fallback-only / Legacy-but-reachable (same function as above),cache lookup inside weather-proxy handler,weather-proxy response,NONE,NONE,NONE,Source read. validateCacheShape checks only that some recognised container is non-empty; it never compares the cached payload's coordinates to the request's. Collisions in 32 bits are brute-forceable and the endpoint is open (SEC-M04).,none,30-min TTL only,Missing Objective
SECURITY + DATA INTEGRITY + SUPPLY CHAIN (audit spec §21) — ,SUR-SEC-service-worker,infrastructure,"frontend/public/service-worker.js :80-200 fetch handler, :116 response.ok guard, :338-357 message handler, :344 hardcoded same-origin URL, :91-103 weather exclusions",Active-reachable,SW fetch/message events,all non-weather app requests,NONE,NONE,NONE,"Read in full. Poisoning hypotheses REFUTED: CACHE_SPOTS reconstructs new URL('/api/surf-spots', self.location.origin) and never uses the message payload as a URL; every cache.put/match is keyed on the full request so a cross-origin entry cannot satisfy a same-origin lookup; :116 never caches a 502/4xx. AND weather is excluded entirely (:91-103), so the SW is not a weather-data cache surface.",console only,BUILD_VERSION-scoped cache names purge on deploy,Complete
SECURITY + DATA INTEGRITY + SUPPLY CHAIN (audit spec §21) — ,SUR-SEC-forecast-cache-fallback,data,"backend/uploads/forecast_cache/{wind_global.json,marine_global.json} (TRACKED); backend/services/weather_pipeline/wind_ingestion.py:189-227 loader, :196 len<100 floor, :214-217 modulo time-shift, :240/:358/:560 estimate_basis","Fallback-only, Prod-reachable",ingest_gfs_wind_global when the live NOAA/ECMWF fetch returns nothing,the global wind field served to every weather surface,WS-OBJ-304 (outcome only),WS-CAN-0017 (surface list does not name it),NONE — grep 'cached_data|stale_cache_recycled|time_shifted_forecast_cache|too small for global' over backend/tests -> no files,SEC-M07: `git ls-files backend/uploads/forecast_cache/` -> both files tracked; `git status --short` -> both ALREADY DIRTY at session start (the running process writes them). Sole validation is a point-count floor.,"GOOD — estimate_basis {""type"":""stale_cache_recycled""} + estimated_after_index=0 reach the wire, so a consumer CAN tell. This drops severity from Critical to High.","none — no schema, age, checksum or provenance check on the file contents",Missing Test
SECURITY + DATA INTEGRITY + SUPPLY CHAIN (audit spec §21) — ,SUR-SEC-grib-range-fetch,data,"backend/services/noaa_gfs_wind_fetcher.py:97; noaa_gfs_wave_fetcher.py:248; noaa_gfs_pressure_fetcher.py:95 — _fetch_message_bytes, all three identical",Active-reachable (primary ingest),scheduled ingest,store.py -> every served product,WS-OBJ-304,WS-CAN-0017,"backend/tests/test_fetcher_http_pooling.py (pooling, not integrity)","Source read at HEAD: `if r.status_code not in (200, 206): raise`. A bare 200 means the upstream IGNORED the Range header and returned the whole object; len(r.content) is never compared to end-start+1 and Content-Range is never read.",none,none,Missing Task
SECURITY + DATA INTEGRITY + SUPPLY CHAIN (audit spec §21) — ,SUR-SEC-marine-physics-validity,processing,backend/services/weather_pipeline/wave_physics.py:52 MARINE_PHYSICS_VALIDITY (default ON),Active-reachable,decoded-value validation,marine field,WS-OBJ-304,WS-CAN-0017 (adjacent),backend/tests/test_wave_physics_validity.py,"Default ON confirmed at :52 (`!= ""0""`). Complements the missing byte-level validation with a physical-plausibility layer.",kill switch documented at :35,kill switch,Complete
SECURITY + DATA INTEGRITY + SUPPLY CHAIN (audit spec §21) — ,SUR-SEC-grid-parser-worker,processing,"frontend/src/components/map/GridParserWorker.js (748 LOC) :70 and :142 truncation guards, :729-747 top-level try/catch",Active-reachable — imported by useGridWorker.js and usePressureEngine.js,postMessage from useGridWorker,wind/marine/pressure grids,WS-OBJ-301,WS-CAN-0008,frontend/src/tests/grid-parser-worker.test.js,"Source read: `offset + rows*cols > data.length -> return null` at both sites; errors posted as {id, result, error}.",error field on the reply,"useGridWorker.js:42 onerror, :68 re-create on next use",Complete
SECURITY + DATA INTEGRITY + SUPPLY CHAIN (audit spec §21) — ,SUR-SEC-dead-decode-worker,processing,frontend/src/engine/workers/forecast-decode-worker.js,Dead,none,none,NONE,NONE,NONE,`grep -rnI 'forecast-decode' frontend/src frontend/e2e frontend/package.json` -> zero rows; control C3 passed (GridParserWorker found in 3 files).,n/a,n/a,Complete
SECURITY + DATA INTEGRITY + SUPPLY CHAIN (audit spec §21) — ,SUR-SEC-om-decode,rendering,"frontend/src/components/map/openMeteoProtocol.js:696 (hardcoded map-tiles.open-meteo.com), :719 addProtocol, :741 URL parse in try, :691/:722 window.__OM_PROTOCOL_SETTINGS__; decoder = @openmeteo/weather-map-layer 0.0.19",Active-reachable — every raster weather layer,"maplibregl.addProtocol('om', ...)",raster layers,WS-OBJ-101,"WS-CAN-0060 (colour-scale key, closed) — no task owns malformed-binary handling","frontend/src/components/map/layerColorScaleCoverage.test.js (scale keys, not binary)",Source read: no user-controlled host reaches the decoder; all malformed-.om handling is delegated to the third-party 0.0.x WASM package.,omUrlTrace.js / __OM_URL_TRACE__,transparent-tile path,Missing Test
SECURITY + DATA INTEGRITY + SUPPLY CHAIN (audit spec §21) — ,SUR-SEC-dynamic-code,user-facing,"frontend/src/components/map/TruthOverlay.js:701 (static <style>); 7 ld+json JSON.stringify blocks (Explore.js:441, SpotHub.js:246, Profile.js:383, SinglePost.js:471, GalleryStorefront.js:224,260, ScheduledBookingHelpers.js:588); ExploreSearchResults.js:107; LocationPicker.js:129",Active-reachable,React render,DOM,NONE,NONE,NONE,"Counts: eval( = 0, new Function( = 0, dangerouslySetInnerHTML = 8. The ONE weather instance (TruthOverlay.js:701) was checked for interpolation: `${` occurrences inside the template = 0, i.e. a static @keyframes literal. The 7 ld+json blocks feed JSON.stringify output into a <script>, and JSON.stringify does not escape '<'.",none,none (no CSP — see SUR-SEC-response-headers),Missing Objective
SECURITY + DATA INTEGRITY + SUPPLY CHAIN (audit spec §21) — ,SUR-SEC-backend-hazards,infrastructure,backend/ (all *.py),n/a,n/a,n/a,NONE,NONE,NONE,"verify=False / rejectUnauthorized:false / NODE_TLS_REJECT = 0; shell=True / os.system( in backend/services+routes = 0; pickle.load / yaml.load( non-test = 0. Control C6: needles requests.get, shell, yaml each returned 3 files, so the zeros are real and not a broken search.",n/a,n/a,Complete
SECURITY + DATA INTEGRITY + SUPPLY CHAIN (audit spec §21) — ,SUR-SEC-diag-hud-gate,user-facing,frontend/src/components/map/TruthOverlay.js:19-29 isDiagHudEnabled; MapWebGL.js:957 mount; MarineAnimTuner.js (same contract),Flag-gated — production OFF by default; ?diag=1 or localStorage __RAW_DIAG__='1' is a deliberate opt-in; '0' suppresses everywhere; storage exception fails CLOSED,MapWebGL render,developer/owner,WS-OBJ-506,WS-CAN-0063 (closed),frontend/src/__tests__/truthOverlayGate.test.js,"Source read at :10-29, including the 2026-07-19 header recording that it was previously mounted unconditionally and that this gate was the fix.",self-describing,fails closed,Complete
SECURITY + DATA INTEGRITY + SUPPLY CHAIN (audit spec §21) — ,SUR-SEC-window-globals,state-lifecycle,frontend/src — 433 distinct __RAW_/__OM_/__WEATHER_/__MARINE_ globals,"Active-reachable, ungated in production",window/globalThis assignment,"kill switches, diagnostics, probes",NONE (SOTA B12 marks the kill-switch discipline MET),NONE,NONE (as a class),`grep -rhoE '__(RAW|OM|WEATHER|MARINE)_[A-Z0-9_]+__' frontend/src | sort -u | wc -l` = 433. `grep -rnI NODE_ENV frontend/src | grep -iE '__RAW_|__BACKEND_URL__|__MARINE_'` = 0 rows while control C4 confirms NODE_ENV production gates exist elsewhere -> none of the 433 is production-gated.,self-describing by name,n/a,Complete
SECURITY + DATA INTEGRITY + SUPPLY CHAIN (audit spec §21) — ,SUR-SEC-backend-url-override,data,"frontend/src/lib/apiClient.js:23 (module-scope BACKEND_URL, localStorage read BEFORE process.env) and :52-61 (Bearer interceptor); LayerAccessResolver.js:32-33; useOpenMeteoForecast.js:153-154","Active-reachable, ungated, persisted",module import of apiClient,EVERY backend API call including all weather routes,NONE,NONE,NONE — frontend/src/lib/apiClient.test.js matches 'BACKEND_URL' but grep '__BACKEND_URL__' in that file returns NO MATCHES,"Source read at HEAD. One persisted localStorage string redirects every request, with Authorization: Bearer attached, to an arbitrary origin, and survives reloads and restarts. Three independent re-implementations of the same override.",NONE — no UI or telemetry states that the backend has been swapped,none,Missing Objective
SECURITY + DATA INTEGRITY + SUPPLY CHAIN (audit spec §21) — ,SUR-SEC-localstorage-flags,state-lifecycle,"44 distinct localStorage keys in frontend/src; data-path ones: force_marine_fallback, force_wind_fallback, __RAW_DISABLE_RATINGS_CDN__, __USE_BACKEND_{WIND,WEATHER,MARINE_SYSTEM,ICON_MARINE,COPERNICUS}_SERVICE__","Active-reachable, persisted",localStorage,weather data path,WS-OBJ-301,WS-CAN-0022 (names 'persisted force_*_fallback keys'),NONE,Python extractor over frontend/src (the grep+sed version failed its control and reported 1 — see method notes). 44 keys enumerated.,__MARINE_*_DIAG__ globals,none,Missing Task
SECURITY + DATA INTEGRITY + SUPPLY CHAIN (audit spec §21) — ,SUR-SEC-weather-route-authz,infrastructure,backend/routes/weather.py — /products:56 /grid_series:75 /grid:106 /point:170 /spot-ratings:462 /buoy-calibration:626 /report-calibration:638 /status:650 /capabilities:706 POST /client-diagnostics:715 /diagnostics-log:758 (only :759 has get_current_admin); backend/core/rate_limiter.py,"Active-reachable, unauthenticated, unrate-limited",public HTTP,anyone,NONE,NONE (WS-CAN-0064 owns /conditions/batch as LATENCY only),"backend/tests/test_weather_api.py (functional, not authz/limits)","`grep -rnIl 'rate_limit' backend/routes/weather.py backend/routes/surf_data/` -> zero rows, while control C5 finds rate_limit in auth_pkg/auth.py:14, admin/content_mgmt.py, admin/system.py. No weather route is rate limited, including a minute-long p50 route (WS-CAN-0064).",request_telemetry middleware (server.py:499),none,Missing Objective
SECURITY + DATA INTEGRITY + SUPPLY CHAIN (audit spec §21) — ,SUR-SEC-client-diagnostics-post,data,"backend/routes/weather.py:715-756 (:723 raw f-string of event_type, :736-739 logger, :741 append to backend/diagnostics.log, :755 str(e) on the wire); schemas.py:328-337 ClientDiagnosticReport (no max_length on any str, details is an unbounded Dict); read back by :758-759","Active-reachable, unauthenticated, unrate-limited, the ONLY client-to-server transport in the system",POST /api/weather/client-diagnostics,backend/diagnostics.log -> GET /diagnostics-log (admin),WS-OBJ-504 (which intends to SCALE this transport),WS-CAN-0020 (build the uplink) / WS-CAN-0063 (closed: field honesty only),"backend/tests/test_weather_api.py; backend/tests/test_measure_or_refuse_last_two_surfaces.py (both cover the FPS honesty fix, not exposure)","Source + schema read at HEAD. event_type is a raw str interpolated directly into the log line and Python does not escape newlines in a raw str -> forged log lines into both diagnostics.log and the logger stream, then served to an admin. details is a Dict whose repr escapes newlines, so that field is NOT a vector. No size cap, no rotation, no retention on the file.",the endpoint IS the observability — which is the problem,none,Missing Objective
SECURITY + DATA INTEGRITY + SUPPLY CHAIN (audit spec §21) — ,SUR-SEC-dep-pinning,infrastructure,"backend/requirements.txt; backend/requirements-dev.txt; frontend/package.json; frontend/package-lock.json (lockfileVersion 3, tracked); netlify.toml:3; .github/workflows/{ci.yml:40,146,186, e2e-tests.yml:105, lighthouse.yml:30, marine-nightly.yml:41}",Prod-only divergence (Netlify) vs CI,deploy build,the artifact users receive,"NONE (SOTA A18 covers build IDENTITY, not dependency resolution)",NONE,NONE,"SEC-M08: backend 41/41 and 5/5 pinned with ==. frontend dependencies 71 total, 68 caret ranges, 3 exact. Netlify runs `npm install --legacy-peer-deps`; all five CI lanes run `npm ci`. The lockfile is committed and the production build does not use it.",none,none,Missing Objective
SECURITY + DATA INTEGRITY + SUPPLY CHAIN (audit spec §21) — ,SUR-SEC-dep-vulns,infrastructure,"frontend/package.json: react-scripts 5.0.1 (exact), axios ^1.8.4, react-router-dom ^7.5.1, @openmeteo/weather-map-layer ^0.0.19, maplibre-gl ^5.24.0",Mixed — most advisories are build/dev-time react-scripts transitives; two runtime highs do not apply,npm install,build toolchain + shipped bundle,NONE,NONE,NONE,"SEC-M06: `npm audit --json` (read-only, --fix NOT run) -> {critical: 2, high: 22, moderate: 8, low: 14, total: 46}. Criticals shell-quote, websocket-driver (both build-time). Runtime highs killed on inspection: axios advisory is the Node HTTP adapter (browser adapter used here); react-router advisory is SSR deserializeErrors (no SSR in this CRA SPA). Dev-machine risks that DO bite on Windows: webpack-dev-server source theft, launch-editor NTLMv2 disclosure.","none — no Dependabot, no audit in any CI lane (marine-nightly.yml:41 passes --no-audit)",none,Missing Objective
"FRONTEND RENDERING SURFACES — MapLibre custom layers, WebGL ",SUR-FE-marine-custom-layer,rendering,"frontend/src/components/map/WebGLMarineCustomLayer.js:78 (type:'custom'), :82 onAdd, :113 render, :352 onRemove; LAYER_ID='webgl-marine-particles'",Active-reachable,"WebGLMarineLayer.js:847 createCustomLayer(...) -> :859 mapInstance.addLayer(customLayer, targetBeforeId), re-driven on every 'styledata'/'style.load'",MapLibre painter; the marine heatmap + particle field the user sees,WS-OBJ-001 / WS-OBJ-101,"WS-CAN-0001, WS-CAN-0013, WS-CAN-0043",WebGLMarineCustomLayer.errorBurst.test.js; marineRefeedGuard.test.js; ~20 WebGLMarineEngine.*.test.js,12.1 LV-04/LV-05 read __RAW_GPU__ live on dev--rawsurf.netlify.app; 12.1 recordings zoomcap.js/transientcap.js composite real frames,"__MARINE_ENGINE__, __MARINE_CHURN__, __WEBGL_MARINE_UPLOAD_DIAG__, recordTruthStage",onError -> setWebglMarineFailed -> MarineParticleCanvas; error-burst decay 10 s (shouldResetErrorBurst),Complete
"FRONTEND RENDERING SURFACES — MapLibre custom layers, WebGL ",SUR-FE-marine-engine,rendering,"frontend/src/components/map/WebGLMarineEngine.js (3,205 LOC) + WebGLMarineEngineInit.js (initEngine :104 / disposeEngine :243) + WebGLMarineShaders.js + WebGLMarineParticleShaders.js",Active-reachable,new WebGLMarineEngine() at WebGLMarineLayer.js:840; engine.init(gl) from the custom layer's onAdd,the map canvas (shared MapLibre WebGL2 context),"WS-OBJ-001, WS-OBJ-301","WS-CAN-0011, WS-CAN-0013","WebGLMarineEngine.*.test.js (~20 files), WebGLMarineShaders.test.js",LV-04 __RAW_GPU__ live read; convergence map records live textureCount 2 / framebufferCount 1,"__RAW_GPU__ (236 refs), frameTimeHistogram, droppedFrameCounter, advFboStatus",disposeEngine on onRemove; identity-guarded __MARINE_ENGINE__ clear (WS-CAN-0001),Missing Observability
"FRONTEND RENDERING SURFACES — MapLibre custom layers, WebGL ",SUR-FE-marine-texture-encoder,rendering,"WebGLMarineTextureEncoder.js:458-538,700-762 (11 createTexture, 2 raw gl.createTexture at :521/:707); WebGLMarineTextureState.js:60 createTexture + :84 noteTextureCreated",Active-reachable,"engine.setWaveData -> encodeMarineTexture, called from safeUploadWaveData on every data commit",the marine shader's u_waveTexture/u_oceanMaskTexture samplers,WS-OBJ-301,WS-CAN-0013,"WebGLMarineTextureEncoder.{canonicalFields,confidence,dilation,stateScope}.test.js; textureAccounting.test.js",NONE for the accounting path at HEAD,__RAW_GPU__.textureCount / gpuMemoryEstimate / textureUploadCount,allocatedTextures rollback on throw (:755),Missing Test
"FRONTEND RENDERING SURFACES — MapLibre custom layers, WebGL ",SUR-FE-marine-mask-raster,rendering,"WebGLMarineMaskRenderer.js (724 LOC, 7 getContext('2d'), 4 createElement('canvas')); maskSmoothing.js; marineMaskShelter.js; inlandWaterGuard.js; maskCoastSDF.js",Active-reachable,"renderMaskToCanvas() from WebGLMarineTextureEncoder.js:513,~690; refreshMaskWithBasemapWater from WebGLMarineLayer.js:832",the mask texture uploaded to the marine shader,WS-OBJ-001,WS-CAN-0032,"WebGLMarineMaskRenderer.{antimeridianRing,sourceReady,widthTier}.test.js; maskCoastSDF.test.js; maskSmoothing.test.js",11.4 Gate E recorded 277 mask calls / 19 viewport changes,"__RAW_MASK_INPUT_HASH__, __RAW_MASK_PATCH_CARRY_LAST__, mask_rebuild ring events","grid-mask fallback on any throw (:737,:746)",Complete
"FRONTEND RENDERING SURFACES — MapLibre custom layers, WebGL ",SUR-FE-marine-fallback-canvas,rendering,GPUMarineLayer.js (574 LOC) export MarineParticleCanvas; getContext('2d') :298; coordinator.register :546,Fallback-only,"MapWebGL.js:1040, rendered only in the `webglMarineFailed` arm of the ternary",DOM canvas #marine-canvas-layer over the map,WS-OBJ-103,WS-CAN-0022,NONE (unit). e2e sets localStorage force_marine_fallback at weather-simulation.spec.js:262,11.0 D-02 (static); no runtime frame capture,none of its own,n/a — it IS the recovery arm,Missing Test
"FRONTEND RENDERING SURFACES — MapLibre custom layers, WebGL ",SUR-FE-wind-custom-layer,rendering,"WebGLWindLayer.js:18 LAYER_ID='webgl-wind-particles', :29 type:'custom', :32 onAdd, :193 onRemove, :267 addLayer",Active-reachable,MapWebGL.js:1071 <WebGLWindLayer> behind !webglWindFailed,MapLibre painter; the wind particle field,WS-OBJ-001,"WS-CAN-0011, WS-CAN-0012","windParticle*.test.js, windTwoTexture.test.js, windVortexLevers.test.js, WebGLWindShaders.test.js",NONE at HEAD,"__WIND_SERIES_DIAG__, __WIND_COVERAGE_STATUS__",onError -> setWebglWindFailed -> WindParticleOverlay; v3.15 10 s error recovery,Complete
"FRONTEND RENDERING SURFACES — MapLibre custom layers, WebGL ",SUR-FE-wind-engine,rendering,"WebGLWindEngine.js (1,094) + WebGLWindEngineInit.js (initEngine :39 / disposeEngine :175) + WebGLWindUtils.js + WindColorRamp.js + WebGLWindShaders.js",Active-reachable,new WebGLWindEngine() in WebGLWindLayer; engine.init(gl) from onAdd,the shared map GL context,"WS-OBJ-001, WS-OBJ-301","WS-CAN-0011, WS-CAN-0012","windFieldLut.test.js, windRespawnLngWrap.test.js, deviceTier.windRes.test.js and 6 others",NONE at HEAD,no __RAW_GPU__ participation at all — 21 raw gl.deleteTexture bypass safeDeleteTexture,disposeEngine on onRemove,Missing Observability
"FRONTEND RENDERING SURFACES — MapLibre custom layers, WebGL ",SUR-FE-wind-fallback-canvas,rendering,"WindParticleOverlay.js (518 LOC), getContext('2d') :219, coordinator.register :487, deps [mapInstance] :498",Fallback-only,"MapWebGL.js:1081, `webglWindFailed` arm only",DOM canvas #wind-particle-overlay,WS-OBJ-103,WS-CAN-0022,NONE. force_wind_fallback is set by no test and no tool — grep over frontend/src + frontend/e2e returns only MapWebGL.js:95,NONE,none of its own,n/a,Missing Test
"FRONTEND RENDERING SURFACES — MapLibre custom layers, WebGL ",SUR-FE-canvas-anim-coordinator,state-lifecycle,"CanvasAnimationCoordinator.js — start :86, stop :94, dispose :100, _doAnimate :117, dormancy setTimeout :133",Fallback-only (registers only when a Canvas2D fallback mounts),getAnimationCoordinator() from GPUMarineLayer.js:374 and WindParticleOverlay.js:255; disposed at MapWebGL.js:692,the two Canvas2D fallback renderers,WS-OBJ-301,WS-CAN-0022,NONE,NONE,console '[Coordinator] Metrics:' every 1800 frames,stop()/dispose() cancel the RAF and the dormancy timer,Missing Test
"FRONTEND RENDERING SURFACES — MapLibre custom layers, WebGL ",SUR-FE-om-protocol,data,"openMeteoProtocol.js:719 maplibregl.addProtocol('om'), :773 getSafeWorkerFallbackResponse, :813/:820/:826 traceOmBlock; omUrlTrace.js:84",Active-reachable,"useOpenMeteoTileUrls.js:331 registerOpenMeteoProtocol(...) in useEffect(...,[])",every om:// raster slot layer and the decoded-tile sampler,"WS-OBJ-001, WS-OBJ-101","WS-CAN-0060, WS-CAN-0061","omUrlTrace.test.js, decodedOmSampler.test.js, layerColorScaleCoverage.test.js","WS-CAN-0061 closed f3fe2c85 with owner-confirmed live capture; recordings/{zoomcap,transientcap}.js","__OM_URL_TRACE__.blocked/.blockedDetail (armed), __RASTER_PROBE__, WeatherTelemetry tile events",transparent fallback tile + trackTileError on decode failure,Complete
"FRONTEND RENDERING SURFACES — MapLibre custom layers, WebGL ",SUR-FE-radar-protocols,rendering,radarTileRecolor.js:581-586 registers hrrr-rv / dwd-rv / ltg-flash / advect-rv; makeAdvectHandler :473; advBlankTile :462,Active-reachable,"useWeatherState.js:116 useEffect(() => registerRadarRecolorProtocol(), [])",the radar-frame-* raster layers and the lightning point layers,NONE,NONE,"radarAdvection.test.js, radarForecastSources.advect.test.js, radarLegendUnits.proof.test.js — none assert the blank-tile path",NONE,"NONE — grep 'window.__' in the file returns 3 hits, all kill switches / strike publishers",returns a fully transparent tile silently on any failure,Missing Objective
"FRONTEND RENDERING SURFACES — MapLibre custom layers, WebGL ",SUR-FE-radar-frame-manager,rendering,"MapWebGL.js:409-495 imperative radar frame-layer manager; addSource :484, addLayer :487; sid() djb2 layer ids",Active-reachable (radar layer only),"useEffect keyed [mapInstance, radarFrames, radarFrameIndex, activeLayers]",the map; opacity-crossfaded radar animation,NONE,NONE,NONE,NONE,none; every failure path is a bare `catch (e) {}`,removeAll() when radar deactivates or __RAW_RADAR_MULTILAYER_DISABLED__,Missing Objective
"FRONTEND RENDERING SURFACES — MapLibre custom layers, WebGL ",SUR-FE-lightning-layers,rendering,"MapWebGL.js:524-582 lightning-strikes source + lightning-glow + lightning-core circle layers, 240 ms setInterval flash loop",Active-reachable (radar layer only),"useEffect keyed [mapInstance, activeLayers]; strikes via window.__LTG_STRIKES__ published by radarTileRecolor.js:590",the map,NONE,NONE,NONE,NONE,none,clearInterval + removeLayer/removeSource on cleanup; flash Map cleared past 2000 keys,Missing Objective
"FRONTEND RENDERING SURFACES — MapLibre custom layers, WebGL ",SUR-FE-ocean-mask,rendering,"OceanMask.js — addSource :400; addLayer :463 buffer, :511 fill, :533 inland-water, :565 inland-waterway, :595 line; 4 RAF / 7 cancelRAF",Active-reachable,MapWebGL.js:1000 <OceanMask mapInstance active .../>,the map; also the marine layer's default anchor ('ocean-mask-fill'),"WS-OBJ-001, WS-OBJ-101","WS-CAN-0032, WS-CAN-0061",OceanMask.bufferColor.test.js; marineMaskShelter.*.test.js,"WS-CAN-0061 f3fe2c85 — BEFORE slots [3,4,5]/mask 6/water 11; AFTER slots [19,20,21]/mask 22/water 6",__RAW_GPU__ shelter counters via marineMaskShelter.js:245-405,styledata re-assert + order pin,Complete
"FRONTEND RENDERING SURFACES — MapLibre custom layers, WebGL ",SUR-FE-om-raster-slots,rendering,MapWebGL.js:822-919 openMeteoRasterSlots useMemo — ~12 layers x 3 slots of <Source type=raster url=om://...>/<Layer>,Active-reachable,react-map-gl reconciliation; gated on protocolReady && LAYER_REGISTRY[k].omVariable,the map raster renderer,"WS-OBJ-001, WS-OBJ-101","WS-CAN-0060, WS-CAN-0061, WS-CAN-0015","layerColorScaleCoverage.test.js, colorScales.aliasSurfaceTemperature.test.js, waterTempAnchor.test.js",WS-CAN-0060 owner-confirmed live; WS-CAN-0061 owner-confirmed live,"__OM_URL_TRACE__, rasterVisible in TruthOverlay",slot crossfade holds the last frame on model switch,Complete
"FRONTEND RENDERING SURFACES — MapLibre custom layers, WebGL ",SUR-FE-gl-context-loss,state-lifecycle,"MapWebGL.js:695-742 — onContextLost :703 (preventDefault + flip both engines), onContextRestored :713, listeners :731-732, removal :738-739",Active-reachable,useEffect keyed [mapInstance] on mapInstance.getCanvas(),both GL engines (via webglWindFailed/webglMarineFailed),WS-OBJ-103,WS-CAN-0036,NONE — no test dispatches webglcontextlost,NONE — 11.2 failure injection not replayed at HEAD,WeatherTelemetry.trackWebGLContextLost/Restored -> gpuStats.contextResets,flip to Canvas2D fallbacks; un-flip on restore unless a force_* override is set,Missing Test
"FRONTEND RENDERING SURFACES — MapLibre custom layers, WebGL ",SUR-FE-raf-telemetry-fps,infrastructure,WeatherTelemetry.js:380-399 initFpsMonitor; armed from the constructor :73; module-scope singleton :549; window publish :550,"Active-reachable — starts at module import, on every screen that imports WeatherTelemetry (6 importers)",import side effect,"gpuStats.fps -> TruthOverlay.js:132 (the only client->server POST), :313 (GPU tab), admin/advanced/WeatherDiagnostics.tsx:167","WS-OBJ-301, WS-OBJ-506","WS-CAN-0022, WS-CAN-0063","TruthOverlay.fpsHonesty.test.js (covers the read site, not the initial value)",12.1 LV-04 — but its activeRafCount reading is a hardcoded literal (see CG-01),self-reporting only,NONE — zero cancelAnimationFrame in the 551-LOC file,Missing Recovery
"FRONTEND RENDERING SURFACES — MapLibre custom layers, WebGL ",SUR-FE-plugin-render-loop,infrastructure,"engine/render-orchestrator.js:74-158 (frame/startPluginRenderLoop/stopPluginRenderLoop, getFPS :166); LayerRegistry.js:299-344 (initPlugins/updatePlugins/renderPlugins/bootstrapCoreLayers)","Active-reachable, but its body is provably a no-op — setPluginEnabled has zero callers so plugin.enabled is always false",engine-bootstrap.js:74 startPluginRenderLoop() <- initEngine <- MapWebGL.js:659,nothing — renderPlugins iterates a registry of callback-less descriptors,NONE,NONE,"LayerRegistry.reregister.test.js (registry semantics only, not the loop)",NONE,getFPS()/getEngineDiagnostics() exist with zero consumers,stopPluginRenderLoop via shutdownEngine — cancel path exists,Missing Objective
"FRONTEND RENDERING SURFACES — MapLibre custom layers, WebGL ",SUR-FE-gpu-texture-manager,infrastructure,"engine/gpu-texture-manager.js — bindContext, createTexture, createFramebuffer, destroyAll (232 LOC)",Legacy-unreachable at runtime,"engine-bootstrap.js:57-58 `if (ctx.gl) bindGPUContext(ctx.gl)` — the only caller, MapWebGL.js:659, passes no gl and no canvas",none,NONE,NONE,NONE,NONE,none,destroyAll() in shutdownEngine is a no-op on an unbound context,Missing Objective
"FRONTEND RENDERING SURFACES — MapLibre custom layers, WebGL ",SUR-FE-gpu-accounting,infrastructure,"WebGLMarineEngine.js:101-114 __RAW_GPU__ initializer; WebGLWindUtils.js:248-295 TEX_DIMS + noteTextureCreated + safeDeleteTexture; WebGLMarineTextureEncoder.js:661,731; WebGLMarineTextureState.js:78,84",Active-reachable,marine engine constructor; every texture create/delete in the marine path,"TruthOverlayGpuTab.js:27,33; TruthOverlay.js:133 (client->server POST `memory`); the audit's own live reads","WS-OBJ-301, WS-OBJ-506","WS-CAN-0013, WS-CAN-0010, WS-CAN-0063","textureAccounting.test.js — its makeTex helper always calls noteTextureCreated, so it cannot fail on an unregistered production site",12.1 convergence map records live textureCount 2 / framebufferCount 1; LV-04 read activeRafCount,is the observability,none,Conflicting
"FRONTEND RENDERING SURFACES — MapLibre custom layers, WebGL ",SUR-FE-admin-weather-diagnostics,user-facing,"frontend/src/admin/advanced/WeatherDiagnostics.tsx:167-168 (fps), :342 + :91 (memory MB), :422-430 (topology.layers.*.engine) <- WeatherTelemetry.getDiagnosticReport() :524-543",Active-reachable (admin route),"WeatherDiagnostics.tsx:13,42,74 WeatherTelemetry.getDiagnosticReport()",a human operator reading a health page,WS-OBJ-506,WS-CAN-0010,NONE,NONE,is the observability,none — it renders placeholder constants in a green success class,Missing Objective
"FRONTEND RENDERING SURFACES — MapLibre custom layers, WebGL ",SUR-FE-grid-worker,processing,"useGridWorker.js:25-26 new Worker(new URL('./GridParserWorker.js', import.meta.url)); onerror :42; re-create :68; GridParserWorker.js (749 LOC)",Active-reachable,useGridWorker() consumers,pressure/grid extrema clustering feeding the render plan,WS-OBJ-301,WS-CAN-0008,frontend/src/tests/grid-parser-worker.test.js (loads the file by path and evals it),NONE,worker error surfaced via onerror = onmessageerror,worker re-created on next use,Missing Evidence
"FRONTEND RENDERING SURFACES — MapLibre custom layers, WebGL ",SUR-FE-coast-sdf,rendering,"maskCoastSDF.js:110 writeCoastDistanceField, opt-in gate :113 (__RAW_COAST_SDF__); shader branch WebGLMarineEngine.js:1665, :2007 (u_coastSDFEnabled); kill __RAW_DISABLE_COAST_SDF__",Flag-gated (default OFF),"WebGLMarineTextureEncoder.js:704 and WebGLMarineEngine.js:2466,2652 — always called, no-ops unless armed",the marine shader's coastline threshold,NONE (WS-OBJ-402 should own it),NONE,maskCoastSDF.test.js,NONE,engine._cachedMaskHasSDF; haloDebugOverlay.js:89,n/a,Missing Objective
"FRONTEND RENDERING SURFACES — MapLibre custom layers, WebGL ",SUR-FE-orphan-render-tree,shared,"engine/layer-renderers/webgl-layer.js, engine/layer-plugins/{marine-layers,weather-layers,rain-layer}.js, engine/{render-pipeline,tile-streaming-system,IndustryPluginRuntime,FieldInterpolator}.js, engine/data/model-normalizers.js, engine/queries/spot-hub-query.js, engine/sessions/surf-intelligence.js, engine/workers/forecast-decode-worker.js, map/{usePressureEngine,useRasterTransactions}.js","Dead — 14 files, 2,775 LOC, zero module-path references from any non-test file",none,none,NONE,NONE,NONE,NONE,n/a,n/a,Missing Objective
"FRONTEND RENDERING SURFACES — MapLibre custom layers, WebGL ",SUR-FE-esri-satellite,rendering,MapWebGL.js:803-818 esriSatelliteLayers useMemo — esri-satellite-source/-layer,Active-reachable,react-map-gl child of <Map>,the map basemap imagery,WS-OBJ-001,NONE,NONE,NONE,useLayerTruthDiff.js:89 explicitly excludes esri-satellite-source,none,Complete
"FRONTEND RENDERING SURFACES — MapLibre custom layers, WebGL ",SUR-FE-spot-geofences,rendering,"MapWebGL.js:923-949 spot-geofences source + circle layer; SPOT_GEOFENCE_RADIUS :26, SPOT_GEOFENCE_MIN_ZOOM :34",Active-reachable,react-map-gl child of <Map>,the map,WS-OBJ-001,NONE,spotGeofenceZoomFloor.test.js,measured live at z3.1 Florida west coast (in-file comment): cyan reached ~50 km inland before the minzoom floor,none,kill __RAW_DISABLE_GEOFENCE_MINZOOM__,Complete
"FRONTEND RENDERING SURFACES — MapLibre custom layers, WebGL ",SUR-FE-markers,user-facing,"MapMarkerLayers.js:119,168,306,341,353,370,384 — 7 react-map-gl <Marker> kinds (DOM, not GL layers)",Active-reachable,MapWebGL.js:1049 <MapMarkerLayers .../>,the user; carries spotRatings/clusterRatings glyphs,"WS-OBJ-001, WS-OBJ-602",WS-CAN-0024,"MapMarkerLayers.a11y.test.js, ratingsShallowEqual.test.js, ratingRampAnchors.test.js",12.1 QUEUE E#1 measured band vs glyph 2.3-2.7x live (112d2c34),spot-ratings viewport sample,none,Complete
"FRONTEND RENDERING SURFACES — MapLibre custom layers, WebGL ",SUR-FE-webgl-filter-context,rendering,"frontend/src/utils/WebGLFilterEngine.js:191 getContext('webgl', {preserveDrawingBuffer:true}) — a SECOND WebGL context in the app","Active-reachable (photo-filter path, outside the weather sim)",3 importers under the gallery/photo components,photo editing canvas,NONE,NONE,NONE,NONE,none,NO webglcontextlost/restored handler — recorded for completeness of the 'every WebGL context' census; not a weather-sim surface,Missing Recovery
"TEST-COVERAGE REALITY (audit spec §14) — the test estate, te",SUR-TEST-fe-jest-estate,infrastructure,"frontend/src/**/*.test.js (228 files); jest config = frontend/package.json:88-92 (moduleNameMapper only, CRA defaults, roots=src)",Active-reachable,ci.yml:51-55 `CI=true npx react-scripts test --watchAll=false --json --outputFile=suite-results.json` (job lint-and-build),ci.yml:65-98 count gate; GitHub required check,WS-OBJ-502,NONE,"n/a — this IS the estate. MEASURED at HEAD: 228 suites / 2138 tests / 0 failed / 0 pending / 0 snapshots, 21.6 s","executed full run this audit (scratchpad/jest-full.json, jest-full.log), exit 0",jest --json writes numTotalTestSuites/numPassedTests; ci.yml prints them,n/a,Complete
"TEST-COVERAGE REALITY (audit spec §14) — the test estate, te",SUR-TEST-fe-jest-floor,infrastructure,"ci.yml:88 `const MIN_SUITES = 185, MIN_TESTS = 1686`; gate body ci.yml:65-98",Active-reachable,"ci.yml:65 step ""Assert the frontend suite actually ran"" (if: always())",GitHub required status check on push/PR to dev and main,WS-OBJ-502,NONE,"NONE — no test asserts this floor is current, and ci_floor_staleness.py does not know it exists","MEASURED this audit: floor 185/1686 vs observed 228/2138 => stale by 43 suites / 452 tests. Last raise ci.yml:85, 2026-08-03",prints `suites X/Y tests A/B failed N` on every run; nothing compares it to the floor,none — a floor below the observation never reddens,Missing Objective
"TEST-COVERAGE REALITY (audit spec §14) — the test estate, te",SUR-TEST-fe-marine-guards-lane,infrastructure,"ci.yml:170-237 job frontend-marine-composition-guards; MIN_SUITES=2, MIN_TESTS=48 at ci.yml:222; pattern marine-card-matrix-closure|forecast-card-swell-vs-surf",Active-reachable,"ci.yml:193-199 (`--testPathPattern`, no --passWithNoTests, deliberately)",GitHub check,WS-OBJ-502,NONE,self-gated by ci.yml:206-237 (asserts suites and tests); MIN_SUITES is EXACT so a drop is red,"2 suites exist at HEAD, matching the exact floor",prints per-guard filenames,n/a,Missing Evidence
"TEST-COVERAGE REALITY (audit spec §14) — the test estate, te",SUR-TEST-be-guards-lane,infrastructure,"ci.yml:337-608 backend-sim-composition-guards; selector backend/scripts/ci_test_lanes.py COMPOSITION; floor ci.yml:571 MIN_FILES,MIN_PASSED = 150,1706",Active-reachable,ci.yml:416-424 `ci_test_lanes.py --lane guards` then `pytest $FILES -q --junitxml=guards.xml`,ci.yml:428-608 ratchet; ci_floor_staleness.py,WS-OBJ-502,WS-CAN-0065,backend/tests/test_flag_lane_parity.py + test_ci_lane_single_source.py pin the single source; test_ci_floor_staleness.py pins the budgets,MEASURED: `--lane guards` selects 150 files at HEAD = MIN_FILES exactly,"prints `collected N tests across F files -> P passed, S skipped, …`",empty-selector refusal at ci.yml:421,Complete
"TEST-COVERAGE REALITY (audit spec §14) — the test estate, te",SUR-TEST-be-chain-lane,infrastructure,"ci.yml:633-759 backend-forecast-chain-guards; floor ci.yml:728 MIN_FILES,MIN_PASSED = 85,780",Active-reachable,ci.yml:665-670 `ci_test_lanes.py --lane chain`,ci.yml:672-759 ratchet; ci_floor_staleness.py,WS-OBJ-502,WS-CAN-0065,test_flag_lane_parity.py / test_ci_lane_single_source.py,MEASURED: `--lane chain` selects 85 files at HEAD = MIN_FILES exactly,same summary line,empty-selector refusal at ci.yml:667,Complete
"TEST-COVERAGE REALITY (audit spec §14) — the test estate, te",SUR-TEST-be-estate-lane,infrastructure,ci.yml:791-995 backend-estate-coverage; floor ci.yml:950 MIN_PASSED = 358; MAY_BE_EMPTY exemptions ci.yml:837-848,Active-reachable,ci.yml:820-826 `ci_test_lanes.py --lane estate` then `pytest $FILES -q --timeout=120`,ci.yml:828-995 per-file silent check + MIN_PASSED,WS-OBJ-502,WS-CAN-0065,per-file 'produced no test result' check is strictly stronger than a count floor,"MEASURED: 256 files selected at HEAD, of which 206 define a module-level BASE_URL and are skipped wholesale when REACT_APP_BACKEND_URL is unset (it is set only at ci.yml:104, the frontend BUILD step, never in a pytest lane)","prints `estate: N files selected, M produced results, P passed, 0 silent`",exemptions asserted to still exist,Complete
"TEST-COVERAGE REALITY (audit spec §14) — the test estate, te",SUR-TEST-be-lane-partition,infrastructure,backend/scripts/ci_test_lanes.py; FASTMCP_EXCLUDED:165-168; ESTATE_QUARANTINE:203+,Active-reachable,ci.yml:814-816 `ci_test_lanes.py --assert-partition` (runs BEFORE pytest),backend-estate-coverage job,WS-OBJ-502,WS-CAN-0065,test_ci_lane_single_source.py; test_sim_mcp_shim.py asserts the exclusion list has not widened,EXECUTED this audit: `tracked 494 guards 150 chain 85 estate 256 fastmcp-excluded 2 quarantined 1 … partition OK`,names the quarantined file and its reason,fails on unclaimed / doubly-claimed / stale-exclusion,Complete
"TEST-COVERAGE REALITY (audit spec §14) — the test estate, te",SUR-TEST-floor-staleness-gate,infrastructure,"backend/scripts/ci_floor_staleness.py; LANES dict :114 = {guards, chain, estate}; FILES_BUDGET=0; passed_budget 6/6/2",Active-reachable,"ci.yml:1025-1048 job backend-floor-staleness, `--branch dev`, reads the LAST GREEN run via gh",GitHub check,WS-OBJ-502,WS-CAN-0065,backend/tests/test_ci_floor_staleness.py,"MEASURED: lane keys parsed = ['guards','chain','estate']; `grep -n frontend` -> 0 matches (positive control: backend lane names present in the sibling script)",refuses rather than passing when it cannot parse a floor or read a log,one-sided by design (only flags floors BELOW the reading),Missing Objective
"TEST-COVERAGE REALITY (audit spec §14) — the test estate, te",SUR-TEST-prepush-floor-hook,infrastructure,"backend/scripts/check_floor_before_push.py; LANES = (""guards"",""chain"",""estate"") at :45",Dev-only,"local pre-push git hook (unshareable by design; core.hooksPath disables it, warned in-file)",the pushing developer,WS-OBJ-705,WS-CAN-0065,backend/tests/test_check_floor_before_push.py (4 tests),register: caught a real floor trap at 6354c7ea (estate 347->351); optimised 1200ms -> 424ms,"prints lane, added test count, touched files, and the two edits required",n/a,Missing Objective
"TEST-COVERAGE REALITY (audit spec §14) — the test estate, te",SUR-TEST-e2e-lane,infrastructure,".github/workflows/e2e-tests.yml; frontend/playwright.config.js; frontend/e2e/{weather-simulation,booking-flow}.spec.js",Active-reachable,"e2e-tests.yml:159-173 `npx playwright test --reporter=list,html` on push to dev (paths-ignore md/docs/audit) after two deploy-identity waits",GitHub check; playwright-report artifact (14-day retention),WS-OBJ-705,WS-CAN-0059,NONE — no step reads the reporter output. `grep -cE 'MIN_[A-Z]+|floor is'` -> 0 (positive control: ci.yml 94),"LV-02: five consecutive completed greens, each `Running 52 tests | 47 passed | 5 skipped | 0 failed`. MEASURED reconciliation this audit: 13 declarations x 4 projects = 52",`list` reporter names every test and its skip reason on stdout (deliberate fix for the unreadable-refusal class),cancel-in-progress with a written justification; deploy waits fail rather than test a stale bundle,Missing Test
"TEST-COVERAGE REALITY (audit spec §14) — the test estate, te",SUR-TEST-e2e-pixel-oracle,rendering,"frontend/e2e/weather-simulation.spec.js:607 `test.fixme('the marine field is non-blank, and scrubbing +1 day CHANGES the rendered pixels')`; frontend/e2e/pngPixels.js (diffFraction, varianceFraction)","Legacy-but-reachable (code present, structurally disabled)",never — test.fixme is unconditional,would be the only executed-GL field assertion in the estate,WS-OBJ-502,WS-CAN-0018 / WS-CAN-0019,"n/a — it IS the test, and it cannot fail","MEASURED: 1 `test.fixme(` at :607 x 4 projects = 4 of the 5 skips in every certified-green run. Contains 5 further in-body `test.skip` refusals (:623 WebGL, :626 mobile, :693 paint gate, :697 noise, :763 data-delta)",the `list` reporter would print the skip reason if it ever ran,none,Missing Test
"TEST-COVERAGE REALITY (audit spec §14) — the test estate, te",SUR-TEST-e2e-webgl-capability-skip,rendering,"frontend/e2e/weather-simulation.spec.js:400-409 canvas.getContext('webgl2'||'webgl') probe then `test.skip(!hasWebGL, …)`",Active-reachable,inside 'surfer switches models GFS vs Copernicus and validates telemetry & wave animation canvas',the whole GFS<->EURO model-switch + __COPERNICUS_GRID_DIAG__ assertion set,WS-OBJ-705,NONE,"the probe design is right (asks the page, never names the browser) but nothing counts how many projects take the exit","MEASURED: this accounts for the 5th of the 5 skips in the certified-green runs. If a runner image lost WebGL for Chrome too, all 4 projects would skip and the lane reads `52 tests, 48 passed, 4 skipped` — green with zero marine-render coverage","skip reason printed by the list reporter; not aggregated, not floored",none,Missing Test
"TEST-COVERAGE REALITY (audit spec §14) — the test estate, te",SUR-TEST-be-lint-gate,infrastructure,".github/workflows/ci.yml:267-270 `flake8 --max-line-length=150 --count --select=E9,F63,F7,F82 --show-source --statistics .` with `continue-on-error: true  # Warn only, don't block`",Active-reachable,ci.yml job backend-lint on every push/PR to dev and main,nothing — the exit code is discarded,NONE,NONE,NONE,"MEASURED: E9 (syntax) subset is currently clean — AST-compiled 1141 tracked backend .py, 0 failures, with a positive control that a deliberately broken source raises SyntaxError. F82/F63/F7 unmeasured (pyflakes not installed, installs forbidden) and unenforced",prints the flake8 report into a green job,none,Missing Objective
"TEST-COVERAGE REALITY (audit spec §14) — the test estate, te",SUR-TEST-fe-eslint-gate,infrastructure,ci.yml:131-158 job frontend-lint; frontend/scripts/check_eslint.js (ALWAYS_ZERO set incl. no-undef + a shrink-only baseline),Active-reachable,ci.yml:155-157 `node scripts/check_eslint.js`,GitHub check,NONE,NONE,"self-gating; ci.yml:158 'NO continue-on-error, deliberately'",created 2026-07-31 after a `no-undef` (`_washOpacityEff`) lived 12 days in the WebGL marine render path behind a try/catch that hard-disables the layer after 3 throws,prints added vs baseline errors,n/a,Complete
"TEST-COVERAGE REALITY (audit spec §14) — the test estate, te",SUR-TEST-skip-count-gating,infrastructure,"ci.yml:581,593 (guards) and :738,744 (chain) — `skips` computed and printed; estate lane does not compute it",Active-reachable,the '🔍 Assert the guards actually ran' steps,stdout only,WS-OBJ-502,NONE,"NONE — `grep -nE 'skips|skipped' ci.yml` shows `skips` only in the assignments, the `passed = tests - fails - errs - skips` arithmetic, and two error STRINGS. It never appears in a `bad.append(...)` condition",MEASURED: 506 `pytest.skip(` call sites and 210 files with a module-level BASE_URL across the backend estate; no lane gates the count,"printed, never graded",none,Missing Objective
"TEST-COVERAGE REALITY (audit spec §14) — the test estate, te",SUR-TEST-height-anchors,processing,"backend/tests/test_height_anchors.py (113 LOC, 5 tests); `_pipeline_ft:53-58` with `if g.shore_normal_deg is None: pytest.skip(...)` at :56",Active-reachable (guards lane),ci.yml:424 `pytest $FILES` — MEASURED: `ci_test_lanes.py --lane guards` claims this file,"the shipped height calibration (gamma 0.81 / SURF_REFRACTION_KR=0.797 / SURF_HEIGHT_H110 on). All 5 tests call `_pipeline_ft`, so all 5 skip together",WS-OBJ-502,NONE,"5 tests: the 10.11 ft non-saturated anchor plus three discrimination controls (Kr revert 12.68, H110 revert 7.96, double revert 9.99) and the saturated blind-by-design anchor","EXECUTED this audit: `pytest tests/test_height_anchors.py -q -rs` -> 5 passed. Skip branch proven LIVE, not dead: resolve_surf_geometry -> Pipeline 325.0, mid-Pacific(0,-140) None, Sahara(23,10) None","skip reason is emitted but the lanes run `pytest -q` with no `-rs`, so only the aggregate skip count reaches the log — and that count is never gated",none — the file's own charter says it must fail loudly on a calibration change,Missing Test
"TEST-COVERAGE REALITY (audit spec §14) — the test estate, te",SUR-TEST-rating-parity-goldens,processing,"frontend/src/__tests__/ratingParity.test.js; frontend/src/__tests__/__parity_goldens.json (4,320 rows); backend/scripts/gen_rating_parity_goldens.py",Active-reachable,ci.yml:51-55 frontend suite,"the JS mirror surfRating.js, which scores the infobox while the backend scores the glyph",WS-OBJ-201,WS-CAN-0002,"4,320 goldens (levels exact, scores within one rounding unit) + surfRating.test.js's 54 targeted tests for the gated params the goldens skip","MEASURED this audit — I regenerated all 4,320 from the HEAD Python engine into the scratchpad (never touching the repo file) and diffed: 0 score differences, 0 level differences, despite 8 commits to surf_rating.py since the goldens were last written at f76f8f36 (2026-07-28)",prints the first 5 level/score drifts on failure,one documented regeneration command,Complete
"TEST-COVERAGE REALITY (audit spec §14) — the test estate, te",SUR-TEST-verdict-cache-guard,rendering,"frontend/src/components/map/marineMaskShelter.wrapper.test.js:162 `created[before]`; `expectBothPhases` defined :388, asserted :394, applied :405,406,423,424,425",Active-reachable,ci.yml:51-55 frontend suite,the ocean-mask verdict cache,WS-OBJ-502,WS-CAN-0031 / WS-CAN-0045,43 test declarations (identical under the plain and the landmine-aware regex — no hidden .each/.skip/.fixme),RV-04 mutation M8/M9 both caught; WS-CAN-0045 mutation-validated at 29ff21ab. RE-VERIFIED AT HEAD this audit by grep: both guards present,the non-vacuity failure names the missing phase (hasOpen:false),n/a,Complete
"TEST-COVERAGE REALITY (audit spec §14) — the test estate, te",SUR-TEST-colorscale-coverage-guard,rendering,frontend/src/components/map/layerColorScaleCoverage.test.js,Active-reachable,ci.yml:51-55 frontend suite,every raster and marine layer's variable->scale key mapping,WS-OBJ-101,WS-CAN-0060,"assembles scales the way the protocol does (library defaults -> CUSTOM_COLOR_SCALES -> aliasSurfaceTemperature), never a re-derived list; leads with an explicit POSITIVE CONTROL (registry>5, scales>20, sea_surface_temperature defined) so the coverage assertion cannot pass vacuously",closed WS-CAN-0060; mutation-proven; false-positived once on temperature_2m and was recalibrated against both observed outcomes,names the offending layer/variable,n/a,Complete
"TEST-COVERAGE REALITY (audit spec §14) — the test estate, te",SUR-TEST-live-estate-skip-policy,infrastructure,backend/tests/conftest.py:26-54 `pytest_collection_modifyitems` — skips every module defining a module-level BASE_URL when REACT_APP_BACKEND_URL is unset,Active-reachable,every pytest invocation,all three backend lanes,NONE,NONE,n/a — it is the policy,"MEASURED: 210 tracked backend test files carry the marker; 206 of them are in the estate lane's 256 selected files (guards 4, chain 0). REACT_APP_BACKEND_URL appears in ci.yml only at :104, the frontend BUILD step — never in a pytest lane",SKIP (not fake-pass) with a reason; the reason is discarded under `-q` without `-rs`,documented opt-in by setting the env var; ci.yml:784-786 explains why CI must NOT set it,Complete
"TEST-COVERAGE REALITY (audit spec §14) — the test estate, te",SUR-TEST-ci-unreachable-files,infrastructure,"tests/test_weather_sim_mcp.py (28 tests), tests/test_weather_sim_mcp_server_startup.py (3), tests/test_debug_consciousness.py (6)","Legacy-but-reachable (named exclusion / quarantine, run in no lane)",none — FASTMCP_EXCLUDED at ci_test_lanes.py:165-168 and ESTATE_QUARANTINE,the sim MCP server startup/dispatch surface,WS-OBJ-502,NONE,"37 backend tests execute in no CI lane. KILL ATTEMPT SUCCEEDED for the sim half: all six MCP tool names (simulate_weather_change, find_best_window, find_best_spot, get_weather_forecast, get_surf_spots, clear_simulation_overrides) appear in lane-claimed test_sim_* files, so the TOOLS are covered — only startup/dispatch is not",MEASURED: `--assert-partition` names both categories with their reasons,named in the source with a written reason; test_sim_mcp_shim.py asserts the list has not widened,returns automatically the day the httpx/fastmcp pin is resolved,Complete
"TEST-COVERAGE REALITY (audit spec §14) — the test estate, te",SUR-PATH-om-protocol-tiles,rendering,"frontend/src/components/map/openMeteoProtocol.js (943 LOC): registerOpenMeteoProtocol:375, postReadCallback:525, oceanFillLandCells:260, coastalOutlierQC:302, ensureLandCellMask:193, prebuildWaterTempLandMasks:360, cacheDecodedTile:147",Active-reachable,"maplibregl.addProtocol('om', …) at :719; module re-exported wholesale by mapUtils.js:294",every om:// raster weather layer's painted pixels,WS-OBJ-101,NONE,"NONE for the tile-production half. 0 of 7 internals named by any test; POSITIVE CONTROL — four exported helpers in the same directory ARE named (sampleDecodedOmValue 1, traceOmUrl 1, findOccludingWaterFill 1, aliasSurfaceTemperature 2). The other two exports (clearOpenMeteoCache, setMapActiveModelLock) are named by 2 test files each, so the module is partially reached and the untested part is exactly tile production","WS-CAN-0060 and WS-CAN-0061, both HIGH user-visible, both landed in/around this path within the last week",tileLog is throttled console output; omUrlTrace covers URL formation only,a lookup miss emits transparent tiles and logs nothing — 'nothing to draw' is indistinguishable from 'nothing to show',Missing Test
"TEST-COVERAGE REALITY (audit spec §14) — the test estate, te",SUR-PATH-viewport-upstream,data,"backend/services/weather_pipeline/viewport_upstream.py — fetch_upstream_raw:20, normalize_and_persist_layers:109",Active-reachable,viewport_service.py:23 import; CALLED at viewport_service.py:393 and :433 (live dynamic-viewport fetch); also wind_native_recovery.py:181,every dynamic-viewport marine/wind product that reaches the client,WS-OBJ-304,NONE,"NONE — 0 of 2 public symbols named in any of the 494 backend test files (positive controls: surf_rating 32, surf_point 21, spot_ratings 30). test_viewport_upstream_timeout.py matches only by FILENAME; its imports are OpenMeteoProvider and server.app","import edges above, read at HEAD",unknown,unknown,Missing Test
"TEST-COVERAGE REALITY (audit spec §14) — the test estate, te",SUR-PATH-wind-mid-res-ingestion,data,"backend/services/weather_pipeline/wind_mid_res_ingestion.py — ingest_{gfs,icon,euro}_wind_global_mid_impl",Active-reachable,"scheduler.py:273,278,283",the mid-res wind tier that feeds the wind layer and the rating's wind factor,WS-OBJ-601,NONE,"NONE — 0 of 3 public symbols named. test_wind_mid_res_tier.py exists but imports mid_res_tier.try_serve_mid_res_tier: it tests the SERVE side, never the INGEST side","import edges at scheduler.py, read at HEAD",scheduler logging only,unknown,Missing Test
"TEST-COVERAGE REALITY (audit spec §14) — the test estate, te",SUR-PATH-pressure-ingestion,data,"backend/services/weather_pipeline/pressure_ingestion.py — ingest_{gfs,icon,euro}_pressure_{pilot,global}_impl",Active-reachable,"scheduler.py:389,394,399,496…",the pressure layer,WS-OBJ-001,NONE,NONE — 0 of 6 public symbols named in any backend test,"import edges at scheduler.py, read at HEAD",scheduler logging only,unknown,Missing Test
"TEST-COVERAGE REALITY (audit spec §14) — the test estate, te",SUR-PATH-point-direct-fallbacks,data,"backend/services/weather_pipeline/point_direct_fallbacks.py — build_wind_direct_point_response:28, build_scalar_direct_point_response:93",Fallback-only,point_resolution.py:428 and :667 (invoked when the product store cannot serve the point),/api/weather/point responses on a store miss,WS-OBJ-203,NONE,NONE for the two builders (1 of 3 public symbols in the module is named elsewhere),call sites read at HEAD,unknown,it IS the recovery path — which is why it being untested compounds,Missing Test
"TEST-COVERAGE REALITY (audit spec §14) — the test estate, te",SUR-PATH-useGridWorker,processing,"frontend/src/components/map/useGridWorker.js:42 (onerror = onmessageerror), :68 (re-create on next use)",Active-reachable,grid decode worker lifecycle,marine/wind grid decode,WS-OBJ-301,WS-CAN-0008,"NONE — named by 0 of 228 frontend test files (positive controls: WebGLMarineEngine 29, TruthOverlay 3, colorScales 2)",already recorded by WS-CAN-0008 as 'Reply-ordering test (R11-14.3) still specified and unconfirmed',onerror handler present at HEAD,worker re-created on next use,Missing Test
"TEST-COVERAGE REALITY (audit spec §14) — the test estate, te",SUR-TEST-source-oracle-family,shared,"16 frontend test files using readFileSync (incl. TruthOverlay.fpsHonesty.test.js:21, WebGLMarineShaders.test.js) and 57 backend test files using read_text/ast.parse/inspect.getsource",Active-reachable,the three backend lanes and the frontend suite,structural composition guards,WS-OBJ-502,WS-CAN-0018,"n/a — these ARE tests, but they grade source text or AST shape rather than a computed value",MEASURED counts above with a positive control on the known WS-CAN-0063 source guard,n/a,n/a,Complete
"TEST-COVERAGE REALITY (audit spec §14) — the test estate, te",SUR-TEST-composition-recorder-mocks,processing,"5 files / 14 sites monkeypatching the forecast chain: test_rating_partitions_composition.py (x9), test_sim_window_scan.py:162, test_spot_conditions_surf_transform.py:67, test_spot_hub_local_size_reference.py:213, test_tide_reaches_the_serving_height.py:76",Active-reachable,guards/chain lanes,CLAUDE.md's ONE FORECAST COMPOSITION mandate,WS-OBJ-201,WS-CAN-0023,"every substitution is a recorder/spy/counter proving the production call happened with production arguments — wiring verification, not value verification",grep with the four chain symbol names; 97 backend files use monkeypatch.setattr overall,n/a,n/a,Complete
BACKEND API SURFACE the weather sim depends on — every regis,SUR-BE-weather-grid,data,backend/routes/weather.py:106-168 get_grid -> weather_pipeline/grid_resolver.resolve_grid; response_model=NormalizedProduct,Active-reachable,"GET /api/weather/grid (public, no auth dependency — runtime dump deps=[])","frontend/src/components/map/backendWeatherServiceClient.js:25, marineControllerCache.js:221, backendWeatherServiceClientDiag.js:18; also called in-process as grid_series' per-hour resolver",WS-OBJ-001 / WS-OBJ-205,WS-CAN-0033,"backend/tests/test_grid_route_resilience.py, backend/tests/test_grid_clip_to_data_extent.py, backend/tests/test_oversized_grid_guard.py",audit/weather-simulation-12.2/evidence/network/health-791fdf78-window.json — not in the 51 tracked routes this window (n below the top-30 cut),request_telemetry route template; truth tag computed only on the point sibling,catches EVERY unhandled exception and downgrades to a 404 no-coverage JSONResponse (weather.py:156-168) so the client retains the previous frame,Complete
BACKEND API SURFACE the weather sim depends on — every regis,SUR-BE-weather-grid-series,data,"backend/routes/weather.py:75-103 get_grid_series -> weather_pipeline/grid_series_helper.build_grid_series:653-657, :628-632, :713",Active-reachable,GET /api/weather/grid_series (public),"frontend/src/components/map/marineGridSeries.js:402,560; windGridSeries.js:175","WS-OBJ-002 (frames) / WS-OBJ-302 (latency, partially)","WS-CAN-0004, WS-CAN-0016","backend/tests/test_grid_series_frame_provenance.py, test_grid_series_euro_merge.py, test_series_build_time_bound.py, test_series_vector_budget.py, test_cold_start_series_warming.py","health-791fdf78-window.json: n=22, over_10000ms=4 (18.2%), max_ms 17883.3, p90_ge_ms 10000",per-frame served_valid_time / frame_offset_hours / frame_substituted / decimated_stride; run_census,"total failure returns HTTP 200 with frames:[] and a raw `_error` exception string; per-hour failures return (h,None) and are dropped silently",Missing Contract
BACKEND API SURFACE the weather sim depends on — every regis,SUR-BE-weather-point,data,"backend/routes/weather.py:170-311 get_point -> weather_pipeline/point_resolution.py:234,262,281,547,574,678 (6 JSONResponse escapes that bypass response_model=NormalizedPointResponse)",Active-reachable,GET /api/weather/point (public),"map/backendWeatherServiceClient.js:26, backendPressureServiceClient.js:12, backendPrecipitationServiceClient.js:13, hooks/useOpenMeteoForecast.js:163,308, index.js:103; BACKEND: services/weather_pipeline/sim_forecast.py:238 over the public internet","WS-OBJ-002, WS-OBJ-202, WS-OBJ-203","WS-CAN-0005, WS-CAN-0014, WS-CAN-0029, WS-CAN-0034","backend/tests/test_point_resolution_is_stamped.py, test_point_coarse_gap.py, test_point_tiebreak_resolution.py, test_point_manifest_view.py","health-791fdf78-window.json: n=112, avg 59.7 ms, max 325.1 ms, over_10000ms absent — well inside budget","truthTag + gridPointParity, but ONLY when model=GFS+marine+waves or domain=wind (weather.py:196-198)",404 on no-coverage (3 sites); HTTP 200 with status:'no_coverage' on grid miss (3 sites),Complete
BACKEND API SURFACE the weather sim depends on — every regis,SUR-BE-weather-spot-ratings,user-facing,"backend/routes/weather.py:462-623 get_spot_ratings, SpotRatingsResponse:420-434, SpotRatingItem:326-417",Active-reachable,"GET /api/weather/spot-ratings (get_db only, no auth)","map/spotRatingsClient.js:3,10; map/useSpotRatings.js:202; BACKEND services/weather_pipeline/sim_observed.py:98","WS-OBJ-201, WS-OBJ-207, WS-OBJ-603","WS-CAN-0023, WS-CAN-0062, WS-CAN-0057","backend/tests/test_spot_ratings.py, test_spot_rating_wire_contract.py","health-791fdf78-window.json: n=40, avg 812.0 ms, max 6895.7 ms, no 10 s breach",source (precomputed|precomputed_stale|live|disabled) + served_valid_time + frame_offset_hours disclose the lane and the frame,"503 load-shed above SPOT_RATINGS_LIVE_MAX_CONCURRENT; L2 read failure silently falls to live, disclosed via `source`",Complete
BACKEND API SURFACE the weather sim depends on — every regis,SUR-BE-conditions-batch,data,backend/routes/surf_data/conditions.py:52-105 get_batch_conditions; error return at :94,Active-reachable,"GET /api/conditions/batch (get_db only, no auth)",frontend/src/hooks/useExploreData.js:29,"WS-OBJ-302, WS-OBJ-103","WS-CAN-0064, WS-CAN-0009","backend/tests/test_spot_conditions_batch_bounds.py, test_surf_conditions_reports.py","health-791fdf78-window.json: n=11, over_10000ms=11, avg 19496.7 ms, max 36025.8 ms, p50_ge_ms 10000 — the THIRD consecutive window at 100% breach (12.0 n=9, 12.1 n=8, 12.2 n=11 => 28/28)",request_telemetry only; per-spot failures are 200-bodied so err_5xx cannot see them,per-spot {'error': str(e)} inside a 200; truncated_to key when >200 ids,Missing Contract
BACKEND API SURFACE the weather sim depends on — every regis,SUR-BE-conditions-spot,user-facing,backend/routes/surf_data/conditions.py:107-176 get_spot_conditions; hand-written response whitelist at :146-168,Active-reachable,GET /api/conditions/{spot_id} (get_db only),"frontend/src/components/SpotConditions.js:144, UnifiedSpotDrawer.js:158",WS-OBJ-103,WS-CAN-0009,"backend/tests/test_conditions_route_wire_contract.py, test_conditions_hourly_composition.py",NONE at HEAD (not in the 51 tracked routes this window),forecast_confidence forwarded only when present; every other producer key silently dropped by the whitelist,404 on missing spot; 200 {'error': ...} and 200 {'error': str(e)} on upstream failure,Missing Contract
BACKEND API SURFACE the weather sim depends on — every regis,SUR-BE-conditions-forecast,user-facing,backend/routes/surf_data/conditions.py:179-216 get_spot_forecast,Active-reachable,GET /api/conditions/forecast/{spot_id} (get_db only),frontend/src/components/SpotConditions.js:176,WS-OBJ-103,WS-CAN-0009,backend/tests/test_conditions_hourly_composition.py,NONE at HEAD,source string names the service and model,"404 on missing spot; 200 {'error': str(e), forecast: []} on failure",Missing Contract
BACKEND API SURFACE the weather sim depends on — every regis,SUR-BE-tides-spot,user-facing,"backend/routes/surf_data/conditions.py:218-331 get_spot_tides; global lane :245-275, legacy NOAA lane :277-331 behind TIDES_GLOBAL_SOURCE=0","Active-reachable (global lane); Legacy-but-reachable (NOAA lane, flag-gated dark)",GET /api/tides/{spot_id} (get_db only),frontend/src/components/SpotConditions.js:155,WS-OBJ-103,WS-CAN-0009,backend/tests/test_p0_alerts_push_tides.py,NONE at HEAD,station_id + source:'global' name the real source; refuses rather than falling through to another region,404 on missing spot; 200 {'error': ...} x3 and 200 {'error': str(e)} on failure,Missing Contract
BACKEND API SURFACE the weather sim depends on — every regis,SUR-BE-surf-conditions,user-facing,"backend/routes/surf_spots/conditions.py:20-74 get_surf_conditions -> services/surf_conditions.py:13 OPEN_METEO_MARINE_API, :227-341 get_surf_conditions, :442-500 get_full_conditions, :61-99 _breaking_ft","Active-reachable — a SEPARATE upstream fetch lane (own httpx client, own 29-entry SPOT_COORDINATES, own NOAA tide client)",GET /api/surf-conditions (public),"frontend/src/hooks/useCreatePostActions.js:182, components/CreatePostModal.js:96 — auto-fills the post composer's session data",NONE,NONE,"backend/tests/test_surf_conditions_post_menu_iter195.py, test_surf_conditions_surf_transform.py, test_post_menu_noaa_wave_direction_iter197.py",NONE — never measured in 12.0 or 12.1; grep of both corpora returns 0 files for 'surf-conditions',surf_regime='offshore_estimate' discloses a failed-open transform; no rating/quality field at all,400 when no coordinates resolvable; upstream failure omits keys rather than signalling (:496 strips None),Missing Objective
BACKEND API SURFACE the weather sim depends on — every regis,SUR-BE-explore-spot-details,user-facing,backend/routes/explore_discover/spot_details.py:36-120 get_spot_details -> point_resolution_service.resolve_spot_conditions:89,Active-reachable,GET /api/explore/spot-details/{spot_id} (get_db only),frontend/src/hooks/useSpotHubActions.js:93 -> components/SpotHub.js — the SPOT HUB named first in CLAUDE.md's ONE FORECAST COMPOSITION mandate,NONE,NONE,"backend/tests/test_parity_unification.py, test_surf_spots_explore.py, frontend/src/components/SpotHub.confidence.test.js",NONE — grep of the 12.0+12.1 corpora returns 0 files for 'explore/spot-details' and 0 for 'spot_details',current_conditions goes silently null on a conditions failure (:96-97),returns HTTP 200 {'error':'Spot not found'} at :53 where 404 is the contract,Missing Objective
BACKEND API SURFACE the weather sim depends on — every regis,SUR-BE-explore-surf-spots,data,"backend/routes/explore_discover/explore.py:400-620 get_surf_spots_with_conditions; module-local TTL cache :39,66-87 (cap 500)",Active-reachable,GET /api/explore/surf-spots (get_db only),"frontend/src/hooks/useExploreConditions.js:302,368",NONE,NONE,backend/tests/test_surf_spots_explore.py,NONE at HEAD; absent from both audit corpora,none beyond current_conditions presence/absence,asyncio.gather(return_exceptions=True) at :477 plus a swallow at :116-118 — every per-spot failure becomes current_conditions:null,Missing Objective
BACKEND API SURFACE the weather sim depends on — every regis,SUR-BE-copernicus-marine,data,"backend/routes/copernicus_marine.py:32-127 copernicus_marine_endpoint -> services/copernicus_marine_service.fetch_euro_marine (subprocess, long timeout)",Active-reachable,"POST /api/copernicus-marine (PUBLIC, no auth, no rate limit)",frontend/netlify/functions/weather-proxy-helpers.js:248 (Netlify edge function with its own stale cache),NONE,NONE,NONE — no test imports routes.copernicus_marine (positive control: `from routes import weather` IS present at tests/test_weather_copernicus.py:24; all copernicus tests target services.copernicus_marine_service),NONE — grep of the 12.0+12.1 corpora returns 0 files for 'copernicus-marine',logs point count and elapsed; returns raw CMEMS dicts bypassing WeatherNormalizer entirely (:99-112),400 on shape/bbox/count violations; 503 detail=str(e) on missing credentials; 502 with str(e) on any other failure,Missing Objective
BACKEND API SURFACE the weather sim depends on — every regis,SUR-BE-alerts-check,processing,"backend/routes/surf_data/alerts.py:306-393 check_and_trigger_alerts -> resolve_spot_conditions:321, Notification write :364, db.commit():391",Active-reachable via TWO triggers — the public HTTP route and scheduler/__init__.py:43-45 every 15 min (scheduler/surf_alerts.py:21),"POST /api/alerts/check (PUBLIC, no auth, no rate limit)",no frontend caller; the scheduler and any anonymous caller,NONE,NONE,"backend/tests/test_p0_alerts_push_tides.py, backend/tests/test_surf_alert_states_the_quality.py",NONE — grep of the 12.0+12.1 corpora returns 0 files for 'alerts/check',"triggered[] echoes wave_height_ft, wave_period, rating, rating_level",per-alert exception caught and logged (:389); always returns 200,Missing Objective
BACKEND API SURFACE the weather sim depends on — every regis,SUR-BE-weather-products,infrastructure,backend/routes/weather.py:56-72 get_products -> ProductStore.get_manifest + os.listdir(cache_dir),Active-reachable,GET /api/weather/products (public),"NO frontend caller. backend/scripts/product_run_age_census.py:179, pilot_pass_census.py:87, timeline_slot_census.py:103, repo-root weather_audit.py:15","WS-OBJ-302 (latency, via LV-07)",NONE,"backend/tests/test_weather_api.py, test_weather_services.py, test_capabilities_contract.py","health-791fdf78-window.json: n=74, avg 4052.0 ms, p50 5000 ms, max 9656.2 ms, over_10000ms=0 (12.1 LV-07: n=51, p50 5000, p99 10669)",exposes the full product manifest and the on-disk file list to any caller,NONE — no try/except; an exception falls through to the global 500 handler (server.py:514-523),Missing Task
BACKEND API SURFACE the weather sim depends on — every regis,SUR-BE-weather-capabilities,shared,backend/routes/weather.py:706-713 get_capabilities -> weather_pipeline/capabilities.get_weather_capabilities,Active-reachable,GET /api/weather/capabilities (public),frontend/src/components/map/LayerAccessResolver.js:41,NONE,NONE,backend/tests/test_capabilities_contract.py,"health-791fdf78-window.json: n=14, avg 4.7 ms, max 8.3 ms",declared the single source of truth for max_forecast_hours (BRAIN_RULES.md:288),NONE — no try/except,Missing Task
BACKEND API SURFACE the weather sim depends on — every regis,SUR-BE-weather-status,infrastructure,"backend/routes/weather.py:650-702 get_status — provider_status 'not_instrumented', stale_products_count None, last_errors None",Active-reachable,GET /api/weather/status (public),"map/backendWeatherServiceClient.js:24, backendWeatherServiceClientDiag.js:17",WS-OBJ-506,WS-CAN-0010 (closed),backend/tests/test_measure_or_refuse_last_two_surfaces.py,WS-CAN-0010 closure receipt (12.1 register) + source read at HEAD,refuses with a pointer to /api/health and /api/health/data — the correct measure-or-refuse form,n/a — read-only,Complete
BACKEND API SURFACE the weather sim depends on — every regis,SUR-BE-weather-client-diagnostics,infrastructure,backend/routes/weather.py:715-755 post_client_diagnostics; sink = backend/diagnostics.log appended at :742-750,Active-reachable,"POST /api/weather/client-diagnostics (PUBLIC, no auth, no rate limit)",frontend/src/components/map/TruthOverlay.js:147 — the ONLY client-to-server transport in the system,"WS-OBJ-504, WS-OBJ-506","WS-CAN-0020, WS-CAN-0063 (fps half closed)","backend/tests/test_measure_or_refuse_last_two_surfaces.py, backend/tests/test_weather_api.py",WS-CAN-0063 closure commits (client ?? null + server 'unmeasured'),"one log line per POST; no aggregation, no cardinality bound on details",500 with f'Failed to save diagnostic: {str(e)}' at :755,Missing Contract
BACKEND API SURFACE the weather sim depends on — every regis,SUR-BE-weather-diagnostics-log,infrastructure,backend/routes/weather.py:758-775 get_diagnostics_log — returns the entire diagnostics.log body,Active-reachable (admin),GET /api/weather/diagnostics-log (Depends(get_current_admin)),no frontend caller found,NONE,NONE,backend/tests/test_weather_pipeline_auth.py,NONE,n/a,"200 {'status':'error','message': str(e)} at :775; 200 {'status':'error'} for a missing file at :767",Missing Task
BACKEND API SURFACE the weather sim depends on — every regis,SUR-BE-weather-ingest,processing,"backend/routes/weather_ingest.py — 19 POST endpoints; _run_ingest:105-113 returns {'status':'error','detail': str(e)} at HTTP 200","Active-reachable — NOT registered in routes/__init__.py; included at backend/routes/weather.py:778-779 (executed, not read)",POST /api/weather/ingest and 18 /api/weather/ingest_*_direct (all Depends(get_current_admin)),no frontend caller; manual/admin operation only,"WS-OBJ-304 (pipeline integrity, adjacent)","WS-CAN-0017 (covers the pipeline, not these routes)",backend/tests/test_weather_pipeline_auth.py (auth only),NONE,/api/weather/ingest returns 'ingestion_triggered' immediately; the background job's failure is logged only (:99-100) and never observable by the caller,18 of 19 return HTTP 200 with a raw exception string,Missing Contract
BACKEND API SURFACE the weather sim depends on — every regis,SUR-BE-health,infrastructure,"backend/routes/health.py:71-287 health_check; weather block :85-103; status set at :190, mutated only at :250 (database) and :275 (scheduler); request_telemetry block :183-187",Active-reachable,"GET /api/health (get_db only, public)","backend/scripts/uptime_probe.py:120-131; frontend apiClient.js:46, WeatherDiagnostics.tsx:20,221, GoLiveModal.js:155; keep-warm cron","WS-OBJ-505, WS-OBJ-303, WS-OBJ-302 (telemetry block)",WS-CAN-0025,"backend/tests/test_health_peak_memory.py, backend/tests/test_uptime_probe.py, test_request_telemetry.py","health-791fdf78-window.json (this audit): n=143, avg 829.4 ms, max 17173.1 ms, over_10000ms=1; total err_5xx=0 over n=3133","carries request_telemetry, memory peak, runtime fingerprint, SHA",a weather-store exception sets weather_readiness={'error': str(e)} and leaves status:'healthy' — the probe then emits only a ::warning:: and stays exit 0,Missing Observability
BACKEND API SURFACE the weather sim depends on — every regis,SUR-BE-health-data,infrastructure,backend/routes/health.py:299-317 data_freshness_health -> weather_pipeline/data_health.compute_data_health,Active-reachable,GET /api/health/data (public),frontend/src/admin/advanced/WeatherDiagnostics.tsx:27,WS-OBJ-505,WS-CAN-0025,backend/tests/test_data_health.py,NONE at HEAD,per-lane freshness report,"the ONE weather endpoint that maps failure to a real status code — 503 on critical and 503 {'status':'critical','error': str(e)} on an internal throw",Complete
BACKEND API SURFACE the weather sim depends on — every regis,SUR-BE-request-telemetry,infrastructure,"backend/services/request_telemetry.py:41-63 record (err counted only when status>=500), :66-90 _percentile_ms, :144-171 RequestTelemetryMiddleware",Active-reachable (kill: REQUEST_TELEMETRY=0),ASGI middleware added outermost at backend/server.py:499,GET /api/health.request_telemetry; GET /api/admin/system/api-metrics; admin/system.py:156-162 measured_error_rate_percent,"WS-OBJ-302, WS-OBJ-506","WS-CAN-0064, WS-CAN-0010","backend/tests/test_request_telemetry.py, test_request_telemetry_percentiles.py","health-791fdf78-window.json: routes_tracked=51, total.n=3133, total.err_5xx=0, over_10000ms=34",bounded per-template histograms; percentiles disclosed as upper bounds with pNN_ge_ms markers,never fatal; a telemetry failure cannot cost /api/health its 200,Missing Observability
BACKEND API SURFACE the weather sim depends on — every regis,SUR-BE-buoy-calibration,data,backend/routes/weather.py:626-635 get_buoy_calibration -> weather_pipeline/buoy_calibration.load_calibration_l2_cached,Active-reachable (gated upstream by BUOY_CALIBRATION on the cron that writes the blob),GET /api/weather/buoy-calibration (public),backend/scripts/forecast_accuracy_monitor.py:416 — the ONLY live input to the WS-OBJ-005 accuracy gate,"WS-OBJ-005, WS-OBJ-501",WS-CAN-0026,backend/tests/test_uptime_probe.py (calibration freshness half); monitor tests referenced in the WS-CAN-0026 receipt,12.1 LV-03 (armed gate emits SKILL FLOOR BREACHED at +24h),{available:false} conflates 'blob unreadable' with 'never generated' — but the consumer refuses on both,"forecast_accuracy_monitor.py:129-132 returns REFUSED with an explicit 'this is refusal, NOT health' message",Complete
BACKEND API SURFACE the weather sim depends on — every regis,SUR-BE-report-calibration,data,backend/routes/weather.py:638-647 get_report_calibration -> weather_pipeline/report_calibration.load_report_calibration_cached,Active-reachable but Undetermined consumer,GET /api/weather/report-calibration (public),NO caller located in frontend/ or backend/scripts/,NONE,NONE,NONE naming the route (report_calibration service has its own tests),NONE,{available:false} until the cron generates,returns an empty availability envelope; never raises,Missing Task
BACKEND API SURFACE the weather sim depends on — every regis,SUR-BE-admin-system-health,infrastructure,backend/routes/admin/system.py:165-300 get_system_health; measured_error_rate_percent:156-162; api block :291-298,Active-reachable (admin),"GET /api/admin/system/health (Depends(get_current_admin), get_db)",admin console,WS-OBJ-506,WS-CAN-0010 (closed 2026-08-13),backend/tests/test_measure_or_refuse_last_two_surfaces.py,"WS-CAN-0010 closure receipt: 4 tests, mutation to the 0.5 placeholder fails them","error_rate None => status 'not_instrumented', never collapsed into healthy",storage-metric failure degrades to a zeroed dict (:200-206),Complete
BACKEND API SURFACE the weather sim depends on — every regis,SUR-BE-admin-surf-forecast,infrastructure,"backend/routes/admin/surf_forecast.py:229-271 status, :274-328 size-reference, :331-399 local-size-preview, :402-425 reports, :428-439 delete",Active-reachable (admin); size-reference and local-size-preview have no located caller,GET/POST/DELETE /api/admin/surf-forecast/* (all Depends(get_current_admin)),"frontend/src/components/admin/AdminSurfForecastPanel.js:36,43,61 calls ONLY status and reports",NONE,NONE,backend/tests/test_spot_hub_local_size_reference.py (partial); no test naming the admin routes,11.0 evidence/synthetic-probes/V1-parity-reverify.md:213 exercised local-size-preview,status returns live flag values as the SERVE BOX sees them plus blob freshness — the only surface that does,"per-blob {'error': str(e)} inside a 200 (:251,260,269); 503 on absent climatology (:308,310,356,360)",Missing Task
BACKEND API SURFACE the weather sim depends on — every regis,SUR-BE-mcp-sim-http-client,processing,"backend/weather_sim_mcp.py:177,240,318,622,663,733 (6 @mcp.tool) + services/weather_pipeline/sim_forecast.py:53-54 BASE_URL, :188, :238; sim_observed.py:98","Active-reachable — stdio MCP server, NOT an HTTP endpoint; it is an HTTP CLIENT of this surface over the public internet (default https://raw-surf-antigravity.onrender.com)",MCP stdio tools get_weather_forecast / find_best_window / find_best_spot / simulate_weather_change / get_surf_spots / clear_simulation_overrides,"MCP hosts; kill switches SIM_LIVE_FORECAST=0, SIM_OBSERVED=0","WS-OBJ-002 (composition, via sim_rating)","WS-CAN-0006 (model contract, Not Started / No Evidence Located)","backend/scripts/sim_health_probe.py (probe, not a test); no test asserts the HTTP contract it depends on",CLAUDE.md measured ladder at HEAD (0.5 m -> 3.3 ft / 69.7 ... 12 m -> 29.5 ft / 61.2),inherits /api/weather/point's provenance; no schema validation of the payload it receives,"never raises (sim_forecast.py:234 'One /api/weather/point sample, or None'); a 200-with-status no-coverage payload is indistinguishable from a real sample without reading `status`",Missing Evidence
WORKERS + SERVICE WORKER + CACHES + STORAGE,SUR-WK-gridparser-worker,processing,"frontend/src/components/map/GridParserWorker.js (748 LOC); frontend/src/components/map/useGridWorker.js:25-26 new Worker(new URL('./GridParserWorker.js', import.meta.url))",Legacy-unreachable,useGridWorker <- usePressureEngine.js:45 <- NOTHING (0 import edges),none at HEAD,WS-OBJ-301,WS-CAN-0008,frontend/src/tests/grid-parser-worker.test.js (reads the file off disk and evals it -- tests a module that cannot ship),12.2 measurement: grep -rl 'calculatePressureExtrema' build/static/js/ -> 0 of 99; CONTROL WebGLMarineEngine -> 4,"onerror/onmessageerror handler present at useGridWorker.js:42, but no lane telemetry","terminate + re-create on next use (useGridWorker.js:42,70) -- correct, on a lane that does not ship",Conflicting
WORKERS + SERVICE WORKER + CACHES + STORAGE,SUR-WK-forecast-decode-worker,processing,frontend/src/engine/workers/forecast-decode-worker.js (152 LOC),Dead,none -- never constructed,none,NONE,NONE,NONE,12.2 measurement: grep -rn 'forecast-decode-worker' frontend/src frontend/public frontend/e2e -> 0; CONTROL 'GridParserWorker' -> 7,none,n/a,Missing Owner
WORKERS + SERVICE WORKER + CACHES + STORAGE,SUR-WK-gps-worker,processing,frontend/src/workers/gpsWorker.js; frontend/src/hooks/useSessionTracker.js:22,Active-reachable,useSessionTracker -> LiveSessionDashboard,live session tracking (non-weather),NONE,NONE,NONE,12.2 measurement: grep -rl 'PROCESS_POSITION' build/static/js/ -> 4 files,none,no onerror at the construction site,Missing Objective
WORKERS + SERVICE WORKER + CACHES + STORAGE,SUR-WK-maplibre-vendor-worker,rendering,"frontend/public/maplibre-gl-worker.js (457,880 B, committed); frontend/src/components/map/mapUtils.js:15 maplibregl.setWorkerUrl('/maplibre-gl-worker.js')",Active-reachable,ensureMapLibreInit() from MapWebGL.js,every MapLibre tile/geometry parse in the weather map,NONE,NONE,NONE,"12.2 measurement: md5 public copy == node_modules/maplibre-gl/dist/maplibre-gl-csp-worker.js (dd56fbe95866b5ee76658b1c0778c77f); build/maplibre-gl-worker.js present at 457,880 B","none -- no checksum, no version assertion, exactly 1 reference in the whole frontend",none -- a mismatched vendor worker would fail at parse time with no diagnostic,Missing Objective
WORKERS + SERVICE WORKER + CACHES + STORAGE,SUR-SW-app-service-worker,infrastructure,frontend/public/service-worker.js (395 LOC); registered at frontend/src/index.js:333; localhost unregister+purge guard at index.js:320-331,Active-reachable (non-localhost only),navigator.serviceWorker.register('/service-worker.js') on window load; registration.update() every 60 min,every GET on the origin that survives the :91-104 exclusion list,WS-OBJ-104 (only for the frozen prod BUILD_VERSION),WS-CAN-0039 (prod freeze only),NONE,"NONE -- e2e/weather-simulation.spec.js:27-42 replaces navigator.serviceWorker with never-settling promises, so the certified E2E lane has never executed one line of it",marineForensics.js:87-95 cross-checks caches.keys() against BUILD_VERSION and prints '[BUILD] STALE BUNDLE',skipWaiting + clients.claim; activate deletes every cache off the 5-name keep-list,Missing Test
WORKERS + SERVICE WORKER + CACHES + STORAGE,SUR-SW-build-version-stamp,infrastructure,frontend/update-sw-version.js; frontend/public/service-worker.js:3 BUILD_VERSION; frontend/src/buildVersion.js:4; frontend/package.json:80 prebuild; netlify.toml:3,Active-reachable,"node update-sw-version.js -- runs TWICE per deploy (netlify.toml command term 1, then package.json prebuild)",4 of 5 SW cache names + the running bundle's self-identification,WS-OBJ-104,WS-CAN-0039,NONE,"WS-CAN-0039 re-measured 12.1: prod SW BUILD_VERSION = 3bd38a83 (2026-05-20), dev = HEAD exactly",marineForensics.js build_check event + console line,"tracked values are placeholders (SW 'd50cc058', bundle 'dev') rewritten at build time; a local npm run build dirties two tracked source files",Complete
WORKERS + SERVICE WORKER + CACHES + STORAGE,SUR-SW-cache-spot,data,frontend/public/service-worker.js:107-164 SPOT_CACHE_NAME = rawsurf-spots-v1-${BUILD_VERSION}; caller frontend/src/hooks/useOfflineMode.js:154-160,Active-reachable,"fetch handler, OFFLINE_API_PATTERNS = ['/api/surf-spots','/api/surf-spots/search','/api/spots-in-bounds']",offline spot list,NONE,NONE,NONE,NONE,GET_CACHE_STATUS message returns key count; cache-fallback responses stamped X-SW-Cache-Fallback: 1 (:143),"refuses to cache non-ok responses (:116); CLEAR_SPOT_CACHE message; whole-cache delete on BUILD_VERSION change. NO size cap, NO entry cap, NO TTL, NO LRU; quota errors swallowed at :125",Missing Objective
WORKERS + SERVICE WORKER + CACHES + STORAGE,SUR-SW-weather-exclusion-list,data,frontend/public/service-worker.js:91-104 (hostname/protocol/pathname substring exclusions),Active-reachable,"fetch event, early return with no respondWith","all /api/weather/*, /api/marine/*, map-tiles.open-meteo.com traffic",NONE,NONE,NONE,"12.2 source read: /weather and /marine pathname substrings exclude the real weather routes; om:// never reaches this handler (MapLibre addProtocol, not a network Request), so protocol.includes('om') is unreachable",none,n/a -- passthrough. Substring shape is the WS-CAN-0059 class but no live false match found among routes in use,Complete
WORKERS + SERVICE WORKER + CACHES + STORAGE,SUR-SW-cache-gallery,data,"frontend/public/service-worker.js:7 GALLERY_CACHE_NAME (unversioned), :66 purge exemption, :168-189 supabase /storage/ intercept; writer frontend/src/utils/offlineGallery.js",Legacy-but-reachable (SW branch live; its only writer is Dead),fetch handler on any hostname containing 'supabase' with '/storage/' in the path,none -- nothing can write this cache,NONE,NONE,NONE,"12.2 measurement: grep -rn 'offlineGallery' frontend/src -> 1 hit, its own docstring",none,"deliberately exempt from the deploy purge, so any legacy data in it is immortal",Conflicting
WORKERS + SERVICE WORKER + CACHES + STORAGE,SUR-ST-ls-marine-cache,state-lifecycle,"frontend/src/components/map/marineControllerCache.js:24 LS_MARINE_KEY='rawsurf_marine_cache_v10', :50 persistCache",Active-reachable,module-init hydrateCache; setMarineHourlyCache -> persistCache,lastKnownGoodMarine seed for the marine map lane,NONE,NONE,NONE,NONE,"console '[Marine] Hydrated from localStorage: N pts, age Ns, provider=X'","HOURLY_CACHE_TTL 60 min on hydrate; hard reject + removeItem when provider != 'open-meteo'. IDENTITY CARRIES model but NOT run; key has no BUILD_VERSION, only a hand-bumped _v10, so it survives every deploy",Missing Objective
WORKERS + SERVICE WORKER + CACHES + STORAGE,SUR-ST-ls-wind-cache,state-lifecycle,"frontend/src/components/map/windController.js:34 LS_WIND_KEY='rawsurf_wind_cache_v3', :37 hydrateCache, :47 removeItem","Legacy-but-reachable (read path live, write path deleted)",module-init hydrateCache only,lastKnownGoodWind seed -- always null on a fresh profile,NONE,NONE,NONE,"12.2 measurement: grep -n persistCache windController.js -> 0; git log -S 'persistCache(LS_WIND_KEY' -> 3cca47f1 (2026-06-08, the <800 LOC refactor, 63 insertions / 240 deletions) removed it",none -- a permanently-cold cache is indistinguishable from a cold start,n/a,Conflicting
WORKERS + SERVICE WORKER + CACHES + STORAGE,SUR-ST-ls-pressure-cache,state-lifecycle,"frontend/src/components/map/marineControllerPressure.js:23 LS_PRESSURE_KEY='rawsurf_pressure_cache_v2', :250 persistCache",Active-reachable,module-init hydrateCache; persistCache on write,pressure overlay lane,NONE,NONE,NONE,NONE,none,"60 min TTL on hydrate. Identity has model, NOT run; hand-bumped _v2, survives deploys",Missing Objective
WORKERS + SERVICE WORKER + CACHES + STORAGE,SUR-ST-ls-force-fallback-flags,state-lifecycle,force_wind_fallback / force_marine_fallback in the map controllers; seeded by frontend/e2e/weather-simulation.spec.js,Active-reachable,localStorage.getItem in the controller fetch paths,forces the fallback lane for wind/marine,WS-OBJ-301,WS-CAN-0022,"seeded by the E2E spec (as an input, not an assertion)",WS-CAN-0022 row: 'persisted force_*_fallback keys' is one of its four named residuals,none,sticky until manually cleared; survives every deploy,Complete
WORKERS + SERVICE WORKER + CACHES + STORAGE,SUR-ST-ls-offline-spots,data,"frontend/src/hooks/useOfflineMode.js:16-20 (rawsurf_cached_spots, rawsurf_nearby_spots, rawsurf_favorite_spots, rawsurf_spots_cache_time, rawsurf_auto_sync_enabled)",Active-reachable,useOfflineMode sync + auto-sync location watcher,offline spot list only,NONE,NONE,NONE,12.2 measurement: grep -cniE 'forecast|conditions|weather' useOfflineMode.js -> 0; CONTROL grep -c localStorage.setItem -> 6. NO forecast is ever persisted by offline mode,cacheTimestamp state,"manual clearCache() only; no TTL, no size bound",Complete
WORKERS + SERVICE WORKER + CACHES + STORAGE,SUR-ST-idb-tilecache,data,"frontend/src/utils/tileCache.js -- IndexedDB 'leaflet_tile_cache' v1, store 'tiles', MAX_AGE_MS 7 days, _MAX_CACHE_SIZE=500 declared at :12 and never read, initDB().then(cleanupCache) import-time side effect at :190",Dead,"none -- 0 importers, so the import-time side effect never fires",none,NONE,NONE,NONE,12.2 measurement: grep -rn 'utils/tileCache|from ./tileCache' frontend/src -> 0; CONTROL 'from .*utils/logger' -> dozens,none,age-only cleanup; the declared size bound is unenforced,Missing Owner
WORKERS + SERVICE WORKER + CACHES + STORAGE,SUR-ST-sessionstorage-blast,state-lifecycle,frontend/src/hooks/useIPGeolocation.js:193 sessionStorage.clear(); victim frontend/src/components/routing/ErrorBoundary.js:17 CHUNK_RELOAD_KEY='rawsurf_chunk_reload_attempted',Active-reachable,the location-cache purge callback,every sessionStorage consumer in the app,NONE,NONE,NONE,12.2 source read: the same function filters localStorage by prefix at :185-190 but clears sessionStorage wholesale at :193,logs only the localStorage count,none -- the chunk-reload one-shot guard is silently re-armed,Missing Objective
WORKERS + SERVICE WORKER + CACHES + STORAGE,SUR-CA-model-metadata,data,"frontend/src/components/map/LayerRegistry.js:346 MODEL_METADATA_CACHE, :374 getAlignedReferenceTime, :411-417 seven seeded models; frontend/src/components/map/mapUtils.js:343-370 LIVE_FETCHED_MODELS + fetchModelMetadata",Active-reachable,"useOpenMeteoTileUrls prewarm on mount, then openMeteoProtocol fetch intercept","MapLibre om:// raster lane -- reference_time, valid_times and variables for all seven models",NONE (SOTA A2 is the nearest contract row and is scoped to the backend by its only task),NONE,NONE,"12.2 measurement: grep -rn LIVE_FETCHED_MODELS frontend/src -> 1 new Set(), 1 .add(), reads only; ZERO .delete, ZERO .clear, no TTL, no interval","WeatherTelemetry.trackCacheHit/Miss(model,'MODEL_METADATA_CACHE') on the intercept path",NONE -- once a model is marked live-fetched its run identity and time axis are pinned for the life of the page,Missing Objective
WORKERS + SERVICE WORKER + CACHES + STORAGE,SUR-CA-om-latest-json-intercept,data,frontend/src/components/map/openMeteoProtocol.js fetch intercept (~:625-640): last_modified_time: new Date().toISOString(); reference_time: meta.referenceTime || new Date().toISOString(),Active-reachable,"global fetch monkey-patch, any map-tiles.open-meteo.com/.../latest.json without skip_intercept=true",MapLibre -- it never sees upstream metadata on this path because every seeded model has a non-empty validTimes,NONE,NONE,NONE,"12.2 source read at HEAD; the same fabricate-a-measurement class as the CLOSED WS-CAN-0010/0063, at a site those closures did not touch",none -- the fabricated timestamp is indistinguishable from a real one,none,Missing Contract
WORKERS + SERVICE WORKER + CACHES + STORAGE,SUR-CA-missing-om-runs,processing,frontend/src/components/map/openMeteoProtocol.js:20 MISSING_OM_RUNS = new Set(); read at :434 and :811,Dead (guard body unreachable),"fetch intercept + protocol callback, per tile request",would 404 requests to known-missing model runs in 0ms,NONE,NONE,NONE,12.2 measurement: 0 writes; CONTROL sibling MISSING_OM_TILES in the SAME FILE is written at :492,"none -- the comment says it blocks 'without throwing or logging', so a pass and a never-armed guard look identical",n/a,Missing Test
WORKERS + SERVICE WORKER + CACHES + STORAGE,SUR-CA-decoded-tile-cache,data,"frontend/src/components/map/openMeteoProtocol.js:144 DECODED_TILE_CACHE, :145 MAX_CACHE_SIZE=150, :148-150 eviction",Active-reachable,om:// protocol decode path,GPU raster upload,NONE,NONE,omUrlTrace.test.js exercises the om:// URL shape,"12.2 source read: key is params.url, which embeds {model}/{run} as path segments -- the ONLY frontend forecast cache whose identity carries the run, and only incidentally",WeatherTelemetry cacheHits/cacheMisses/cacheFlushes + 'Current cache size',"insertion-order FIFO at 150 entries, not LRU; no TTL",Complete
WORKERS + SERVICE WORKER + CACHES + STORAGE,SUR-CA-wind-cache,data,frontend/src/components/map/windController.js:14 WIND_CACHE = new Map(); key `${model}_wind_grid_${tileId}_${hourOffset}`; linear scans at :170 and :278; .clear() only at :443,Active-reachable,fetchWindData / getModelSafeWind,wind overlay + prewarm lane,NONE,NONE,NONE,"12.2 measurement: grep -n 'WIND_CACHE.delete|WIND_CACHE.size' -> 0; CONTROL same dir BoundedPointCache.js:33, GPUMarineLayer.js:252, marineControllerCache.js:92 DO evict",none,"TTL checked on read only, entries never deleted; identity carries model but NOT run",Missing Objective
WORKERS + SERVICE WORKER + CACHES + STORAGE,SUR-CA-pressure-cache,data,"frontend/src/components/map/marineControllerPressure.js:17 PRESSURE_CACHE = new Map(); key viewportCacheKey(bounds,'pressure_${model}_h${hour}') at :164; set at :254",Active-reachable,pressure fetch path,pressure overlay,NONE,NONE,NONE,12.2 measurement: grep -n 'PRESSURE_CACHE.delete|.size|.clear' -> 0,none,300 s TTL on read only; no eviction; identity carries model but NOT run,Missing Objective
WORKERS + SERVICE WORKER + CACHES + STORAGE,SUR-BE-forecast-cache-wind,data,"backend/uploads/forecast_cache/wind_global.json (tracked, DIRTY); producer backend/services/forecast_ingester.py:46-47,90; readers backend/services/weather_pipeline/wind_ingestion.py:190,304,502",Fallback-only (and the fallback is structurally unreachable),scheduler forecast cycle -> ingest_global_model('wind'),the GFS/EURO/ICON stale-cache-recycled degradation path,NONE,NONE,NONE,"12.2 measurement: json.load -> list of 40; producer grid range(50,9,-10) x range(-130,-50,10) = 5x8 = 40; all three readers refuse at `if len(cached_data) < 100`","logger.warning 'Fallback file has only 40 points (too small for global)' -- fires every time, so the refusal IS observable in logs",none -- the recycling branch below the guard has never executed,Conflicting
WORKERS + SERVICE WORKER + CACHES + STORAGE,SUR-BE-forecast-cache-marine,data,"backend/uploads/forecast_cache/marine_global.json (204,796 B, tracked, DIRTY); producer backend/services/forecast_ingester.py:90 via the marine leg",Dead (write-only),scheduler forecast cycle -> ingest_global_model('marine'),NONE,NONE,NONE,NONE,"12.2 measurement: grep -rn 'marine_global\.json' backend --include=*.py -> 0; CONTROL wind_global.json -> 3. File measured: 40 entries, 12 wave variables, 48 h axis, no model/cycle/ingest field",none,n/a,Missing Owner
WORKERS + SERVICE WORKER + CACHES + STORAGE,SUR-BE-productstore-l1,data,backend/services/weather_pipeline/store_helpers.py:81-86 _build_product_filename,Active-reachable,ProductStore save/load on every ingest and every read,every backend forecast consumer,WS-OBJ-202,WS-CAN-0005,pipeline tests exist; no test asserts run identity in the filename,"WS-CAN-0005 row, PRODUCTION 2026-08-12: run_time 2026-08-12T12:59:41Z for gfs_marine_waves_hawaii_20260812T180000Z.json -- an 18Z cycle cannot exist at 12:59Z","run_time on the wire, but it is the ingest clock",none. Filename = model_domain_layer{_region}_{valid_time}{_estimated}.json -- NO run component,Complete
WORKERS + SERVICE WORKER + CACHES + STORAGE,SUR-BE-productstore-l2-negative,data,"backend/services/weather_pipeline/store.py:284 _l2_negative_cache: Dict[str, float]; written store_helpers.py:637; read :604-606, :618-620",Active-reachable,L1 miss -> L2 download failure,L2 download short-circuit (60 s),NONE,NONE,NONE,12.2 measurement: grep for pop|clear|del on _l2_negative_cache -> 0; CONTROL _product_cache.pop -> 4 sites,none,none -- entries are never removed; the dict grows with every distinct filename that ever missed L1 and failed L2,Missing Objective
WORKERS + SERVICE WORKER + CACHES + STORAGE,SUR-BE-sim-forecast-cache,data,"backend/services/weather_pipeline/sim_forecast.py:127 _FORECAST_CACHE OrderedDict; key (round(lat,4),round(lng,4),valid_time) at :374 and :392; LRU at :139-141; per-entry TTL at :137-138",Active-reachable,sim forecast resolution,the weather simulation lane,NONE,WS-CAN-0006,NONE for the key identity,WS-CAN-0006 row quotes this exact key tuple,none,true LRU + per-entry TTL stored WITH the entry (a mid-incident TTL change cannot retroactively extend banked absences). Key omits model AND run,Complete
WORKERS + SERVICE WORKER + CACHES + STORAGE,SUR-BE-explore-conditions-cache,data,"backend/routes/explore_discover/explore.py:39 _conditions_cache, :49 _get_cache_key(lat,lng,forecast_days,model,spot_id), :82-86 prune; :45 _surf_spots_response_cache",Active-reachable,explore/discover conditions endpoint,the explore surface,NONE,NONE,NONE,"12.2 source read: at :82 `if len(_conditions_cache) > 500` the prune at :84-86 collects ONLY keys whose expires_at is already past, so an all-live population exceeds the cap without bound",none,CACHE_TTL_SECONDS 600 per entry. Identity carries model but NOT run,Missing Objective
WORKERS + SERVICE WORKER + CACHES + STORAGE,SUR-BE-sim-geometry-cache,data,backend/services/weather_pipeline/sim_rating.py:62 _GEOMETRY_CACHE; insert/read at :86-92,Active-reachable,sim rating geometry resolution,the sim rating chain,NONE,NONE,NONE,"12.2 measurement: grep -n _GEOMETRY_CACHE sim_rating.py -> 3 lines, all insert or read; no eviction anywhere",none,"none -- unbounded, bounded in practice only by the ~1,773-spot catalogue",Missing Objective
CROSS-FEATURE + SHARED-INFRASTRUCTURE DEPENDENCIES (audit sp,SUR-XF-scheduler-surf-alerts,user-facing,"backend/scheduler/surf_alerts.py:21 check_surf_alerts_task; body literals at :94 (in-app) and :111 (push); backend/scheduler/__init__.py:14,43-45 registration",Active-reachable,"APScheduler IntervalTrigger(minutes=15), id='check_surf_alerts', registered at backend/scheduler/__init__.py:43-45; corroborated by routes/admin/system.py:350",Notification row + web-push to every user with an active SurfAlert,NONE,NONE,NONE. backend/tests/test_surf_alert_states_the_quality.py guards only routes/surf_data/alerts.py (hard-coded path at :106),"AST probe at HEAD reproducing the guard's own logic: scheduler has 1 LIVE 'perfect conditions' literal at line 94, does NOT call surf_alert_body, does NOT read rating/rating_level; the guarded sibling has 0/True/True",logger.info per trigger only; no rating in the payload,broad try/except per spot; failure is logged and the sweep continues,Missing Objective
CROSS-FEATURE + SHARED-INFRASTRUCTURE DEPENDENCIES (audit sp,SUR-XF-conditions-batch-whitelist,data,"backend/routes/surf_data/conditions.py:52 get_batch_conditions, response whitelist :84-91 (6 keys)",Active-reachable,GET /api/conditions/batch?spot_ids=…&model=…,frontend/src/hooks/useExploreData.js:29 → Explore trending spot cards,"NONE (WS-OBJ-201 closed on the /spot-ratings map payload, not this route)","NONE (WS-CAN-0064 covers this route's LATENCY, WS-CAN-0009 its status codes)",backend/tests/test_spot_conditions_batch_bounds.py (bounds/concurrency only); no key-contract test,"Static key diff: producer spot_conditions.py:361-373 emits 9 base keys + 8 conditionally attached (incl. rating at :438, rating_level at :439); whitelist emits 6",none — the drop is silent,per-spot except returns {'error': str(e)} inside a 200,Missing Contract
CROSS-FEATURE + SHARED-INFRASTRUCTURE DEPENDENCIES (audit sp,SUR-XF-conditions-spot-whitelist,data,"backend/routes/surf_data/conditions.py:107 get_spot_conditions, 'current' whitelist :146-168 (8 keys + optional forecast_confidence at :166-167)",Active-reachable,GET /api/conditions/{spot_id}?model=…,frontend/src/components/SpotConditions.js:144 → rendered inside spot-drawer/SpotReportContent.js:82 ← UnifiedSpotDrawer.js:588,NONE,NONE,"backend/tests/test_conditions_route_wire_contract.py — executes the handler and asserts ONLY forecast_confidence survives; rating/rating_level are not asserted (grep -c 'rating' → 2, both in prose)",Same static key diff as SUR-XF-conditions-batch-whitelist; the in-file comment at :156-166 already names the whitelist as a defect class,none,returns {'error': str(e)} with HTTP 200 (:176) — WS-CAN-0009,Missing Contract
CROSS-FEATURE + SHARED-INFRASTRUCTURE DEPENDENCIES (audit sp,SUR-XF-spothub-rating-unrendered,rendering,"backend/routes/explore_discover/spot_details.py:93-95 (passes current_conditions through WHOLE); frontend/src/components/SpotHub.js (659 LOC, currentConditions at :278)",Active-reachable,GET /api/explore/spot-details/{spot_id} via hooks/useSpotHubActions.js:93; route /spot/:id,SpotHub.js + spot-hub/SpotHubConditionsTab.js,NONE,NONE,backend/tests/test_spot_hub_rating_parity.py pins the BACKEND computation (hub vs glyph); nothing asserts the client renders it,grep for 'rating' in SpotHub.js → 0 occurrences; grep for rating_level across all of frontend/src outside components/map → 0. Positive control: sibling producer field forecast_confidence is consumed at 5+ sites in SpotConditions.js,none,n/a,Missing Objective
CROSS-FEATURE + SHARED-INFRASTRUCTURE DEPENDENCIES (audit sp,SUR-XF-size-ladder-js-mirror,rendering,"frontend/src/components/SpotConditions.js:701-711 getConditionsLabel (stale) vs backend/services/conditions_labels.py:34-60 (authority, corrected 2026-07-26)",Active-reachable,SpotConditions.js:256 waveLabel; component mounted by spot-drawer/SpotReportContent.js:82,Spot drawer conditions panel,NONE,NONE,NONE on either side of the mirror. backend/scripts/surf_science_audit.py:308 checks the Python ladder up to Chest High only,"Edge diff read line-by-line: at 8 ft authority='Overhead', mirror='Double Overhead'; at 12 ft authority='Double Overhead', mirror='Triple Overhead+'. The mirror's 8/10 edges are the exact pre-fix values the authority's comment calls 'internally impossible'",none,n/a,Conflicting
CROSS-FEATURE + SHARED-INFRASTRUCTURE DEPENDENCIES (audit sp,SUR-XF-push-deeplink-map-spot,user-facing,"frontend/public/service-worker.js notificationclick, type==='surf_alert' → `/map?spot=${data.spot_id}`; frontend/src/utils/notificationDeepLinks.js:210-214 → `/alerts?alert_id=`",Active-reachable,Web push notification tap (SW) vs NotificationsDrawer.js:250 / NotificationsPage.js:285 (in-app),components/MapPage.js,NONE,NONE,NONE,"components/MapPage.js and all of components/map/ contain zero useSearchParams / location.search / URLSearchParams(window…). Positive control with the same grep over src/: ~20 files use useSearchParams (Auth.js:54, Bookings.js:44, Credits.js:18, OnDemandTab.js:165, …)",none,user lands on the map at the previous viewport,Missing Contract
CROSS-FEATURE + SHARED-INFRASTRUCTURE DEPENDENCIES (audit sp,SUR-XF-apiclient-shared,infrastructure,"frontend/src/lib/apiClient.js — timeout 60000 (:30), auth injection (:52-77), 401 global redirect (:109-131), 429/503 toasts (:142-151), import-time /api/health warmup (:44-49)",Active-reachable,"module import; used by 10 files inside components/map (backendWeatherServiceClient.js, marineGridSeries.js, windGridSeries.js, spotRatingsClient.js, TruthOverlay.js, …)",every weather HTTP call plus the whole app,WS-OBJ-302 (partially — latency side),WS-CAN-0064 (partially — server-side latency only),frontend/src/lib/apiClient.test.js — no weather-specific case; no test pins the timeout against any route budget,"WS-CAN-0064 LV-01/RV-01: /api/conditions/batch p50 52,238 ms and 58,713 ms against this client's 60,000 ms ceiling; grep for 'timeout:' across components/map, hooks, lib finds zero axios overrides on any weather/conditions call",logger.error in dev only; useExploreData.js:29 catch is silent to the user,axios throws ECONNABORTED; Explore leaves conditions empty,Missing Test
CROSS-FEATURE + SHARED-INFRASTRUCTURE DEPENDENCIES (audit sp,SUR-XF-tier-gates-forecast,state-lifecycle,"frontend/src/components/map/LayerAccessResolver.js:59-86 getUserTier (substring matching), :124 resolveForecastWindow, getAllowedModels; MapWebGL.js:260,694; MapWeatherControls.js:4,278; MapPage.js:421,545,568",Active-reachable,"AuthContext user.subscription_tier || user.tier_id, threaded as the userTier prop from MapPage.js","forecast horizon (forecastDays), allowed models, layer access, and the [mapInstance, userTier] engine-lifecycle effect",NONE for the data-gating role (WS-OBJ-301 covers only the lifecycle residual),WS-CAN-0022 covers 'userTier zombie shutdown' only,NONE for the tier→forecast-content mapping,"getUserTier uses includes('free'|'basic'|'paid'|'premium'|'pro'|'parent'|'admin'); demonstrable collisions: 'unpaid'.includes('paid')→basic, 'promo'.includes('pro')→premium, 'freelance'.includes('free')→free. Registers mention userTier once (WS-CAN-0022) and LayerAccessResolver zero times",none; window.__FORCE_PREMIUM_TIER__ (:60) silently overrides,unknown tier falls through to 'guest' (:85),Missing Test
CROSS-FEATURE + SHARED-INFRASTRUCTURE DEPENDENCIES (audit sp,SUR-XF-map-error-boundary,user-facing,frontend/src/components/map/MapErrorBoundary.js (50 LOC): componentDidCatch :18-20 logger.error only; fallback :25 hardcodes bg-zinc-900 text-white,Active-reachable,components/MapPage.js:716 wraps the map subtree,"the user, on any uncaught map render error",WS-OBJ-504 (the telemetry half),WS-CAN-0020 (the telemetry half),NONE,"Read line-by-line: no truth event, no telemetry, no /weather/client-diagnostics POST on catch; GL disposal happens only implicitly via React unmounting children into MapWebGL.js:683-693",local console/logger only — a map crash never reaches the server,manual 'Reload Page' button (:32),Missing Observability
CROSS-FEATURE + SHARED-INFRASTRUCTURE DEPENDENCIES (audit sp,SUR-XF-service-worker,infrastructure,"frontend/public/service-worker.js (394 LOC): fetch exclusions :91-104, OFFLINE_API_PATTERNS :19-23, BUILD_VERSION cache namespacing :2-8, push :224, notificationclick :275",Active-reachable (Prod-only for the stale-build symptom),navigator.serviceWorker registration,every GET the app makes,WS-OBJ-104 (build identity),WS-CAN-0039 (build identity),NONE for the weather exclusion rules,"Read the exclusion block: hostname tests open-meteo.com/rainviewer/tiles./tile./maplibre/.om + pathname includes('/marine')||includes('/weather'). /api/weather/spot-ratings matches. /api/conditions/* and /api/tides/* match NEITHER list and fall through to the terminal no-respondWith branch — correct by omission, not by rule",console logs only,offline.html fallback for navigations,Missing Test
CROSS-FEATURE + SHARED-INFRASTRUCTURE DEPENDENCIES (audit sp,SUR-XF-alerts-route-manual,user-facing,backend/routes/surf_data/alerts.py:306 check_and_trigger_alerts; surf_alert_body :22-45; reads rating/rating_level :356-357,Active-reachable (manual POST only — no scheduler registration),POST /api/alerts/check,Notification rows,NONE (satisfies the CLAUDE.md mandate but no register row claims it),NONE,backend/tests/test_surf_alert_states_the_quality.py (7 tests incl. a purity control and an AST guard),"AST probe at HEAD: 0 live 'perfect conditions' literals, calls surf_alert_body, reads both rating fields",triggered[] payload carries rating + rating_level,per-alert try/except,Complete
CROSS-FEATURE + SHARED-INFRASTRUCTURE DEPENDENCIES (audit sp,SUR-XF-explore-conditions-cache,data,"backend/routes/explore_discover/explore.py:88-118 _fetch_marine_conditions + _get_cache_key(lat,lng,days,model,spot_id)",Active-reachable,GET /api/explore/* handlers,Explore spot list,NONE,NONE,backend/tests/test_spot_hub_local_size_reference.py:309-322 pins the cache key on spot_id (two peaks in one 2-dp cell must not share a rating),"Read: returns the producer dict WHOLE — no whitelist, so rating survives to this consumer (which then does not render it)",logger.debug cache HIT/MISS,returns None on error,Complete
CROSS-FEATURE + SHARED-INFRASTRUCTURE DEPENDENCIES (audit sp,SUR-XF-surf-conditions-fourth-path,data,"backend/services/surf_conditions.py:61-95 _breaking_ft (calls resolve_surf_geometry + estimate_surf_at), :442 get_full_conditions, :473; route backend/routes/surf_spots/conditions.py:20",Active-reachable,GET /api/surf-conditions (registered at routes/surf_spots/__init__.py:31),frontend CreatePostModal.js:96 and hooks/useCreatePostActions.js:182 — post-creation conditions auto-fill,WS-OBJ-201 (height half),NONE,backend/tests/test_surf_conditions_surf_transform.py,"grep -c 'compute_surf_rating' → 0; positive control on the same file grep -c 'estimate_surf_at' → 3. Height is chain-derived, quality is absent",none,returns partial dict on upstream failure,Complete
CROSS-FEATURE + SHARED-INFRASTRUCTURE DEPENDENCIES (audit sp,SUR-XF-engine-brain-dead-scoring,processing,"frontend/src/engine-brain/{wave-scoring-engine,surf-break-model,wave-propagation-model,crowd-prediction-model,wave-height-ramp,turbulence-model}.js; frontend/src/engine/{sessions/surf-intelligence,queries/spot-hub-query,surf-intelligence-fusion,render-pipeline,layer-plugins/marine-layers,workers/forecast-decode-worker,data/model-normalizers}.js",Legacy-unreachable,"NONE — zero import edges into any of these; no barrel re-exports in engine/ or engine-brain/; App.js dynamic imports reach only route components; new Worker( exists at exactly 2 sites, neither is forecast-decode-worker.js",none,NONE,NONE,only frontend/src/tests/gis-engine.test.js:99 (projection-utils),Import-edge grep per module (table in the evidence file); positive control with the identical grep on useSimulationField → MapWebGL.js:42 (live). Registers mention engine-brain / surf-intelligence / wave-scoring ZERO times; positive control WebGLMarineEngine → 2 hits,n/a,n/a,Missing Owner
CROSS-FEATURE + SHARED-INFRASTRUCTURE DEPENDENCIES (audit sp,SUR-XF-grid-worker,infrastructure,"frontend/src/components/map/useGridWorker.js:25 new Worker(, :42 onerror, :68 re-create",Active-reachable,marine grid decode path from the map,WebGLMarineLayer / marineGridSeries,WS-OBJ-003 / WS-OBJ-301,WS-CAN-0008,reply-ordering test specified (R11-14.3) and still unconfirmed per WS-CAN-0008,grep 'new Worker(' across frontend/src returns exactly 2 sites: this one and hooks/useSessionTracker.js:22 (gpsWorker) — no worker is shared with non-weather code,onerror handler,worker re-created on next use,Complete
CROSS-FEATURE + SHARED-INFRASTRUCTURE DEPENDENCIES (audit sp,SUR-XF-route-transition-gl,state-lifecycle,"frontend/src/App.js:28 React.lazy(MapPage), :153 /map route; components/map/MapWebGL.js:683-693 cleanup → shutdownEngine() + disposeAnimationCoordinator(); engine/engine-bootstrap.js:98-107",Active-reachable,react-router navigation away from /map,"GPU contexts, RAF loops, dispatcher, health monitor",WS-OBJ-301,"WS-CAN-0022 (the one known leak: WeatherTelemetry.js:397-399 module-import RAF, no cancelAnimationFrame)",NONE asserts route-change disposal (grep of *.test.js for shutdownEngine/unmount returns lifecycle tests for other seams),"Read the cleanup: shutdownEngine → stopHealthMonitor, stopDispatcher, stopSimulation, stopPluginRenderLoop, destroyGPU. Effect deps are [mapInstance, userTier], so a tier change also triggers a full teardown/re-init",console.log on clean unmount,re-init on next mount,Missing Test
CROSS-FEATURE + SHARED-INFRASTRUCTURE DEPENDENCIES (audit sp,SUR-XF-theme-context,shared,"frontend/src/contexts/ThemeContext.js; consumed inside components/map by MapWebGL.js, MapWeatherControls.js, MapForecastOverlay.js, FeaturedPhotographersPanel.js, RequestProModal.js",Active-reachable,useTheme() from the provider mounted in App.js,"map controls, legends, overlays",NONE (CLAUDE.md THREE THEMES mandate is binding but has no register row),NONE,NONE weather-specific,grep -rln useTheme in components/map → 5 files; grep -rl 'return (' (upper bound on rendering modules) → 76. WS-CAN-0061's closure note already records theme-dependence of an om:// defect ('a capture in theme:light showed the bug ABSENT'),none,n/a,Missing Objective
CROSS-FEATURE + SHARED-INFRASTRUCTURE DEPENDENCIES (audit sp,SUR-XF-auth-context,shared,frontend/src/contexts/AuthContext.js; the only direct map importer is components/map/RequestProModal.js:32; otherwise reaches weather as the userTier prop,Active-reachable,AuthProvider in App.js,see SUR-XF-tier-gates-forecast,NONE,WS-CAN-0022 (partial),frontend/src/contexts/AuthContext.test.js — no weather case,grep of contexts/ imports inside components/map returns exactly two providers: ThemeContext (5) and AuthContext (1). PersonaContext and PricingContext have zero direct map edges,none,401 path in apiClient clears session and redirects,Complete
CROSS-FEATURE + SHARED-INFRASTRUCTURE DEPENDENCIES (audit sp,SUR-XF-weather-routes-unauthenticated,data,"backend/routes/weather.py — @router.get at :56,75,106,170,462,626,638,650,706 and @router.post :715 carry no identity dependency; only :759 get_diagnostics_log has Depends(get_current_admin)",Active-reachable,/api/weather/*,the map clients and any anonymous caller,NONE,NONE,NONE asserting the auth posture,grep of '@router.' + 'Depends(' over the file; routes/surf_data/conditions.py likewise carries only Depends(get_db). So a 401 cannot originate from a weather call — weather is only a passive victim of apiClient's global 401 redirect,request_telemetry,n/a,Complete
CROSS-FEATURE + SHARED-INFRASTRUCTURE DEPENDENCIES (audit sp,SUR-XF-conditions-labels-authority,shared,"backend/services/conditions_labels.py CONDITION_LABELS + get_conditions_label; consumed by spot_conditions.py:113,371,515, surf_conditions.py, weather_sim_mcp.py, explore.py, spot_details.py",Active-reachable,import from every conditions producer,"the `label` field on /conditions/*, /explore/*, and the sim MCP",NONE,NONE,backend/scripts/surf_science_audit.py:308 checks only up to Chest High; backend/tests/test_weather_sim_mcp.py:58 checks only Flat/Ankle High,"Its own docstring censuses 4 Python call sites and names ONE JS colour map (SpotHubConditionsTab.js). git grep -n 'Ankle High' finds FOUR JS colour maps (ExploreSpotCard.js:19, SpotConditions.js:52, SpotHub.js:45, SpotHubConditionsTab.js:12) plus the un-named JS ladder at SpotConditions.js:701",none,n/a,Missing Test
CROSS-FEATURE + SHARED-INFRASTRUCTURE DEPENDENCIES (audit sp,SUR-XF-sotd-rating-vocabulary,user-facing,"backend/routes/surf_spots/spot_of_day.py:122 rating: str = Query(FLAT|POOR|FAIR|GOOD|EPIC), :146 valid_ratings=['GOOD','GOOD_TO_EPIC','EPIC']; frontend spot-drawer/SpotDrawerHelpers.js:30 and spot-hub/SpotUIComponents.js:14 getRatingColor",Active-reachable,POST /api/spot-of-the-day/trigger (photographer-entered),Spot-of-the-Day banner in the drawer and hub,n/a — not a forecast surface,n/a,NONE,"Both call sites read only spotOfTheDay.rating (SpotDrawerHelpers.js:43, SpotUIComponents.js:27) — no forecast value is routed into the uppercase switch. Forecast vocabulary is very_poor..epic (surf_rating.py:34 ≡ components/map/surfRating.js:11, correctly mirrored)",none,switch default falls through to a neutral gradient,Complete
CROSS-FEATURE + SHARED-INFRASTRUCTURE DEPENDENCIES (audit sp,SUR-XF-i18n,shared,"frontend/src/i18n.js, hooks/useLocale.js, public/locales/{en,es,pt}",Active-reachable (infrastructure) / effectively unused,i18n init in bootstrap,nothing weather-side,n/a,n/a,n/a,"useTranslation appears in exactly 2 files across all of frontend/src, both of which ARE the infrastructure. components/map uses it 0 times — but so does the rest of the app, so this is not a weather gap",n/a,n/a,Complete
CROSS-FEATURE + SHARED-INFRASTRUCTURE DEPENDENCIES (audit sp,SUR-XF-global-css,rendering,"frontend/src/index.css, App.css, styles/map-status.css, styles/wraparound.css",Active-reachable,imported in index.js / App.js,the map canvas and controls,n/a,n/a,n/a,"grep -n 'canvas|maplibre|mapboxgl' index.css App.css → 0 matches: no global rule targets the map canvas. styles/ holds exactly two files, both weather-owned",n/a,n/a,Complete
CROSS-FEATURE + SHARED-INFRASTRUCTURE DEPENDENCIES (audit sp,SUR-XF-shared-caches,data,frontend/src/utils/tileCache.js (0 importers); components/map/radarTileRecolor.js:307 _tileCache; engine/tile-streaming-system.js:25 _tileCache (dead path),Active-reachable (radar only) / Dead (the other two),radarTileRecolor recolour pipeline,radar layer,n/a,n/a,n/a,grep 'tileCache' outside utils/tileCache.js returns only the two private module-level Maps; the shared util has zero importers. No cache object crosses the weather boundary,n/a,LRU eviction at TILE_CACHE_MAX,Complete
