Source ID,Title,Source Type,Location,Path,Bytes,SHA256,Git Commit Introduced,Date Introduced,Git Commit Last Touched,Date Last Touched
S-0001,A2-09_redteam_coordinate_arm.py,Analysis/Finding,repo,audit/weather-simulation-11.0/A2-09_redteam_coordinate_arm.py,3990,9e0a52ea51335cc87f3a4c235ee18a602486012a6629b2b9ce42221c6690a774,90e9782c,2026-08-09,90e9782c,2026-08-09
S-0002,A2-09_redteam_same_coord_control.py,Analysis/Finding,repo,audit/weather-simulation-11.0/A2-09_redteam_same_coord_control.py,5756,db49531a8184c255d53ab0bc389f47afa4d686897b2b7cecdcbd9e97f4b1c5aa,90e9782c,2026-08-09,90e9782c,2026-08-09
S-0003,ARCHITECTURE_AUTHORITY_MAP.md,Analysis/Finding,repo,audit/weather-simulation-11.0/ARCHITECTURE_AUTHORITY_MAP.md,78883,28a148eafeb0bc4a985cbbaeabc9964f88b823e3841cde1e11e3a7a805135337,90e9782c,2026-08-09,90e9782c,2026-08-09
S-0004,CHAT_AND_HANDOFF_LEDGER.md,Ledger/Matrix,repo,audit/weather-simulation-11.0/CHAT_AND_HANDOFF_LEDGER.md,29073,e85cbe01a5c04698df5ee4f1d10e867efa19fc0ce34c7dca01396b0ce4df5d14,90e9782c,2026-08-09,90e9782c,2026-08-09
S-0005,COMMIT_REVIEW_LEDGER.csv,Ledger/Matrix,repo,audit/weather-simulation-11.0/COMMIT_REVIEW_LEDGER.csv,93656,d7e9276822247840f048e2bf18cdf44992c96346d54e2dd46f130a63168da418,90e9782c,2026-08-09,90e9782c,2026-08-09
S-0006,D01-jest.config.js,Analysis/Finding,repo,audit/weather-simulation-11.0/D01-jest.config.js,644,8f75c086b8013e6f8b22c90a70d8ce16b910b355fb72a04f3d501586b03c8de8,90e9782c,2026-08-09,90e9782c,2026-08-09
S-0007,D01-reentry.test.js,Analysis/Finding,repo,audit/weather-simulation-11.0/D01-reentry.test.js,4639,4a11900b4b598c9006392a3e7a51c894bb4df57d5de8a039234e5ef0c4ea06bc,90e9782c,2026-08-09,90e9782c,2026-08-09
S-0008,EXECUTIVE_RECOVERY_BRIEF_11.0.md,Executive Brief,repo,audit/weather-simulation-11.0/EXECUTIVE_RECOVERY_BRIEF_11.0.md,8383,e3cbebf61d8483f4ad064d240adbdcd65f102e52eaa5e32708987bc40b3fbade,90e9782c,2026-08-09,8f1fcf41,2026-08-09
S-0009,FIRST_IMPLEMENTATION_PACKET.md,Implementation Packet,repo,audit/weather-simulation-11.0/FIRST_IMPLEMENTATION_PACKET.md,8980,e84877b6f60251d7cc1694be0e3d8eccadfa9b729e41ba4fde97c3ea56a04626,90e9782c,2026-08-09,8f1fcf41,2026-08-09
S-0010,G-E1-04-period-sensitivity.py,Analysis/Finding,repo,audit/weather-simulation-11.0/G-E1-04-period-sensitivity.py,2986,e0c9af346e3d923f95c1e8e7b20ea0d3428942bab0ba30221cde770ff3d1d6f6,90e9782c,2026-08-09,90e9782c,2026-08-09
S-0011,MASTER_WEATHER_SIMULATION_REPORT_11.0.md,Completed Audit Report,repo,audit/weather-simulation-11.0/MASTER_WEATHER_SIMULATION_REPORT_11.0.md,68966,c264ceb265b6823c5fa93d8e8a258bd89143cc5e330fb0fc334cad6e03796fc3,90e9782c,2026-08-09,8f1fcf41,2026-08-09
S-0012,OPEN_QUESTIONS_AND_BLOCKERS.md,Analysis/Finding,repo,audit/weather-simulation-11.0/OPEN_QUESTIONS_AND_BLOCKERS.md,7501,c60a0bdce8fc494f5ebf0924f5cfc12041e54cd012abe8f2cc77ad0449287263,90e9782c,2026-08-09,90e9782c,2026-08-09
S-0013,ROOT_CAUSE_GRAPH.md,Analysis/Finding,repo,audit/weather-simulation-11.0/ROOT_CAUSE_GRAPH.md,7515,11a803ae206ff849ad85d9102105c99d8d55df9eaa9df0312d72d664c59d3775,90e9782c,2026-08-09,90e9782c,2026-08-09
S-0014,SOFTWARE_JACOBIAN_MATRIX.csv,Ledger/Matrix,repo,audit/weather-simulation-11.0/SOFTWARE_JACOBIAN_MATRIX.csv,6314,3f6d8beee9f06919ee51abe25d54be6e92d300dc63721f78318a533990026808,90e9782c,2026-08-09,90e9782c,2026-08-09
S-0015,SOURCE_AND_HISTORY_LEDGER.md,Ledger/Matrix,repo,audit/weather-simulation-11.0/SOURCE_AND_HISTORY_LEDGER.md,6537,7d6aa58391b1d40701f1ffe45022d4ac67b2ce9776f34025563a292de13234f3,90e9782c,2026-08-09,90e9782c,2026-08-09
S-0016,SYSTEM_CAPACITY_PROFILE.md,Analysis/Finding,repo,audit/weather-simulation-11.0/SYSTEM_CAPACITY_PROFILE.md,7614,daadcd0c4e0b6447dfeacb9b23c3f6fd51d623245e10ff3c71c56c7ec21ec3db,90e9782c,2026-08-09,90e9782c,2026-08-09
S-0017,UPGRADE_STATUS_MATRIX.md,Ledger/Matrix,repo,audit/weather-simulation-11.0/UPGRADE_STATUS_MATRIX.md,64329,25223252f5e39998e65b8a5fa02b9dcfda73ec69d0c8e1b00df334ab0b4650a6,90e9782c,2026-08-09,90e9782c,2026-08-09
S-0018,WEATHER_SIM_TEST_LADDER_RESULTS.csv,Ledger/Matrix,repo,audit/weather-simulation-11.0/WEATHER_SIM_TEST_LADDER_RESULTS.csv,9215,255e4a8542df2f38bbc208316e051c5275f62cf6f8412ec722a6e7079d6905ed,90e9782c,2026-08-09,90e9782c,2026-08-09
S-0019,artifact-manifest.csv,Evidence Manifest,repo,audit/weather-simulation-11.0/evidence/artifact-manifest.csv,12940,1512ffaebee826a02329df5835f171292ec3bc1b75ff2f39b779fd32ebb26958,90e9782c,2026-08-09,90e9782c,2026-08-09
S-0020,F1-redteam-backend-lint-continue-on-error.md,Evidence Pack,repo,audit/weather-simulation-11.0/evidence/F1-redteam-backend-lint-continue-on-error.md,10988,035f681b3b8e60c80209555c1909f7dc17709e19da6d3660d36c560d9399e59f,8f1fcf41,2026-08-09,8f1fcf41,2026-08-09
S-0021,F4-budget-parse-repro.txt,Evidence Pack,repo,audit/weather-simulation-11.0/evidence/F4-budget-parse-repro.txt,800,66a5d782736504c0b8303831f8c77c8b580892f72fa4db0f99507902edb4aa1c,8f1fcf41,2026-08-09,8f1fcf41,2026-08-09
S-0022,S3-01-repro-blind-arm.py,Evidence Pack,repo,audit/weather-simulation-11.0/evidence/S3-01-repro-blind-arm.py,711,daa81626fa94490ba31706bb8d95a8ef47c84226e84aa1f5e4df4268b32b9d34,8f1fcf41,2026-08-09,8f1fcf41,2026-08-09
S-0023,S3-01-repro-degraded-arm.py,Evidence Pack,repo,audit/weather-simulation-11.0/evidence/S3-01-repro-degraded-arm.py,1305,41beae583f2fca4ed947bfbe9ce665536658f52583383b077fc3668310502712,8f1fcf41,2026-08-09,8f1fcf41,2026-08-09
S-0024,A2-history-leads.md,Evidence Pack,repo,audit/weather-simulation-11.0/evidence/baseline-comparisons/A2-history-leads.md,28017,34171ab36fed75ed325ec003632e964ae7d577ff6a42459579cd06d8988ce5d3,90e9782c,2026-08-09,90e9782c,2026-08-09
S-0025,A1-contradiction-ledger.md,Evidence Pack,repo,audit/weather-simulation-11.0/evidence/console/A1-contradiction-ledger.md,29178,76ca2a5703158fde200cc9a7a16f96a06939b0fd82cefa186b76b73540ee1337,90e9782c,2026-08-09,90e9782c,2026-08-09
S-0026,F2-lighthouse-warn-refutation.md,Evidence Pack,repo,audit/weather-simulation-11.0/evidence/console/F2-lighthouse-warn-refutation.md,7540,92864a5be89a85471454e24ee69bcaa0c0b8f62f936a6a7edf73409f0980122c,8f1fcf41,2026-08-09,8f1fcf41,2026-08-09
S-0027,L1-memory-estate-audit.md,Evidence Pack,repo,audit/weather-simulation-11.0/evidence/console/L1-memory-estate-audit.md,26810,79198c2c9fb1321a40cb311014ed6599d9ae7e2862ee143ee50637bb90701b2b,e32342a7,2026-08-10,e32342a7,2026-08-10
S-0028,L2-transcript-lessons.md,Evidence Pack,repo,audit/weather-simulation-11.0/evidence/console/L2-transcript-lessons.md,32538,5b3ca6e54ae9c8670ad7e7b8f9db1b9ab45e86a08073836363fd8c008efe75c5,e32342a7,2026-08-10,e32342a7,2026-08-10
S-0029,L3-defect-class-synthesis.md,Evidence Pack,repo,audit/weather-simulation-11.0/evidence/console/L3-defect-class-synthesis.md,38009,4b00b5d217e6abb6341cdbd24af088a01c0586f9d0239e05101029b1b39e6fab,e32342a7,2026-08-10,e32342a7,2026-08-10
S-0030,L4-method-lessons.md,Evidence Pack,repo,audit/weather-simulation-11.0/evidence/console/L4-method-lessons.md,19761,c3920afb5b9c8d0cc6c34cce356f2596d8b8ca150b3c1fbd5312050075c6ce42,e32342a7,2026-08-10,e32342a7,2026-08-10
S-0031,LIVE-RUNTIME-EVIDENCE-PACK.md,Evidence Pack,repo,audit/weather-simulation-11.0/evidence/console/LIVE-RUNTIME-EVIDENCE-PACK.md,21125,f74d553ded1d46b16e428abda6dabdf3138752b0f5d622bc3b1f57558bc8f3d0,90e9782c,2026-08-09,90e9782c,2026-08-09
S-0032,S1-workflow-green-audit.md,Evidence Pack,repo,audit/weather-simulation-11.0/evidence/console/S1-workflow-green-audit.md,31163,bcac91f293b70a0aaef47a0aa4fdda858832f5a2a0cef9d45ac82c4bce34bc15,8f1fcf41,2026-08-09,8f1fcf41,2026-08-09
S-0033,S2-refusal-and-vacuity-audit.md,Evidence Pack,repo,audit/weather-simulation-11.0/evidence/console/S2-refusal-and-vacuity-audit.md,17580,02a6d6afcfbc6ca33bee5527ba70503cd88f485d037c72e40f0209bd08e8ca5b,8f1fcf41,2026-08-09,8f1fcf41,2026-08-09
S-0034,S3-diag-globals-scan.txt,Evidence Pack,repo,audit/weather-simulation-11.0/evidence/console/S3-diag-globals-scan.txt,14174,0aeaca95ca2379b8e9200bc741ea7c2fd7735918447a2175ab4d61102f27b37d,8f1fcf41,2026-08-09,8f1fcf41,2026-08-09
S-0035,S3-silent-failsafe-audit.md,Evidence Pack,repo,audit/weather-simulation-11.0/evidence/console/S3-silent-failsafe-audit.md,30378,e37846eab8c8866e237881d3a9d25b8e6b8213289abd5a74216949f64f3119c1,8f1fcf41,2026-08-09,8f1fcf41,2026-08-09
S-0036,S4-guard-census-audit.md,Evidence Pack,repo,audit/weather-simulation-11.0/evidence/console/S4-guard-census-audit.md,27602,0d9784a5acbff7c977cdfa16fdafbcedc19f26687bfcc645b9429a9b4c8e5db0,8f1fcf41,2026-08-09,8f1fcf41,2026-08-09
S-0037,V3-observability-reverify.md,Evidence Pack,repo,audit/weather-simulation-11.0/evidence/console/V3-observability-reverify.md,21795,13fc6cd8f57331eeb2b3381feda82498035eb5e92b9cfdd80f52a38cf4825313,19889a25,2026-08-09,19889a25,2026-08-09
S-0038,V4-ci-and-docs-reverify.md,Evidence Pack,repo,audit/weather-simulation-11.0/evidence/console/V4-ci-and-docs-reverify.md,23106,a46939f97bb201b9fd96a80c1ccc7cff62989cac5eeb3de81bd85dadfd1aa70a,19889a25,2026-08-09,19889a25,2026-08-09
S-0039,V5-before-forecastDiagnostics.js,Evidence Pack,repo,audit/weather-simulation-11.0/evidence/console/V5-before-forecastDiagnostics.js,11733,1230f07330424533aad75654a4356de34de6d0ae2817c9f718d1306827777bfe,4deec96b,2026-05-30,19889a25,2026-08-09
S-0040,V5-disclosure-jacobian.test.js,Evidence Pack,repo,audit/weather-simulation-11.0/evidence/console/V5-disclosure-jacobian.test.js,4295,0ff862b6c23a15e9ab0a684a67a7a145b88af6e192f69463c40c67a97f8a9e58,19889a25,2026-08-09,19889a25,2026-08-09
S-0041,V5-jest.config.js,Evidence Pack,repo,audit/weather-simulation-11.0/evidence/console/V5-jest.config.js,603,fdd70dc01ea8e2067c8cfa931bdd9c3fa1d70e75a7adfad15dd4502d5241b2c8,90e9782c,2026-08-09,19889a25,2026-08-09
S-0042,V5-loose-ends.md,Evidence Pack,repo,audit/weather-simulation-11.0/evidence/console/V5-loose-ends.md,24064,6c2eb9cd41e19874846274dae2018a2134efb03fff5ccc1a2e25f9fa8a89c822,19889a25,2026-08-09,19889a25,2026-08-09
S-0043,V6-handoff-factpack.md,Evidence Pack,repo,audit/weather-simulation-11.0/evidence/console/V6-handoff-factpack.md,36348,700b377698a91ac4767647403c33e8b93f5922a51adf3f034e6fc82dbbb78983,19889a25,2026-08-09,19889a25,2026-08-09
S-0044,B2-backend-pipeline-map.md,Evidence Pack,repo,audit/weather-simulation-11.0/evidence/network/B2-backend-pipeline-map.md,67765,5dd79c30ac5dde277503a72ceea62392cbe686be899d0ef5f27592805c22fec3,90e9782c,2026-08-09,90e9782c,2026-08-09
S-0045,F2-state-of-the-art-2026.md,Evidence Pack,repo,audit/weather-simulation-11.0/evidence/react-scan/F2-state-of-the-art-2026.md,71552,261af063eeb4db428c1350c31590de2d64cd04c715070ca8bc5a9040e3f11a07,90e9782c,2026-08-09,90e9782c,2026-08-09
S-0046,E1-science-correctness.md,Evidence Pack,repo,audit/weather-simulation-11.0/evidence/synthetic-probes/E1-science-correctness.md,47644,87a94e43da2cb9d9c21d699b549b06982392d6b57c5be3296d60406c381baceb,90e9782c,2026-08-09,90e9782c,2026-08-09
S-0047,probe_E1_band_vs_point.py,Evidence Pack,repo,audit/weather-simulation-11.0/evidence/synthetic-probes/probe_E1_band_vs_point.py,6147,9d503cfaa11a05e1befdb672164a7c6a3d244d886804570e8938db1a2121c5ac,90e9782c,2026-08-09,90e9782c,2026-08-09
S-0048,probe_E1_capseam_jacobian.py,Evidence Pack,repo,audit/weather-simulation-11.0/evidence/synthetic-probes/probe_E1_capseam_jacobian.py,4865,5c84d321027b3d4553fd86b373541d8fa0effd7c9fe3db094de17db8fdee5e46,90e9782c,2026-08-09,90e9782c,2026-08-09
S-0049,probe_E1_conventions.py,Evidence Pack,repo,audit/weather-simulation-11.0/evidence/synthetic-probes/probe_E1_conventions.py,7116,2c2ae04364d82f014abc6c2baa65a33152f2a82db111621677093984e9f4b527,90e9782c,2026-08-09,90e9782c,2026-08-09
S-0050,probe_E1_sweep.py,Evidence Pack,repo,audit/weather-simulation-11.0/evidence/synthetic-probes/probe_E1_sweep.py,8466,6ec9c42e22623dc5040b3fdb28532db115a3f98f9dc8f5aa00b37a9bcf2f87f6,90e9782c,2026-08-09,90e9782c,2026-08-09
S-0051,probe_V1_jbay.py,Evidence Pack,repo,audit/weather-simulation-11.0/evidence/synthetic-probes/probe_V1_jbay.py,828,f23bccaa964e227211fd61654585b8408196fabeceee4cea53a832694c954a98,19889a25,2026-08-09,19889a25,2026-08-09
S-0052,probe_V1_measure.py,Evidence Pack,repo,audit/weather-simulation-11.0/evidence/synthetic-probes/probe_V1_measure.py,4544,e58a015b24f8a3e20ab33c8d1a018a6b71cdd0a256e2bd276bbb49c174af78b0,19889a25,2026-08-09,19889a25,2026-08-09
S-0053,probe_V1_mutations.py,Evidence Pack,repo,audit/weather-simulation-11.0/evidence/synthetic-probes/probe_V1_mutations.py,7403,6cf2de478d815173b4554fd42a3f99d774bf3d6b5edec511b039194887a98601,19889a25,2026-08-09,19889a25,2026-08-09
S-0054,probe_V1_prose_only.py,Evidence Pack,repo,audit/weather-simulation-11.0/evidence/synthetic-probes/probe_V1_prose_only.py,3411,16bf7a3ade3b1acd855ed567ab5d4dfcb96d18ac9754457cd77231042337a6d2,19889a25,2026-08-09,19889a25,2026-08-09
S-0055,probe_V1_scoping.py,Evidence Pack,repo,audit/weather-simulation-11.0/evidence/synthetic-probes/probe_V1_scoping.py,3201,b2dc4c39a77a2ab1d905fec520256240a28d2c0e81aef4541ddea0f899df8285,19889a25,2026-08-09,19889a25,2026-08-09
S-0056,probe_V1_settrace.py,Evidence Pack,repo,audit/weather-simulation-11.0/evidence/synthetic-probes/probe_V1_settrace.py,1762,00a6b17dd15456bbce7c0bee2d8695fba3775df5ed6ec6f74b055ebade0b3a9b,19889a25,2026-08-09,19889a25,2026-08-09
S-0057,probe_V6_disclosure_matrix.js,Evidence Pack,repo,audit/weather-simulation-11.0/evidence/synthetic-probes/probe_V6_disclosure_matrix.js,2931,71c3812674affc9a0821c6128abc530d7628906e6e01519ff3e0661a82d9974e,19889a25,2026-08-09,19889a25,2026-08-09
S-0058,redteamG_E1_ceiling_and_alternative.py,Evidence Pack,repo,audit/weather-simulation-11.0/evidence/synthetic-probes/redteamG_E1_ceiling_and_alternative.py,6238,1cef8ef6ed1e0d1c2dbc3a4c924f5a60d21c6dd202a2e91d71843474cef93828,90e9782c,2026-08-09,90e9782c,2026-08-09
S-0059,redteamG_E1_denominator.py,Evidence Pack,repo,audit/weather-simulation-11.0/evidence/synthetic-probes/redteamG_E1_denominator.py,7804,d6b82478bfbb0cfd765c2cf7a51045a222e40a558f587c080bdf3b56140af004,90e9782c,2026-08-09,90e9782c,2026-08-09
S-0060,redteam_G_E1_03_control.py,Evidence Pack,repo,audit/weather-simulation-11.0/evidence/synthetic-probes/redteam_G_E1_03_control.py,6544,6d8ac98bdaf7af124645f902184d9ee58c226c25835246866e676d68813bdb12,90e9782c,2026-08-09,90e9782c,2026-08-09
S-0061,redteam_G_F07_probe.py,Evidence Pack,repo,audit/weather-simulation-11.0/evidence/synthetic-probes/redteam_G_F07_probe.py,2908,cba1773b25f3700979f8dfe4c59e41390ef9b856ec5362e190e5a4bf9837f00c,90e9782c,2026-08-09,90e9782c,2026-08-09
S-0062,V1-parity-reverify.md,Evidence Pack,repo,audit/weather-simulation-11.0/evidence/synthetic-probes/V1-parity-reverify.md,16774,0862da85d154bb1d642391506778df2fec63e6c73608100a1f0468645c618bfc,19889a25,2026-08-09,19889a25,2026-08-09
S-0063,zoom-fade-repro-probe.js,Evidence Pack,repo,audit/weather-simulation-11.0/evidence/synthetic-probes/zoom-fade-repro-probe.js,3840,f123f63e749a7fb342892d731d04c7df53dbcb55c3a3b6d24731848a7b682cea,90e9782c,2026-08-09,90e9782c,2026-08-09
S-0064,D1-render-and-react-forensics.md,Evidence Pack,repo,audit/weather-simulation-11.0/evidence/webgl/D1-render-and-react-forensics.md,41258,5adce9375316796317c0e23cf81a87d2cbabab7b09102e18d02881d8e43f4784,90e9782c,2026-08-09,90e9782c,2026-08-09
S-0065,gl-lane-probe.js,Evidence Pack,repo,audit/weather-simulation-11.0/evidence/webgl/gl-lane-probe.js,3920,6d33827965a790cdda8cf2d642d5a3f4741b6dae0d0cb1f56fb5928e961de9c2,edf91af9,2026-08-09,edf91af9,2026-08-09
S-0066,V2-render-reverify.md,Evidence Pack,repo,audit/weather-simulation-11.0/evidence/webgl/V2-render-reverify.md,16908,b24d9ccfd4ad00ff177b56371d993c0a6251774ace2fb22b0396dafeddbc5fe4,19889a25,2026-08-09,19889a25,2026-08-09
S-0067,d03-scrub-flag-leak.test.js,Analysis/Finding,repo,audit/weather-simulation-11.0/repro/d03-scrub-flag-leak.test.js,5924,6495ff6235e5361ec5a62e1c1ad79a3b291484b2f084cb285998ce094a71df57,90e9782c,2026-08-09,90e9782c,2026-08-09
S-0068,g_a2_02_altcause.py,Analysis/Finding,repo,audit/weather-simulation-11.0/scratch/g_a2_02_altcause.py,2188,c098c824478d49cbaeb3a01f2d0981e9dce38b45ecc9bc0eeb4a20719504b115,,,,
S-0069,g_a2_02_landbit_probe.py,Analysis/Finding,repo,audit/weather-simulation-11.0/scratch/g_a2_02_landbit_probe.py,2447,874efbf01f5b9d6795d8af62b358f8ad5843210012b79c719a441159d4fd92b7,,,,
S-0070,G_redteam_B2-01_e1.py,Analysis/Finding,repo,audit/weather-simulation-11.0/scratch/G_redteam_B2-01_e1.py,2454,ddfa5a6a0159776fc22a76d7bae4a64f9cd54ba384ce092c9407b85ecbf473fe,,,,
S-0071,G_redteam_B2-01_isolate.py,Analysis/Finding,repo,audit/weather-simulation-11.0/scratch/G_redteam_B2-01_isolate.py,4838,d1700b4e675d6f33b30ade6f5b89020e7ed0e2c7f3f9ce6e5c822b297ac0344f,,,,
S-0072,G_redteam_B2-01_reach.py,Analysis/Finding,repo,audit/weather-simulation-11.0/scratch/G_redteam_B2-01_reach.py,6472,167c7b66c4ffdd92fa6ddd460841fe87c2213e9e5f097ab5bd9c19cfb889e1cf,,,,
S-0073,G_redteam_B2-01_repro.py,Analysis/Finding,repo,audit/weather-simulation-11.0/scratch/G_redteam_B2-01_repro.py,5946,b3b9e535ecfd4e8ecec85bd66717c42ad8110d11c29b0cd489131543c5169c9a,,,,
S-0074,agentG_A2-03_measure.test.js,Analysis/Finding,repo,audit/weather-simulation-11.0/src/agentG_A2-03_measure.test.js,2248,3ff9346987dc6d3451af778f71a5cf49a1c23503acef98b8554b7c2f325653a6,90e9782c,2026-08-09,90e9782c,2026-08-09
S-0075,ARCHITECTURE_CONVERGENCE_LEDGER.md,Ledger/Matrix,repo,audit/weather-simulation-11.1/ARCHITECTURE_CONVERGENCE_LEDGER.md,9080,8acb3d9758f361a96eb55beac4bcccbcee22540fc8d1db7acf42865ab90302f4,79abe4ed,2026-08-10,79abe4ed,2026-08-10
S-0076,BEFORE_AFTER_EVIDENCE_MATRIX.md,Ledger/Matrix,repo,audit/weather-simulation-11.1/BEFORE_AFTER_EVIDENCE_MATRIX.md,7864,4d7d5136a71b8c7b8b8bef2413079df481559ab71bbb7c86bbb42f2abbe92391,79abe4ed,2026-08-10,79abe4ed,2026-08-10
S-0077,CHAT_HANDOFF_DELTA_LEDGER.md,Ledger/Matrix,repo,audit/weather-simulation-11.1/CHAT_HANDOFF_DELTA_LEDGER.md,7566,5cde3d02acfee34ebcfd9a39e715d5fcc302c396aba16a8aa4f2ababd79cf5ff,79abe4ed,2026-08-10,79abe4ed,2026-08-10
S-0078,COMMIT_DELTA_LEDGER.csv,Ledger/Matrix,repo,audit/weather-simulation-11.1/COMMIT_DELTA_LEDGER.csv,20750,792bd429831163d1121fbe02de31a99e89d073adb2bae65bfb2f8cd683769e94,79abe4ed,2026-08-10,79abe4ed,2026-08-10
S-0079,COURSE_CORRECTION_DECISIONS.md,Analysis/Finding,repo,audit/weather-simulation-11.1/COURSE_CORRECTION_DECISIONS.md,8138,18e3067f947720b791fc8d51baa7e233125ba945a56bf52ca7d47ec5d50f5fa3,79abe4ed,2026-08-10,79abe4ed,2026-08-10
S-0080,EXECUTIVE_TRAJECTORY_BRIEF.md,Executive Brief,repo,audit/weather-simulation-11.1/EXECUTIVE_TRAJECTORY_BRIEF.md,7432,e4912e3405beb9a614b58857ccb021f19e52e75c2558aad74227763d64fe5109,79abe4ed,2026-08-10,79abe4ed,2026-08-10
S-0081,INVARIANT_DRIFT_MATRIX.csv,Ledger/Matrix,repo,audit/weather-simulation-11.1/INVARIANT_DRIFT_MATRIX.csv,7175,0d710f4c8b0a916ae8725e01cd3cfe48c438176b23f1cfdf01190f3f165a8088,79abe4ed,2026-08-10,79abe4ed,2026-08-10
S-0082,MISSION_1_EXECUTION_RECORD.md,Implementation Packet,repo,audit/weather-simulation-11.1/MISSION_1_EXECUTION_RECORD.md,10744,e467e46fd5f97e8a4e0fc5b3c9b8c67257cc72ac12088beb1202210e2632b7c9,79abe4ed,2026-08-10,79abe4ed,2026-08-10
S-0083,MISSION_2_EXECUTION_RECORD.md,Implementation Packet,repo,audit/weather-simulation-11.1/MISSION_2_EXECUTION_RECORD.md,11863,fcd772765ace92e5b12f3bc80597d59c86f930eae8895eec01670f57b6a0af79,79abe4ed,2026-08-10,6f9295a0,2026-08-10
S-0084,MISSION_2_REFUTATION_AND_CORRECTED_PACKET.md,Implementation Packet,repo,audit/weather-simulation-11.1/MISSION_2_REFUTATION_AND_CORRECTED_PACKET.md,9487,d0aae23eec3e81f5b558c999ecdc806eaaa44aa1d0f0b4e0ecf568214d36dc67,79abe4ed,2026-08-10,79abe4ed,2026-08-10
S-0085,NEXT_IMPLEMENTATION_PACKET.md,Implementation Packet,repo,audit/weather-simulation-11.1/NEXT_IMPLEMENTATION_PACKET.md,10348,29e7cff1163bd8379bf1cfc84148eff933264918360a562d6d7b9130a20f2460,79abe4ed,2026-08-10,79abe4ed,2026-08-10
S-0086,OPEN_EVIDENCE_GAPS.md,Analysis/Finding,repo,audit/weather-simulation-11.1/OPEN_EVIDENCE_GAPS.md,12189,1cd57070b39b4439c5ae1babd091a8cb65775c0e9dcfa1f9e198a22d9165a89c,79abe4ed,2026-08-10,c2e83b07,2026-08-10
S-0087,REPORT_11_RECOMMENDATION_LEDGER.csv,Ledger/Matrix,repo,audit/weather-simulation-11.1/REPORT_11_RECOMMENDATION_LEDGER.csv,11955,fe8a184fa6f07dfe0dc0d508cdad1016bcd2adde6927b5629c7707d6fd61681a,79abe4ed,2026-08-10,79abe4ed,2026-08-10
S-0088,SOFTWARE_JACOBIAN_DELTA.csv,Ledger/Matrix,repo,audit/weather-simulation-11.1/SOFTWARE_JACOBIAN_DELTA.csv,6982,e08ec3a23da47c208cad48ee3044166d91725fbd6b6bc4fec50313b0ea6e34b3,79abe4ed,2026-08-10,79abe4ed,2026-08-10
S-0089,SYSTEM_CAPACITY_DELTA.md,Analysis/Finding,repo,audit/weather-simulation-11.1/SYSTEM_CAPACITY_DELTA.md,10943,e1a8470cc5f3656ec162fc41227526c380def43993fd3d5e60ea1779296d2eb1,79abe4ed,2026-08-10,79abe4ed,2026-08-10
S-0090,TEST_LADDER_REGRESSION_RESULTS.csv,Ledger/Matrix,repo,audit/weather-simulation-11.1/TEST_LADDER_REGRESSION_RESULTS.csv,9605,ac1e3280eb0e2c52baa22dc7118f5052a13f98ed9dc3a567771a870f4ca5b1cf,79abe4ed,2026-08-10,79abe4ed,2026-08-10
S-0091,UPGRADE_READINESS_MATRIX.md,Ledger/Matrix,repo,audit/weather-simulation-11.1/UPGRADE_READINESS_MATRIX.md,7942,1e133749072bbfcb653ff855b35985e50ca867b0d6ec5da790377ac713fd30cd,79abe4ed,2026-08-10,79abe4ed,2026-08-10
S-0092,WEATHER_SIM_FORWARD_PROGRESS_AUDIT_11.1.md,Completed Audit Report,repo,audit/weather-simulation-11.1/WEATHER_SIM_FORWARD_PROGRESS_AUDIT_11.1.md,44011,02a59b485c17294478eceb42194b3f6d57d5f0ea3dac934d4af1c800c5fbcce7,79abe4ed,2026-08-10,79abe4ed,2026-08-10
S-0093,artifact-manifest.csv,Evidence Manifest,repo,audit/weather-simulation-11.1/evidence/artifact-manifest.csv,3128,d3459a2128ddf88c71dc99215bff47a329a83ec59c2a3cb4675dab9b1bb51dae,79abe4ed,2026-08-10,79abe4ed,2026-08-10
S-0094,README.md,Evidence Pack,repo,audit/weather-simulation-11.1/evidence/README.md,2967,b478c70de630f89366448f2f7d41204e7fa15f32e5776b9b7f99b09a508f6625,79abe4ed,2026-08-10,79abe4ed,2026-08-10
S-0095,T-TEST-01_frontend_suite.json,Evidence Pack,repo,audit/weather-simulation-11.1/evidence/console/T-TEST-01_frontend_suite.json,693768,929047709c7714e3c115f2b5a320f2b671f3d6ed74862adfa9d13334e77784d0,79abe4ed,2026-08-10,79abe4ed,2026-08-10
S-0096,T-TEST-02_backend_guard_lane.txt,Evidence Pack,repo,audit/weather-simulation-11.1/evidence/console/T-TEST-02_backend_guard_lane.txt,1424,c1dbcdf1a6c9b6f94fb6ff04e26b7315f07049819e645309b5065c88564d29b7,79abe4ed,2026-08-10,79abe4ed,2026-08-10
S-0097,M1_mutation_battery.py,Evidence Pack,repo,audit/weather-simulation-11.1/evidence/memory/M1_mutation_battery.py,6485,5f8e84b25c55274ef051ace88ee95a3aec977294ce1f2e95d75b237bf672b8ec,79abe4ed,2026-08-10,79abe4ed,2026-08-10
S-0098,M1_probe_which_instrument_sees_it.py,Evidence Pack,repo,audit/weather-simulation-11.1/evidence/memory/M1_probe_which_instrument_sees_it.py,4667,97f57c3aeff57a0b839d689a60b61ea5d7fde08847a0c0d29e478bb6e1915964,79abe4ed,2026-08-10,79abe4ed,2026-08-10
S-0099,M2c_mutation_battery.py,Evidence Pack,repo,audit/weather-simulation-11.1/evidence/memory/M2c_mutation_battery.py,4100,438e1b92e653804d17a968627bd79d9f4a49ba95ef31b8ab68844988478d1508,79abe4ed,2026-08-10,79abe4ed,2026-08-10
S-0100,M2_repeat_request_discriminator.py,Evidence Pack,repo,audit/weather-simulation-11.1/evidence/memory/M2_repeat_request_discriminator.py,4624,5dde32457d40f4dd69b558342eeaf5323b81542a9dc9294ef0c2618a88d322d6,79abe4ed,2026-08-10,79abe4ed,2026-08-10
S-0101,M2_what_would_the_bound_actually_save.py,Evidence Pack,repo,audit/weather-simulation-11.1/evidence/memory/M2_what_would_the_bound_actually_save.py,5739,8d8f10509fe4fb5c8d643f1deab7dde9f6abc5c20bf4822036440834ba36feec,79abe4ed,2026-08-10,79abe4ed,2026-08-10
S-0102,T-CAP-01_grid_series_rss_delta.py,Evidence Pack,repo,audit/weather-simulation-11.1/evidence/memory/T-CAP-01_grid_series_rss_delta.py,4033,7558e17f31010b32778d6eb73d4816f2b7346ad94f68f44fffb3c2f0dee8381f,79abe4ed,2026-08-10,79abe4ed,2026-08-10
S-0103,T-CAP-02_retention_and_compounding.py,Evidence Pack,repo,audit/weather-simulation-11.1/evidence/memory/T-CAP-02_retention_and_compounding.py,3660,d40c3b11337756a5b709278f8b2a291c6a02971e6632534cccb3989b64babf6f,79abe4ed,2026-08-10,79abe4ed,2026-08-10
S-0104,T-CAP-03_output.txt,Evidence Pack,repo,audit/weather-simulation-11.1/evidence/memory/T-CAP-03_output.txt,1655,d08e7541e2bf1fa4036e57491a97a8d2d5f31e84410c966ae8c6bcf049c0f1a2,79abe4ed,2026-08-10,79abe4ed,2026-08-10
S-0105,T-CAP-03_size_scaling_control.py,Evidence Pack,repo,audit/weather-simulation-11.1/evidence/memory/T-CAP-03_size_scaling_control.py,4583,3e715db0522b535fb87c2e96d6c435a8ac93ca9f985a99c5e99ca829ac1fb8a1,79abe4ed,2026-08-10,79abe4ed,2026-08-10
S-0106,T-CAP-04_post_deploy_verification.py,Evidence Pack,repo,audit/weather-simulation-11.1/evidence/memory/T-CAP-04_post_deploy_verification.py,5777,9faba2ff366bf23ef1beced27fdea51fc64a1340599ccba739e28e83d5ff189d,6f9295a0,2026-08-10,6f9295a0,2026-08-10
S-0107,AUTHORIZED_NEXT_PHASE_PACKET.md,Implementation Packet,repo,audit/weather-simulation-11.2/AUTHORIZED_NEXT_PHASE_PACKET.md,4331,a532ef1e7c3f34165e450952ebd66d44cb5709fa43a8855ff3b743517020009e,1b662aed,2026-08-11,1b662aed,2026-08-11
S-0108,BLIND_FINDINGS_LOCK.txt,Analysis/Finding,repo,audit/weather-simulation-11.2/BLIND_FINDINGS_LOCK.txt,433,efca80df68ff9ce619bdce8fe5409a121c61ea283b11ce730d4ff1e00e871431,1b662aed,2026-08-11,1b662aed,2026-08-11
S-0109,BLIND_FINDINGS_RECONCILIATION.md,Analysis/Finding,repo,audit/weather-simulation-11.2/BLIND_FINDINGS_RECONCILIATION.md,4971,d142b23958c675028bd813a4e2887fd78ad2c9171515211e31a0abf5ebf69720,1b662aed,2026-08-11,1b662aed,2026-08-11
S-0110,BLIND_RUNTIME_AND_ARCHITECTURE_FINDINGS.md,Analysis/Finding,repo,audit/weather-simulation-11.2/BLIND_RUNTIME_AND_ARCHITECTURE_FINDINGS.md,19135,69dcaf8dbf82058aa0a1722ae3f2a73d6f5d61a20b362c70ace9fb8ce8073715,1b662aed,2026-08-11,1b662aed,2026-08-11
S-0111,CAPACITY_CERTIFICATION.md,Analysis/Finding,repo,audit/weather-simulation-11.2/CAPACITY_CERTIFICATION.md,6138,46344b9bf04641f4e888836c7f587db22b6b37835a5e2102bb82afc52f6f7f69,1b662aed,2026-08-11,1b662aed,2026-08-11
S-0112,COMMIT_PATH_FORENSICS.md,Analysis/Finding,repo,audit/weather-simulation-11.2/COMMIT_PATH_FORENSICS.md,6274,7c9dfd2a829fa64235205beb779a67d6054d1766e40a72ed631b98d4e8447356,1b662aed,2026-08-11,1b662aed,2026-08-11
S-0113,DIFFERENTIAL_TEST_MATRIX.csv,Ledger/Matrix,repo,audit/weather-simulation-11.2/DIFFERENTIAL_TEST_MATRIX.csv,2934,4e39e2a8d1d4cb50595e2926b9d3b964b6665e775ca942b8b26b1b108f21c1c9,1b662aed,2026-08-11,1b662aed,2026-08-11
S-0114,DO_NOT_ADVANCE_ITEMS.md,Analysis/Finding,repo,audit/weather-simulation-11.2/DO_NOT_ADVANCE_ITEMS.md,8259,4105068e79e8a081acd447af2ddf8d4edbfc85cc1dc3433964224954e54a2a7c,1b662aed,2026-08-11,2559838e,2026-08-11
S-0115,EXECUTIVE_CERTIFICATION_BRIEF.md,Executive Brief,repo,audit/weather-simulation-11.2/EXECUTIVE_CERTIFICATION_BRIEF.md,4347,14ff6507d0904a7a4f60bd729efa0b7a73071a41d5c0b73e5ed19e97958df209,1b662aed,2026-08-11,1b662aed,2026-08-11
S-0116,FAILURE_RECOVERY_MATRIX.csv,Ledger/Matrix,repo,audit/weather-simulation-11.2/FAILURE_RECOVERY_MATRIX.csv,1816,7835c6b8c050c412848347caabcbc25468404c1168d58f6d1ddb71f10146ccad,1b662aed,2026-08-11,1b662aed,2026-08-11
S-0117,GATE2_PROJECTION_CERTIFICATION.md,Analysis/Finding,repo,audit/weather-simulation-11.2/GATE2_PROJECTION_CERTIFICATION.md,8170,f765c0732657123994e5a5e875a7864a4d074f12de107281b9689bb9ef721911,1b662aed,2026-08-11,1b662aed,2026-08-11
S-0118,METAMORPHIC_TEST_MATRIX.csv,Ledger/Matrix,repo,audit/weather-simulation-11.2/METAMORPHIC_TEST_MATRIX.csv,2546,be6fea2a724c3bf93c175a0f00477b3e88635813dacb40479bf308763e7567a2,1b662aed,2026-08-11,1b662aed,2026-08-11
S-0119,MISSION_1_HEIGHT_FLIP_VALIDATION.md,Implementation Packet,repo,audit/weather-simulation-11.2/MISSION_1_HEIGHT_FLIP_VALIDATION.md,6658,9510fd0c7c8c003c2184e7e40a9532a85e0a65cfe46566355cd7416f7489d767,9a252550,2026-08-10,9a252550,2026-08-10
S-0120,PRODUCTION_FALSIFICATION_AND_FORENSICS.md,Analysis/Finding,repo,audit/weather-simulation-11.2/PRODUCTION_FALSIFICATION_AND_FORENSICS.md,7331,cfe1809e12510902ae122484924e11dd4bd9c1a60bc266579bf5ea4a27c2acb0,1b662aed,2026-08-11,1b662aed,2026-08-11
S-0121,README-START-HERE.md,Analysis/Finding,repo,audit/weather-simulation-11.2/README-START-HERE.md,4625,5352277faa5e2e63a8b82e1ed506bbfbdc8e09825da203b3d095fcd1aa53377c,f5b0a9e8,2026-08-11,f5b0a9e8,2026-08-11
S-0122,RECENT_COMMIT_CERTIFICATION_LEDGER.csv,Ledger/Matrix,repo,audit/weather-simulation-11.2/RECENT_COMMIT_CERTIFICATION_LEDGER.csv,2202,89eaffd915bbf2a5ffde8602b1e7acba3efc6a58df948d5d1979074ac08a003f,1b662aed,2026-08-11,1b662aed,2026-08-11
S-0123,RELEASE_GATE_MATRIX.csv,Ledger/Matrix,repo,audit/weather-simulation-11.2/RELEASE_GATE_MATRIX.csv,5868,7e8ed97a841a460a30105fb2f84741dfd85d17191e2d2a2c43207bd64a90661e,1b662aed,2026-08-11,1b662aed,2026-08-11
S-0124,SOFTWARE_JACOBIAN_11.2_T2PRIME.csv,Ledger/Matrix,repo,audit/weather-simulation-11.2/SOFTWARE_JACOBIAN_11.2_T2PRIME.csv,3631,42a83905ed446f7954b6a18cf73fe3fd1ea007bc14564300751151b4942b1637,1b662aed,2026-08-11,1b662aed,2026-08-11
S-0125,SOFTWARE_JACOBIAN_11.2_TRUTH_LAYER.csv,Ledger/Matrix,repo,audit/weather-simulation-11.2/SOFTWARE_JACOBIAN_11.2_TRUTH_LAYER.csv,5840,bff782a59d4d7e0fc25b3ccb0cb6eefed4062a20003a93b4cd214eb0449acb98,1b662aed,2026-08-11,1b662aed,2026-08-11
S-0126,SOFTWARE_JACOBIAN_DELTA_11.2.csv,Ledger/Matrix,repo,audit/weather-simulation-11.2/SOFTWARE_JACOBIAN_DELTA_11.2.csv,4635,acb7379e650b61ca1417bd9c778d7854769b144f26db9da6b287d84f5a8796b4,6d5d6c48,2026-08-10,7eb24b0d,2026-08-11
S-0127,STALE_FRESHNESS_FINDING.md,Analysis/Finding,repo,audit/weather-simulation-11.2/STALE_FRESHNESS_FINDING.md,8725,19b0aab3864567b7733b23b3ad6831d8d92df7f8e2f7b8ddc9054bd6a0313b6e,dd996223,2026-08-11,2559838e,2026-08-11
S-0128,STATE_OF_THE_ART_PATH.md,Analysis/Finding,repo,audit/weather-simulation-11.2/STATE_OF_THE_ART_PATH.md,7422,99ef932b62f7cd84b5e2ada7e680a444d5121c7cb5ab07aa994135c43399b087,1b662aed,2026-08-11,1b662aed,2026-08-11
S-0129,T2PRIME_MECHANISM_AND_IMPLEMENTATION_SPEC.md,Analysis/Finding,repo,audit/weather-simulation-11.2/T2PRIME_MECHANISM_AND_IMPLEMENTATION_SPEC.md,3957,8de54f42d5504522018c240d8f9b9849dbee0bd8e676ed5e7ef0b985ac7c33fe,1b662aed,2026-08-11,1b662aed,2026-08-11
S-0130,T2PRIME_STEP3_MISS_RATE_MEASUREMENT.md,Analysis/Finding,repo,audit/weather-simulation-11.2/T2PRIME_STEP3_MISS_RATE_MEASUREMENT.md,4410,8cdeb2fe4ecf08132acf303804b6c2d1201dfbc98a765e8cdbb968eac39d353c,42e37ee7,2026-08-11,42e37ee7,2026-08-11
S-0131,T2PRIME_STEP3_PARTB_RESULT_AND_PATCH.md,Analysis/Finding,repo,audit/weather-simulation-11.2/T2PRIME_STEP3_PARTB_RESULT_AND_PATCH.md,9705,9c892fcceae7dcf465b8fb0ed71e59372d8fed858301fd8121b9fa099067ce80,b2a15212,2026-08-11,c4bb5699,2026-08-11
S-0132,T2_FORENSICS_MISSION_REFUTED_AND_CORRECTED.md,Implementation Packet,repo,audit/weather-simulation-11.2/T2_FORENSICS_MISSION_REFUTED_AND_CORRECTED.md,4173,cda471c5fac9a385dc2ba3b5cce76f591b1f1b2b5a48d82b879a1411eebe8dad,1b662aed,2026-08-11,1b662aed,2026-08-11
S-0133,UNCERTAINTY_AND_EVIDENCE_GAPS.md,Analysis/Finding,repo,audit/weather-simulation-11.2/UNCERTAINTY_AND_EVIDENCE_GAPS.md,5036,ad4038a5dcec2006bdbe1eb0e74ec3e7814db4d9670f1d8bc3e4c8fbae20b56e,1b662aed,2026-08-11,1b662aed,2026-08-11
S-0134,WEATHER_SIM_CERTIFICATION_REPORT_11.2.md,Completed Audit Report,repo,audit/weather-simulation-11.2/WEATHER_SIM_CERTIFICATION_REPORT_11.2.md,26734,372a75b16e4691602179e7a514aa7069b1db57d707fcfa0bb33027b261668776,1b662aed,2026-08-11,1b662aed,2026-08-11
S-0135,WEATHER_SIM_FORWARD_PROGRESS_AUDIT_11.2.md,Completed Audit Report,repo,audit/weather-simulation-11.2/WEATHER_SIM_FORWARD_PROGRESS_AUDIT_11.2.md,27872,32bd4fba8ebb1b083b76fc4b5d80af715707850a9feface482ff7da953fa747a,6d5d6c48,2026-08-10,f5b0a9e8,2026-08-11
S-0136,artifact-manifest.csv,Evidence Manifest,repo,audit/weather-simulation-11.2/evidence/artifact-manifest.csv,3203,78bd83ef47143cbd614a72ec8f2994dd32fb55682e617875ab7b6e34d949d1e2,1b662aed,2026-08-11,1b662aed,2026-08-11
S-0137,AUDITSESSION-marine_global.json,Evidence Pack,repo,audit/weather-simulation-11.2/evidence/forensics/AUDITSESSION-marine_global.json,204572,7e19c9ca18b6e02c329ee0811fea44a59bce2f84e218a22a5e016f98583e65f1,1b662aed,2026-08-11,1b662aed,2026-08-11
S-0138,AUDITSESSION-wind_global.json,Evidence Pack,repo,audit/weather-simulation-11.2/evidence/forensics/AUDITSESSION-wind_global.json,72884,58628dfc574f80ba72e5b061c149a2c3aa4d64901f68510be6c037c241a60b80,1b662aed,2026-08-11,1b662aed,2026-08-11
S-0139,F-STALE_cadence_sample.js,Evidence Pack,repo,audit/weather-simulation-11.2/evidence/forensics/F-STALE_cadence_sample.js,3388,abf7f382b65bad5408549dda83bb401725e77d0fcc5f58ad5cae590f0a89702a,2559838e,2026-08-11,2559838e,2026-08-11
S-0140,F-STALE_snapshot_S2.json,Evidence Pack,repo,audit/weather-simulation-11.2/evidence/forensics/F-STALE_snapshot_S2.json,94976,a013e7623e7076f02befec7e57041bc9f8b2647bea1ee708579a9b8812ebe77e,2559838e,2026-08-11,2559838e,2026-08-11
S-0141,GATE6_cpu_profile.js,Evidence Pack,repo,audit/weather-simulation-11.2/evidence/forensics/GATE6_cpu_profile.js,10137,4546595390ca25113696820d318e846dc5a552ca8dd2004a1e99fbec0fb0ce64,52b05cdc,2026-08-11,a288ee5d,2026-08-11
S-0142,GATE6_cpu_profile_RUN.txt,Evidence Pack,repo,audit/weather-simulation-11.2/evidence/forensics/GATE6_cpu_profile_RUN.txt,4554,e795e2187ce83d63eb3a8db59cfd5d82ccd2a9a38a1e4854bd3c15296839d903,52b05cdc,2026-08-11,a288ee5d,2026-08-11
S-0143,GATE6_frame_harness.js,Evidence Pack,repo,audit/weather-simulation-11.2/evidence/forensics/GATE6_frame_harness.js,20884,81cf248871123ab0d6f0c1ae98ebe501bee472ca39bd159bca068c304cd91d3d,76a3d89c,2026-08-11,9c5361fb,2026-08-11
S-0144,GATE6_frame_harness_RUN.txt,Evidence Pack,repo,audit/weather-simulation-11.2/evidence/forensics/GATE6_frame_harness_RUN.txt,2953,a58db47bccc2ee9c7a5ab1e008924a85f699fb76379c434eace44c32240454de,76a3d89c,2026-08-11,9c5361fb,2026-08-11
S-0145,GATE6_getImageData_IS_STARTUP_NOT_STEADY_STATE.md,Evidence Pack,repo,audit/weather-simulation-11.2/evidence/forensics/GATE6_getImageData_IS_STARTUP_NOT_STEADY_STATE.md,6810,dde4ee74891b05f542d5184e977a172eef43952d39d8761bc81c15295c4666c9,50417a83,2026-08-12,3df5a150,2026-08-12
S-0146,GATE6_getParameter_ISENABLED_CONFIRMED.md,Evidence Pack,repo,audit/weather-simulation-11.2/evidence/forensics/GATE6_getParameter_ISENABLED_CONFIRMED.md,4504,34b99a7c5a66d27230babd78eb9ef64051336ffce80f4f40496ced2be74d259b,b8d886c6,2026-08-11,e08283be,2026-08-11
S-0147,GATE6_getParameter_ISENABLED_RESULT.txt,Evidence Pack,repo,audit/weather-simulation-11.2/evidence/forensics/GATE6_getParameter_ISENABLED_RESULT.txt,3860,e8fbfd5c744adf4846654e866d146b96794c47d4b542e12560d044108f03e09e,b8d886c6,2026-08-11,b8d886c6,2026-08-11
S-0148,GATE6_getParameter_microbench.js,Evidence Pack,repo,audit/weather-simulation-11.2/evidence/forensics/GATE6_getParameter_microbench.js,6975,f76fddc7757f99c2a7a2a844882bbf919b3a1c6e93dec2a594beda2849db7bba,34d76000,2026-08-11,34d76000,2026-08-11
S-0149,GATE6_getParameter_REFUTED.md,Evidence Pack,repo,audit/weather-simulation-11.2/evidence/forensics/GATE6_getParameter_REFUTED.md,3548,de70f814e6482613ce797d6e450db4c5b041dd8e17a42631b68a85d77f407245,a288ee5d,2026-08-11,a288ee5d,2026-08-11
S-0150,GATE6_mask_cache_SHIPPED.md,Evidence Pack,repo,audit/weather-simulation-11.2/evidence/forensics/GATE6_mask_cache_SHIPPED.md,4803,c45e6c06ff5407bda90845837a3e45ee15c34abb11de360390c490c220dff8b5,e6033e2b,2026-08-12,ecfc1077,2026-08-12
S-0151,GATE6_mask_call_frequency_MEASURED.md,Evidence Pack,repo,audit/weather-simulation-11.2/evidence/forensics/GATE6_mask_call_frequency_MEASURED.md,5774,3559debcffa00ec85c74acf18cf060e0afda1b7616410d76172c9cee194d554c,7c967da1,2026-08-12,52307884,2026-08-12
S-0152,GATE6_mask_input_redundancy_MEASURED.md,Evidence Pack,repo,audit/weather-simulation-11.2/evidence/forensics/GATE6_mask_input_redundancy_MEASURED.md,4805,379dcdb72f2f0f9e1dc4db13703e29381b04f326489d405a242598970d3d8113,229c6407,2026-08-12,d518d536,2026-08-12
S-0153,GATE6_mask_percall_bench.js,Evidence Pack,repo,audit/weather-simulation-11.2/evidence/forensics/GATE6_mask_percall_bench.js,8449,6db04f2d9702118cd7045d42317fe36008bb2bec42a9ae2654fea131d6c369cf,3df5a150,2026-08-12,3df5a150,2026-08-12
S-0154,GATE6_mask_percall_bench_RUN.txt,Evidence Pack,repo,audit/weather-simulation-11.2/evidence/forensics/GATE6_mask_percall_bench_RUN.txt,657,a1dd4ffe30924f59817a3a8bcbe89fa33569fdacfc3bed95f410fba8113c275a,3df5a150,2026-08-12,3df5a150,2026-08-12
S-0155,GATE6_mask_settle_debounce_DO_NOT_PROMOTE.md,Evidence Pack,repo,audit/weather-simulation-11.2/evidence/forensics/GATE6_mask_settle_debounce_DO_NOT_PROMOTE.md,5429,8f6cb4ec8f8a9cdbc8632b1408162d990745264ff5776d7c33fdf636cf104dcf,85e3f1fb,2026-08-12,84c3fd60,2026-08-12
S-0156,GATE6_repeat_profile.sh,Evidence Pack,repo,audit/weather-simulation-11.2/evidence/forensics/GATE6_repeat_profile.sh,1558,b32ef279044b6f91ecea9ff9c468ca564af9ba080d2a05aa8f2fe2cef4ea7967,b8d886c6,2026-08-11,b8d886c6,2026-08-11
S-0157,GATE6_stall_attribution.js,Evidence Pack,repo,audit/weather-simulation-11.2/evidence/forensics/GATE6_stall_attribution.js,7569,145a4120f268b5e0d08fc1237b67c2fd47b27bf5924ad2a552965c62c0a063c2,52b05cdc,2026-08-11,52b05cdc,2026-08-11
S-0158,GATE6_stall_attribution_RUN.txt,Evidence Pack,repo,audit/weather-simulation-11.2/evidence/forensics/GATE6_stall_attribution_RUN.txt,3453,697b0c5bf4b8488defd93cadd976642d86233a67a8fee64f8742d51d2188c535,52b05cdc,2026-08-11,52b05cdc,2026-08-11
S-0159,M1_fetch_height_flip_fixture.py,Evidence Pack,repo,audit/weather-simulation-11.2/evidence/forensics/M1_fetch_height_flip_fixture.py,4906,539318be005aff7cc5cd8ec00a87d6a78d6769c062e11986bb76faec59d02c83,9a252550,2026-08-10,9a252550,2026-08-10
S-0160,M1_fixture.json,Evidence Pack,repo,audit/weather-simulation-11.2/evidence/forensics/M1_fixture.json,38183,dcb4d0f5bf89516ad28045526e8d57157440acbf10dbcf920cafb9ba5824bf98,9a252550,2026-08-10,9a252550,2026-08-10
S-0161,M1_height_flip_validation.test.js,Evidence Pack,repo,audit/weather-simulation-11.2/evidence/forensics/M1_height_flip_validation.test.js,6367,e10aa6f6aa4e352e3dde16b3081df608daa279910f30bc68e8bf1cbaa00423b9,9a252550,2026-08-10,9a252550,2026-08-10
S-0162,README.md,Evidence Pack,repo,audit/weather-simulation-11.2/evidence/forensics/README.md,792,e8b0464b6b332cde78ddc66726bf0406609431a36153ffe82286d60782ec114e,6d5d6c48,2026-08-10,6d5d6c48,2026-08-10
S-0163,render_oom_events.py,Evidence Pack,repo,audit/weather-simulation-11.2/evidence/forensics/render_oom_events.py,3751,f3b3f933ce3de40785e22b1771e63e61191950f90ba65f0414501a38de971758,6d5d6c48,2026-08-10,6d5d6c48,2026-08-10
S-0164,B01-served-resolution-matrix.md,Evidence Pack,repo,audit/weather-simulation-11.2/evidence/scientific-validation/B01-served-resolution-matrix.md,5123,deae5df932c9a5f65c31a6c6d16857bd70357e26eb57df4ca6437fb8317f0e09,1b662aed,2026-08-11,1b662aed,2026-08-11
S-0165,ARCHITECTURE_CONVERGENCE_DELTA.md,Analysis/Finding,repo,audit/weather-simulation-11.4/ARCHITECTURE_CONVERGENCE_DELTA.md,2256,159b19a2ce348951c9af8c13f4081ca6c9ecccf5aee1047d1e6a7f8125f8c96b,fb601060,2026-08-12,fb601060,2026-08-12
S-0166,AUTHORIZED_NEXT_GATE_PACKET.md,Implementation Packet,repo,audit/weather-simulation-11.4/AUTHORIZED_NEXT_GATE_PACKET.md,5045,53bb7b27edd74324830c9a2861f0ccc6e7761d6a3f75132614637f07fc2fce1e,fb601060,2026-08-12,fb601060,2026-08-12
S-0167,CAUSAL_CLOSURE_PROOF.md,Analysis/Finding,repo,audit/weather-simulation-11.4/CAUSAL_CLOSURE_PROOF.md,5837,62d2856c22767e0f0ac402c9187104feaac59c29b7b5c9d55692c6481a357551,fb601060,2026-08-12,fb601060,2026-08-12
S-0168,CURRENT_BASELINE_MANIFEST.md,Analysis/Finding,repo,audit/weather-simulation-11.4/CURRENT_BASELINE_MANIFEST.md,3556,09ee78fbc8a7d114dbf9388eb9fb7e18aa04ac0904cf2a67e5c9124740844a84,fb601060,2026-08-12,fb601060,2026-08-12
S-0169,EXECUTIVE_GATE_DECISION.md,Executive Brief,repo,audit/weather-simulation-11.4/EXECUTIVE_GATE_DECISION.md,3138,d803bbd675f92d0a4c42b89609a3302824a366962641891ecc5c7695218939ce,fb601060,2026-08-12,fb601060,2026-08-12
S-0170,GATE_C_CLOSURE_VERIFICATION.md,Analysis/Finding,repo,audit/weather-simulation-11.4/GATE_C_CLOSURE_VERIFICATION.md,8511,f314cc613803e3dfca01dd80752da88e63f83e5f040482eef971c6565316434f,fb601060,2026-08-12,fb601060,2026-08-12
S-0171,GATE_E_BROWSER_VERIFICATION.md,Analysis/Finding,repo,audit/weather-simulation-11.4/GATE_E_BROWSER_VERIFICATION.md,8749,5ac2ad99112f5b38789e35f988b6f3690a5f526b2c8448057c0dceaaae7828e4,91c561cf,2026-08-12,91c561cf,2026-08-12
S-0172,HOLD_AND_DO_NOT_TOUCH_LIST.md,Analysis/Finding,repo,audit/weather-simulation-11.4/HOLD_AND_DO_NOT_TOUCH_LIST.md,2872,55f388478e84e58792c495f6a9da522b9f782e65eed134ef1d002c4feeec2c36,fb601060,2026-08-12,fb601060,2026-08-12
S-0173,IMPLEMENTATION_CONTRACT_LEDGER.csv,Implementation Packet,repo,audit/weather-simulation-11.4/IMPLEMENTATION_CONTRACT_LEDGER.csv,2986,f2046e6d62a8bb8403e211998eb8ae0ed2375302f8f0668257ef01d926041900,fb601060,2026-08-12,fb601060,2026-08-12
S-0174,IMPLEMENTATION_DIFF_FORENSICS.md,Analysis/Finding,repo,audit/weather-simulation-11.4/IMPLEMENTATION_DIFF_FORENSICS.md,3724,70e97e4d4d76ddbe232bf9546c0fdf6fa6eac5482e4d142e40f029a339ab9a69,fb601060,2026-08-12,fb601060,2026-08-12
S-0175,INVARIANT_STRESS_MATRIX.csv,Ledger/Matrix,repo,audit/weather-simulation-11.4/INVARIANT_STRESS_MATRIX.csv,1752,2423ae14ce11ef8a6621a91d279a0301077dd1cacd55dfefe6cb50c6b71dcf9e,fb601060,2026-08-12,fb601060,2026-08-12
S-0176,LIFECYCLE_AND_RESOURCE_BURN_IN.md,Analysis/Finding,repo,audit/weather-simulation-11.4/LIFECYCLE_AND_RESOURCE_BURN_IN.md,2130,37cdc69f556701d122a6c8b2495aa29a73432517965e30a4297338522a27dd08,fb601060,2026-08-12,fb601060,2026-08-12
S-0177,LOCAL_JACOBIAN_HALO.csv,Ledger/Matrix,repo,audit/weather-simulation-11.4/LOCAL_JACOBIAN_HALO.csv,1535,41a0aca4115dca7af19ccdfe6ef82f2fb1ce042a0ff20e0ed483ab92804f6c6f,fb601060,2026-08-12,fb601060,2026-08-12
S-0178,OPEN_EVIDENCE_GAPS.md,Analysis/Finding,repo,audit/weather-simulation-11.4/OPEN_EVIDENCE_GAPS.md,3605,eb7b260089a5de8c48fe4784828d35d8611ff4572814997cf263c9ba100c4534,fb601060,2026-08-12,fb601060,2026-08-12
S-0179,PERFORMANCE_CAPACITY_DELTA.md,Analysis/Finding,repo,audit/weather-simulation-11.4/PERFORMANCE_CAPACITY_DELTA.md,2982,9493c511b6b05b991cfe5e5eff1999a24ccb9866e1e7795b970950a690b68e0f,fb601060,2026-08-12,fb601060,2026-08-12
S-0180,RELEASE_GATE_MATRIX.csv,Ledger/Matrix,repo,audit/weather-simulation-11.4/RELEASE_GATE_MATRIX.csv,2336,ec2b54329299a02f0da28e379f2c14cbb5e55ca877b590ab2dfd2816cbb532a2,fb601060,2026-08-12,fb601060,2026-08-12
S-0181,ROLLBACK_READINESS.md,Analysis/Finding,repo,audit/weather-simulation-11.4/ROLLBACK_READINESS.md,2371,f85e88b450eee0d29395be62e5ed981fc9542bb1978e139754548819c05f4c2a,fb601060,2026-08-12,fb601060,2026-08-12
S-0182,ROOT_CAUSE_FANOUT_RETEST.csv,Ledger/Matrix,repo,audit/weather-simulation-11.4/ROOT_CAUSE_FANOUT_RETEST.csv,1405,4dbf261317371e34b22db0bfbdaccc80a2d0050d5cf1d453d680ef0e27153563,fb601060,2026-08-12,fb601060,2026-08-12
S-0183,SCIENTIFIC_EQUIVALENCE_MATRIX.csv,Ledger/Matrix,repo,audit/weather-simulation-11.4/SCIENTIFIC_EQUIVALENCE_MATRIX.csv,1262,dc4e02376dc1c1f97dd8ea4116624f5e8eec3830148289b74ff6671c18b0c96b,fb601060,2026-08-12,fb601060,2026-08-12
S-0184,SETTLE_DEBOUNCE_VERIFICATION.md,Analysis/Finding,repo,audit/weather-simulation-11.4/SETTLE_DEBOUNCE_VERIFICATION.md,9055,b02a016de7908531a6d25a236e7f5afb0463c46e3a0b6776d6b56a93eb29bd65,76bcbab3,2026-08-12,3ec3fd13,2026-08-12
S-0185,TEST_INTEGRITY_AND_MUTATION_RESULTS.md,Analysis/Finding,repo,audit/weather-simulation-11.4/TEST_INTEGRITY_AND_MUTATION_RESULTS.md,9460,24012da627bd13043c4107615186627001d0c7e5cd114df8227b42386f3c1fcb,fb601060,2026-08-12,fb601060,2026-08-12
S-0186,WEATHER_SIM_POST_REPAIR_PROOF_AUDIT_11.4.md,Completed Audit Report,repo,audit/weather-simulation-11.4/WEATHER_SIM_POST_REPAIR_PROOF_AUDIT_11.4.md,21623,a9ebdcbcc23a8ebd6a589e7e4ee037046974d517bbf9306e23c59ce1ba080d10,fb601060,2026-08-12,fb601060,2026-08-12
S-0187,artifact-manifest.csv,Evidence Manifest,repo,audit/weather-simulation-11.4/evidence/artifact-manifest.csv,3648,4a53332c705e68b1a82c51e2dfc0c2036548ae9cf199de5c6d103378ecd16ac8,fb601060,2026-08-12,fb601060,2026-08-12
S-0188,REPAIR_PATCH_AS_AUDITED.patch,Evidence Pack,repo,audit/weather-simulation-11.4/evidence/REPAIR_PATCH_AS_AUDITED.patch,13206,a0d9ff83d5e38949329d2dc330d716454d3367a3a497c0d3a32ef7e0d574cf38,fb601060,2026-08-12,fb601060,2026-08-12
S-0189,AUDIT_close_sensitivity.probe.test.js,Evidence Pack,repo,audit/weather-simulation-11.4/evidence/mutated-repair/AUDIT_close_sensitivity.probe.test.js,3488,d473eeb8bb151152b3a6dd7d2a6c3ffff86899500ac4b9d1e8c44ca468221ca2,fb601060,2026-08-12,fb601060,2026-08-12
S-0190,AUDIT_hit_equivalence.probe.test.js,Evidence Pack,repo,audit/weather-simulation-11.4/evidence/mutated-repair/AUDIT_hit_equivalence.probe.test.js,4794,2642b0aed7daae304d1070f9a8f01c90e10067741ef555cb85d80b25fadfba9b,fb601060,2026-08-12,fb601060,2026-08-12
S-0191,AUDIT_settle_pass_agnostic.probe.test.js,Evidence Pack,repo,audit/weather-simulation-11.4/evidence/mutated-repair/AUDIT_settle_pass_agnostic.probe.test.js,4476,2b17afe544c9d990ae9918c12c04d4ea8dd3098ed5d4dac925b7c7bec935251c,76bcbab3,2026-08-12,76bcbab3,2026-08-12
S-0192,MUTATION_RESULTS_AFTER_FIX.json,Evidence Pack,repo,audit/weather-simulation-11.4/evidence/mutated-repair/MUTATION_RESULTS_AFTER_FIX.json,2810,de758ba2f922e60c3c171cdd55c1019516f50c51ee90aa09342760142057da2a,fb601060,2026-08-12,fb601060,2026-08-12
S-0193,MUTATION_RESULTS_BEFORE_FIX.json,Evidence Pack,repo,audit/weather-simulation-11.4/evidence/mutated-repair/MUTATION_RESULTS_BEFORE_FIX.json,2507,21690c8b50c013d8dd9bca6f4e3a71701e2c62755e9c06a5a802d863ee654f48,fb601060,2026-08-12,fb601060,2026-08-12
S-0194,MUTATION_RESULTS_FINAL_10of10.json,Evidence Pack,repo,audit/weather-simulation-11.4/evidence/mutated-repair/MUTATION_RESULTS_FINAL_10of10.json,3315,e585884b9a8674fa6e8b4c6e8da7822541e68327c102f46f2a0284d5075de87d,fb601060,2026-08-12,fb601060,2026-08-12
S-0195,MUTATION_RESULTS_ROUND2_AFTER_FIX.json,Evidence Pack,repo,audit/weather-simulation-11.4/evidence/mutated-repair/MUTATION_RESULTS_ROUND2_AFTER_FIX.json,1710,f91171f92d4a43e360b8e591ed3c8586620aa1fce4be121f558c5597bb901d80,fb601060,2026-08-12,fb601060,2026-08-12
S-0196,MUTATION_RESULTS_ROUND2_BEFORE_FIX.json,Evidence Pack,repo,audit/weather-simulation-11.4/evidence/mutated-repair/MUTATION_RESULTS_ROUND2_BEFORE_FIX.json,801,b26c13a3499beb0d7ea6d39e2089d6a6f31ceb0d0c645cb5a831266b6e7a0e4c,fb601060,2026-08-12,fb601060,2026-08-12
S-0197,MUTATION_RESULTS_ROUND2_FINAL_10of10.json,Evidence Pack,repo,audit/weather-simulation-11.4/evidence/mutated-repair/MUTATION_RESULTS_ROUND2_FINAL_10of10.json,1710,d6ada092a0b58455c621c92eade3022dd556c675dc3aa6aa05141be31092def2,fb601060,2026-08-12,fb601060,2026-08-12
S-0198,MUTATION_RESULTS_SETTLE.json,Evidence Pack,repo,audit/weather-simulation-11.4/evidence/mutated-repair/MUTATION_RESULTS_SETTLE.json,4905,64601c7f38424589fb235a0da992168490dcf10d11171a18e4abde362bb7f1f4,76bcbab3,2026-08-12,76bcbab3,2026-08-12
S-0199,run_mutations.js,Evidence Pack,repo,audit/weather-simulation-11.4/evidence/mutated-repair/run_mutations.js,4827,9ad12df07d9f6fba8f197340798fcf483acf0ea063296706dd2385fb8bb6ea52,fb601060,2026-08-12,fb601060,2026-08-12
S-0200,run_mutations_round2.js,Evidence Pack,repo,audit/weather-simulation-11.4/evidence/mutated-repair/run_mutations_round2.js,3259,83d839d8bfeee3563bac9ae32fcd117169ff0cec2b0181c69d067abdd545b0ef,fb601060,2026-08-12,fb601060,2026-08-12
S-0201,run_mutations_settle.js,Evidence Pack,repo,audit/weather-simulation-11.4/evidence/mutated-repair/run_mutations_settle.js,5544,8c4d3490a0d7b47d450dd06154d750931cfdcfdd1867203bd989103f445b2042,76bcbab3,2026-08-12,76bcbab3,2026-08-12
S-0202,AUDIT-2026-08-01-MASTER-final-pass-and-sync-upgrade-path.md,Completed Audit Report,repo,docs/research/AUDIT-2026-08-01-MASTER-final-pass-and-sync-upgrade-path.md,24755,ecd471ebbd5bd9fcd8f0bdb36262727804dc5d67a43c756eaa5385b43062cbe5,dd3c8614,2026-08-01,dd3c8614,2026-08-01
S-0203,AUDIT-2026-08-01-sota-architecture-and-zero-regression-upgrade-path.md,Completed Audit Report,repo,docs/research/AUDIT-2026-08-01-sota-architecture-and-zero-regression-upgrade-path.md,35258,362224669d7544ca0ee9f8f73a1df21d7e7084b559a78688b597a0e8206e99a2,dd3c8614,2026-08-01,dd3c8614,2026-08-01
S-0204,AUDIT-2026-08-01-v2-jacobian-lens-deep-audit.md,Completed Audit Report,repo,docs/research/AUDIT-2026-08-01-v2-jacobian-lens-deep-audit.md,28874,5ca99e3907c6ddaec69065cf7380771637e23ee229d908bdfc0314dc652523e7,dd3c8614,2026-08-01,dd3c8614,2026-08-01
S-0205,AUDIT-2026-08-01-v3-forensic-simulation-audit.md,Completed Audit Report,repo,docs/research/AUDIT-2026-08-01-v3-forensic-simulation-audit.md,17182,3b1a6c7f0fd1e136cbf8445626e9773136be8299f091d65abeeaf90184bb0af5,dd3c8614,2026-08-01,dd3c8614,2026-08-01
S-0206,AUDIT-2026-08-01-v4-archaeology-forensics-jacobian.md,Completed Audit Report,repo,docs/research/AUDIT-2026-08-01-v4-archaeology-forensics-jacobian.md,17208,e5a4025d3471812e62fd2b875648cb8f22ad45ccc42f8d2e7782ae41533c76f8,dd3c8614,2026-08-01,dd3c8614,2026-08-01
S-0207,AUDIT-2026-08-02-v5-forensic-audit-of-the-shipped-work.md,Completed Audit Report,repo,docs/research/AUDIT-2026-08-02-v5-forensic-audit-of-the-shipped-work.md,85947,10ece421586f5b33db6ee560beee24056a7948d3ca210a419aaa3d05b2bc53c6,6bc04ccc,2026-08-02,6bc04ccc,2026-08-02
S-0208,AUDIT-2026-08-02-v6-the-latency-audit-and-the-one-root.md,Completed Audit Report,repo,docs/research/AUDIT-2026-08-02-v6-the-latency-audit-and-the-one-root.md,62141,0ea1115f733c25ab91989cd294ea929b67fbb1ee7a3e65c86e45643d75d565e7,3b318f7a,2026-08-02,86ce0597,2026-08-02
S-0209,AUDIT-2026-08-03-E-auditing-my-own-session.md,Completed Audit Report,repo,docs/research/AUDIT-2026-08-03-E-auditing-my-own-session.md,8564,0acff76e8f0047bc7c5c82f71c0d429f7b9e78611d03fcbd840b139a41fb67cc,d7645114,2026-08-03,d7645114,2026-08-03
S-0210,AUDIT-2026-08-03-F-the-cross-surface-differential.md,Completed Audit Report,repo,docs/research/AUDIT-2026-08-03-F-the-cross-surface-differential.md,6766,9afe9035d4ff1b95ab29b39042f7d16b3a0b26479ead18af077b4eee07ec99d7,0f559202,2026-08-03,0f559202,2026-08-03
S-0211,AUDIT-2026-08-03-v7-the-miss-is-the-cost.md,Completed Audit Report,repo,docs/research/AUDIT-2026-08-03-v7-the-miss-is-the-cost.md,28720,80f5bf619befdd690d2ef4efd4c1c724226cbe02c8a0047fd89aaf783eae4bcc,1f5a796f,2026-08-02,b059ddf1,2026-08-03
S-0212,AUDIT-2026-08-10-the-oom-and-what-the-last-ten-commits-missed.md,Completed Audit Report,repo,docs/research/AUDIT-2026-08-10-the-oom-and-what-the-last-ten-commits-missed.md,28505,2588a5f07941bcfb13b0323b65294ab14021830cadcde943a3a0e0a586bf636e,c7099d0a,2026-08-10,43846f98,2026-08-10
S-0213,AUDIT-OF-THE-AUDIT-2026-08-03-codex-weather-sim-review.md,Completed Audit Report,repo,docs/research/AUDIT-OF-THE-AUDIT-2026-08-03-codex-weather-sim-review.md,9727,4a80438906a9d84fae70af5de5446142195f4488cc3c0343ab8efd1290876204,2184f657,2026-08-03,2184f657,2026-08-03
S-0214,DESIGN-2026-08-10-the-grid-series-load-time-stride.md,Analysis/Finding,repo,docs/research/DESIGN-2026-08-10-the-grid-series-load-time-stride.md,5863,e4da8cfaa8333df993ca3c98878895f70e8e1c35bd98d44c9eda11a55dbe25f0,d68f6f2d,2026-08-10,d68f6f2d,2026-08-10
S-0215,FINDING-2026-08-03-product-thrash-at-a-fixed-viewport.md,Analysis/Finding,repo,docs/research/FINDING-2026-08-03-product-thrash-at-a-fixed-viewport.md,14872,d137c228940df52a6fc937542146c5e8c77bf3af9704a3a91e5164b62f1c868c,05c1956a,2026-08-03,7268dcfd,2026-08-03
S-0216,FINDING-2026-08-03-the-ceiling-is-a-conjunction.md,Analysis/Finding,repo,docs/research/FINDING-2026-08-03-the-ceiling-is-a-conjunction.md,17505,2fa75db2e96c153a6e02956d8decdac6f9c9c5cb34f48a9e6b07035fb42d394a,029edad9,2026-08-03,8fdd9874,2026-08-03
S-0217,FINDING-2026-08-03-the-level-ladder-is-a-frequency-scale.md,Analysis/Finding,repo,docs/research/FINDING-2026-08-03-the-level-ladder-is-a-frequency-scale.md,5832,a23873adc18104231b14671d379c90f239e11a81ecc960213e8a2b4652c6d113,e2be3d33,2026-08-03,e2be3d33,2026-08-03
S-0218,FINDING-2026-08-09-an-instrument-must-not-tax-the-product.md,Analysis/Finding,repo,docs/research/FINDING-2026-08-09-an-instrument-must-not-tax-the-product.md,3318,e3a7afcc4a6e3dc489333ecec5632eecd15201b72d05ad9b6b8b348c05ed20e9,b114a9a4,2026-08-09,b114a9a4,2026-08-09
S-0219,FINDING-2026-08-09-the-dual-floor-reconciliation.md,Analysis/Finding,repo,docs/research/FINDING-2026-08-09-the-dual-floor-reconciliation.md,6783,76a4aab654bcad4daa2f45d19feed0266b5b7b05720e9cfc4921fd1c946eb53e,da130c41,2026-08-09,ab547597,2026-08-09
S-0220,FINDING-2026-08-09-the-prewarm-is-not-the-cause.md,Analysis/Finding,repo,docs/research/FINDING-2026-08-09-the-prewarm-is-not-the-cause.md,4448,89b1121594e08ef7519e985a548ea876fc42dbf9c7294ba9313886f4b6e879ad,f9066b8d,2026-08-09,f9066b8d,2026-08-09
S-0221,FINDING-2026-08-09-the-rating-band-dead-zone.md,Analysis/Finding,repo,docs/research/FINDING-2026-08-09-the-rating-band-dead-zone.md,4462,8e809e28e4cb9c5576496af4e74e96d071444bad90683462fa5440ec7bfaa4eb,25fcb183,2026-08-09,25fcb183,2026-08-09
S-0222,FINDING-2026-08-11-marineController-rationale.md,Analysis/Finding,repo,docs/research/FINDING-2026-08-11-marineController-rationale.md,7230,dc36efb04fce69816c6ba0a05c6006a1cb1744c83d044741cf9867b7017653e2,bbf346ac,2026-08-11,bbf346ac,2026-08-11
S-0223,HANDOFF-2026-08-09-B-report-11-the-stability-block-and-the-reference-generation-close.md,Handoff Report,repo,docs/research/HANDOFF-2026-08-09-B-report-11-the-stability-block-and-the-reference-generation-close.md,9438,30c8297e8c0ae9407891ff63b8bd3f2fcfe912c05cbcd1371cc31969d491c4a0,ece2c36a,2026-08-09,ece2c36a,2026-08-09
S-0224,HANDOFF-2026-08-09-C-the-five-layer-refutation.md,Handoff Report,repo,docs/research/HANDOFF-2026-08-09-C-the-five-layer-refutation.md,12387,b99502709a381e432301cb0ff73381627e579c79f58c7335d7776f1ec87f79ed,dde0421f,2026-08-09,e7ea50f2,2026-08-11
S-0225,HANDOFF-2026-08-09-C-the-instrument-session.md,Handoff Report,repo,docs/research/HANDOFF-2026-08-09-C-the-instrument-session.md,7063,967173ee315b8ebf2457703bea57857cd19c801d51b48e3c69d32325be52db37,40866137,2026-08-09,40866137,2026-08-09
S-0226,HANDOFF-2026-08-09-D-jacobian-audit-of-the-instrument-session.md,Handoff Report,repo,docs/research/HANDOFF-2026-08-09-D-jacobian-audit-of-the-instrument-session.md,9398,c761a8f32844a7c11a8b53238b5467f855610b00c75e655c7cb29e47aaa5f09a,3d3ccdc2,2026-08-09,c97db5bf,2026-08-10
S-0227,HANDOFF-2026-08-09-phases-0-2-shipped-and-the-stability-ledger.md,Ledger/Matrix,repo,docs/research/HANDOFF-2026-08-09-phases-0-2-shipped-and-the-stability-ledger.md,9257,41cf51ebbb275f45b5a98c067ed83eb3cf5ec3ad971ade41c580d2710a02be54,c9a0e9fc,2026-08-09,c9a0e9fc,2026-08-09
S-0228,HANDOFF-2026-08-10-the-dark-shipped-fixes-and-an-audit-of-my-own-errors.md,Handoff Report,repo,docs/research/HANDOFF-2026-08-10-the-dark-shipped-fixes-and-an-audit-of-my-own-errors.md,5954,948d8847116f72a0f28a3cfba00116e7e25fea7b78d8db8aa2697f2eba18d8bf,8be9dd56,2026-08-10,1e55e436,2026-08-11
S-0229,HANDOFF-2026-08-11-tide-answered-twice-and-the-instrument-that-refused.md,Handoff Report,repo,docs/research/HANDOFF-2026-08-11-tide-answered-twice-and-the-instrument-that-refused.md,7884,2dda724f034a13bd9dbb624eab3318f980eb3e8051bb6c8401403b8b38e08ef5,94564f88,2026-08-11,1b447f44,2026-08-11
S-0230,HEIGHT-ACCURACY-two-errors-that-cancel-2026-07-30.md,Analysis/Finding,repo,docs/research/HEIGHT-ACCURACY-two-errors-that-cancel-2026-07-30.md,5497,e1c8c4047c67f05d090b5de290537c30e78214c8fc79dbd697d7edfc9605d949,c6cfb87d,2026-07-30,c6cfb87d,2026-07-30
S-0231,HEIGHT-RESIDUAL-site-dominance-2026-07-30.md,Analysis/Finding,repo,docs/research/HEIGHT-RESIDUAL-site-dominance-2026-07-30.md,4746,9370f66800b9143adb3808e2569aa9ef9e2062104321771332e66cad1f55f029,4f12dcd0,2026-07-30,4f12dcd0,2026-07-30
S-0232,MASTER-AUDIT-1.0-2026-08-03-all-weather-features.md,Completed Audit Report,repo,docs/research/MASTER-AUDIT-1.0-2026-08-03-all-weather-features.md,31484,cf196947df2e4bf9fe8bdb68b47611edc33d17566f01fdc254fbab50d8dfb528,4962fa2f,2026-08-03,6151e854,2026-08-03
S-0233,MASTER-AUDIT-10.0-2026-08-07-sota-architecture-and-safe-upgrade-assessment.md,Completed Audit Report,repo,docs/research/MASTER-AUDIT-10.0-2026-08-07-sota-architecture-and-safe-upgrade-assessment.md,64742,c6229e0c55d5a7aba1964476902b5a38c2eb0854e648f6bc584ccec1942d7791,04f96eb9,2026-08-06,55a4a32d,2026-08-07
S-0234,MASTER-AUDIT-11.0-2026-08-08-sota-architecture-and-zero-regression-assessment.md,Completed Audit Report,repo,docs/research/MASTER-AUDIT-11.0-2026-08-08-sota-architecture-and-zero-regression-assessment.md,63479,f89342c85ef977c1e2873e2aff23f27109526735fcef8e392f57837e90be2236,9622c56d,2026-08-08,9622c56d,2026-08-08
S-0235,MASTER-AUDIT-2.0-2026-08-04-weather-features-end-to-end.md,Completed Audit Report,repo,docs/research/MASTER-AUDIT-2.0-2026-08-04-weather-features-end-to-end.md,19857,718e1f72311a1f2cfd1c674f5f433019fcf3881f4da7d49d45c7e1b13586191b,2df1440b,2026-08-04,f8cf67b4,2026-08-04
S-0236,MASTER-AUDIT-3.0-2026-08-05-weather-features-end-to-end.md,Completed Audit Report,repo,docs/research/MASTER-AUDIT-3.0-2026-08-05-weather-features-end-to-end.md,28762,ce784ae66269a73b8ce6d734c11583ea27afef5af2ecd4cc6a984c8aa3448e43,b7571ba5,2026-08-04,3c98e5e6,2026-08-04
S-0237,MASTER-AUDIT-4.0-2026-08-05-auditing-my-own-session.md,Completed Audit Report,repo,docs/research/MASTER-AUDIT-4.0-2026-08-05-auditing-my-own-session.md,10174,fccfbdf040607a2d503e7e9676f397ec13409050a36e29611e49f2ec898d22d3,bbd7407d,2026-08-04,75fdbee2,2026-08-05
S-0238,MASTER-AUDIT-5.0-2026-08-05-the-reach-audit.md,Completed Audit Report,repo,docs/research/MASTER-AUDIT-5.0-2026-08-05-the-reach-audit.md,19074,83e0eb96074e937771d5c58ba01cdbcceca12a8cdb8e366086161189027aea65,1bf99cf1,2026-08-05,1bf99cf1,2026-08-05
S-0239,MASTER-AUDIT-6.0-2026-08-05-state-of-truth-at-handoff.md,Completed Audit Report,repo,docs/research/MASTER-AUDIT-6.0-2026-08-05-state-of-truth-at-handoff.md,8949,6d5d36cc016f813ad684555a59c0e399fdf3e6971f023b58869a46420cb0f71e,ac08781d,2026-08-05,ac08781d,2026-08-05
S-0240,MASTER-AUDIT-7.0-2026-08-06-state-of-the-art-compared.md,Completed Audit Report,repo,docs/research/MASTER-AUDIT-7.0-2026-08-06-state-of-the-art-compared.md,11927,6ac34d69f3be049fde81a721a0c8a389c511ed451b49c5a86fad68ffcf6dd5e5,fec58f67,2026-08-05,fec58f67,2026-08-05
S-0241,MASTER-AUDIT-8.0-2026-08-06-two-hypotheses-killed-by-their-own-measurements.md,Completed Audit Report,repo,docs/research/MASTER-AUDIT-8.0-2026-08-06-two-hypotheses-killed-by-their-own-measurements.md,9912,7b01dfd5826e380f1df953753959614be9b1ccf9b0124e09e8760337886f65b7,054aa4b4,2026-08-06,054aa4b4,2026-08-06
S-0242,MASTER-AUDIT-9.0-2026-08-06-sota-architecture-and-zero-regression-upgrade-path.md,Completed Audit Report,repo,docs/research/MASTER-AUDIT-9.0-2026-08-06-sota-architecture-and-zero-regression-upgrade-path.md,43406,97dea900b5a93730c71eb8f4e4c7d0720b9ed3f46caea9836ea695bbc7657d6f,a75d2402,2026-08-06,a75d2402,2026-08-06
S-0243,QUEUE-2026-08-03-the-learned-nearshore-transform.md,Analysis/Finding,repo,docs/research/QUEUE-2026-08-03-the-learned-nearshore-transform.md,5812,3a688a0842a5f1e9d62da25f6cc168403335421019f02a31ef099eef404d33cb,b89e30dc,2026-08-03,b89e30dc,2026-08-03
S-0244,RATING-SCALE-2026-08-09-what-is-proper.md,Analysis/Finding,repo,docs/research/RATING-SCALE-2026-08-09-what-is-proper.md,12350,5aa51867d385703fd85ede1d96ddb296017b1f7c700f0c66d8d8adebfda8f2ae,f40232a2,2026-08-09,e7d8545c,2026-08-09
S-0245,SCIENCE-2026-08-05-the-breaker-index-and-the-local-size-question.md,Analysis/Finding,repo,docs/research/SCIENCE-2026-08-05-the-breaker-index-and-the-local-size-question.md,12547,ea9df433f7df30dd97369ef45edf8dcf164602fd79de7cba97c27af3b6662e4d,1bf99cf1,2026-08-05,6554e97c,2026-08-05
S-0246,STATE-OF-THE-ART-surf-rating-2026-07-30.md,Analysis/Finding,repo,docs/research/STATE-OF-THE-ART-surf-rating-2026-07-30.md,6725,7ca134d0d98748bac53331775f5a826d72de019b595cb934ab9a5a9a7f5d408f,29d01203,2026-07-30,29d01203,2026-07-30
S-0247,STUDY-2026-07-30-building-our-own-wave-history.md,Analysis/Finding,repo,docs/research/STUDY-2026-07-30-building-our-own-wave-history.md,12963,c1624d4759cdb268dd53c2093d1c253349219ae82724b8c12fd350cbc25777a6,3f315283,2026-07-30,aca57830,2026-07-30
S-0248,SURF-FORECASTING-SCIENCE.md,Analysis/Finding,repo,docs/research/SURF-FORECASTING-SCIENCE.md,11588,ef18aab6d73e204831ededac01eeb74954a557f54a56584433bcc79ed5bb362f,93df37f0,2026-07-29,93df37f0,2026-07-29
S-0249,UPSTREAM-trevec-index-has-no-retention.md,Analysis/Finding,repo,docs/research/UPSTREAM-trevec-index-has-no-retention.md,5044,fdb373708a3ceab6952ffe9c26bacd1a34099cd27ba8b00bed91c216bb8c2cfa,793ea8b0,2026-07-29,793ea8b0,2026-07-29
S-0250,ADMIN-PANEL-JACOBIAN-AUDIT-2026-07-12.md,Completed Audit Report,repo,docs/runbooks/ADMIN-PANEL-JACOBIAN-AUDIT-2026-07-12.md,106982,68f8082d3a69dd30d6bf0cd87ac7a693f99926e934cec60898a0499b039472c0,71009d03,2026-07-12,6a940031,2026-07-12
S-0251,ANALYSIS-2026-07-29-the-rating-has-a-dynamic-range-problem.md,Analysis/Finding,repo,docs/runbooks/ANALYSIS-2026-07-29-the-rating-has-a-dynamic-range-problem.md,8327,c194dbee9956511824c6aea29f4e9e0791cd49cfd278cf36a5cbcb0cb0c1d3de,f4609f09,2026-07-29,f4609f09,2026-07-29
S-0252,AUDIT-2026-07-18-weather-sim-theme-parity.md,Completed Audit Report,repo,docs/runbooks/AUDIT-2026-07-18-weather-sim-theme-parity.md,9836,d22f15e5717c84387ad633aec6e8ad1a919553ed9f92dd57fc08a8959fe54cca,86d03cbd,2026-07-18,86d03cbd,2026-07-18
S-0253,AUDIT-2026-07-29-loc-governance-and-refactor-safety.md,Completed Audit Report,repo,docs/runbooks/AUDIT-2026-07-29-loc-governance-and-refactor-safety.md,10346,52de809b66e410332e5e4419e677fecf4377d1ab681ab18258aafa78935d4310,0764057a,2026-07-29,40e1be37,2026-07-29
S-0254,AUDIT-HANDOFF-2026-07-11-webgl-timeline-arch.md,Handoff Report,repo,docs/runbooks/AUDIT-HANDOFF-2026-07-11-webgl-timeline-arch.md,16015,67c6767bbbd0e4193eb5a034bd8db218feb93d2dac4077f8979bf5c875253221,72492d69,2026-07-10,1e5ae519,2026-07-10
S-0255,DESIGN-2026-07-18-marine-commit-arbiter.md,Analysis/Finding,repo,docs/runbooks/DESIGN-2026-07-18-marine-commit-arbiter.md,5638,6b6b7e4f3ba4da1674b393fd8d4104651273c50a1314bbc6311a086f121d98d3,e974bbad,2026-07-18,e974bbad,2026-07-18
S-0256,HANDOFF-2026-06-28-rating-and-batch.md,Handoff Report,repo,docs/runbooks/HANDOFF-2026-06-28-rating-and-batch.md,8123,87e9cf497d26ddb527a7affac7f06cfd1d1131198550a576b07d0de3c27f5a58,922c2d4c,2026-06-28,922c2d4c,2026-06-28
S-0257,HANDOFF-2026-06-28-surf-rating-engine-PLAN.md,Handoff Report,repo,docs/runbooks/HANDOFF-2026-06-28-surf-rating-engine-PLAN.md,21732,0c84c0d639083177dda21b43c77199006ff9f3a7801e210e0d254d7e010ff740,784d27d5,2026-06-28,139e4474,2026-06-29
S-0258,HANDOFF-2026-06-28-surf-rating-toggle-audit.md,Handoff Report,repo,docs/runbooks/HANDOFF-2026-06-28-surf-rating-toggle-audit.md,17803,e9be93fa29bccf4df58f3a752081300053fdd754fd9487e17c7c898e698f5421,a427b3d3,2026-06-28,0b232dd6,2026-06-28
S-0259,HANDOFF-2026-06-29-cron-403-grant-coarse-fade.md,Handoff Report,repo,docs/runbooks/HANDOFF-2026-06-29-cron-403-grant-coarse-fade.md,10526,2a27bb1fd7d72c486757ee56df2dcb0c6122a51b5ef93bf534dfd9400d894a1c,c3798136,2026-07-01,c3798136,2026-07-01
S-0260,HANDOFF-2026-06-30-marine-density-speed-noaa-animation.md,Handoff Report,repo,docs/runbooks/HANDOFF-2026-06-30-marine-density-speed-noaa-animation.md,12936,a49ccf19cddbce023409a26698e14338969f659008049dcbbadf5947f0034bd2,c3798136,2026-07-01,c3798136,2026-07-01
S-0261,HANDOFF-2026-06-30-marine-render-band-clearing-blend.md,Handoff Report,repo,docs/runbooks/HANDOFF-2026-06-30-marine-render-band-clearing-blend.md,8533,6569d4d7e511ff0faf6359c2110220742fcbb4d3667aba5dda62008c7067761d,c3798136,2026-07-01,c3798136,2026-07-01
S-0262,HANDOFF-2026-06-30-rating-band-particles-euro-quality.md,Handoff Report,repo,docs/runbooks/HANDOFF-2026-06-30-rating-band-particles-euro-quality.md,8285,9a85ef677dfab4834ed79f73880f31285de8b7b425e857d9d561af14650a0579,dfdfce43,2026-06-29,dfdfce43,2026-06-29
S-0263,HANDOFF-2026-07-01-clamp-revision-stamp-fix.md,Handoff Report,repo,docs/runbooks/HANDOFF-2026-07-01-clamp-revision-stamp-fix.md,7190,7ab8db972f4cafff6a27056b672af48b55a1600a778fff2211eb97f6bbccd4fc,21b8f88a,2026-07-01,21b8f88a,2026-07-01
S-0264,HANDOFF-2026-07-01-marine-clamp-coverage-and-vortex-session.md,Handoff Report,repo,docs/runbooks/HANDOFF-2026-07-01-marine-clamp-coverage-and-vortex-session.md,16927,c157b3700359bbba1ccd1e99a7e3d533550445ef16b586f14ad7323d96528784,18fa7f3b,2026-07-01,18fa7f3b,2026-07-01
S-0265,HANDOFF-2026-07-02-density-research-and-next-context.md,Handoff Report,repo,docs/runbooks/HANDOFF-2026-07-02-density-research-and-next-context.md,16012,e5c76d25c951c7f1b3cac7d208f56ee0a0108281d71488b80b81dcf48a4b1c54,e7b976c8,2026-07-02,c546d155,2026-07-02
S-0266,HANDOFF-2026-07-02-vortex-data-root-blockmean.md,Handoff Report,repo,docs/runbooks/HANDOFF-2026-07-02-vortex-data-root-blockmean.md,7528,5249912aa426900940c46ab8a7d278485c6e6f311fd42f11c8ca986e96138b6c,469e2d6f,2026-07-01,b3823ec8,2026-07-02
S-0267,HANDOFF-2026-07-03-evening-full-audit-and-repairs.md,Handoff Report,repo,docs/runbooks/HANDOFF-2026-07-03-evening-full-audit-and-repairs.md,7371,e7ad398cbc690b133ea9d8ce8e60fb09ac34a1e2626d8f1efb3c4392821f40f7,d18e9eb6,2026-07-03,d18e9eb6,2026-07-03
S-0268,HANDOFF-2026-07-03-night2-mask-root-and-audit.md,Handoff Report,repo,docs/runbooks/HANDOFF-2026-07-03-night2-mask-root-and-audit.md,12470,ad073171c8127ac8e9ab3fcdf7b7c10308cc367487bea4fc201a21a3dc15543a,30b4d864,2026-07-03,edc7cbf8,2026-07-03
S-0269,HANDOFF-2026-07-03-wave-direction-and-patches.md,Handoff Report,repo,docs/runbooks/HANDOFF-2026-07-03-wave-direction-and-patches.md,12322,396603f0bea45334a42a56c7d218b9e5f02dadabc88063d657d2b0de33385847,a7415f34,2026-07-02,28e0f16a,2026-07-02
S-0270,HANDOFF-2026-07-04-close-zoom-masking-provenance-ci.md,Handoff Report,repo,docs/runbooks/HANDOFF-2026-07-04-close-zoom-masking-provenance-ci.md,8612,a0fc483bad46a4458b6ae9a20486db5ecacf27a8ae50a63ac544db04784e1dda,d8bae450,2026-07-03,d8bae450,2026-07-03
S-0271,HANDOFF-2026-07-04-next-context.md,Handoff Report,repo,docs/runbooks/HANDOFF-2026-07-04-next-context.md,5309,e1748dbd43a32e1b01376e98b5a4a69fe6e6f0d0ef3e94b8cfeaea9357c0da0e,e4e77644,2026-07-03,e4e77644,2026-07-03
S-0272,HANDOFF-2026-07-04-pan-zoom-truth-open-transients.md,Handoff Report,repo,docs/runbooks/HANDOFF-2026-07-04-pan-zoom-truth-open-transients.md,5989,1c3ebcad414aa1874600b2622437826caba3d8beb7839b986cd8a915f6fa7ace,66b24511,2026-07-04,66b24511,2026-07-04
S-0273,HANDOFF-2026-07-05-mid-res-tier-smoothness-oom.md,Handoff Report,repo,docs/runbooks/HANDOFF-2026-07-05-mid-res-tier-smoothness-oom.md,6900,53c3459a07b687c753425a5e5694f04ddc2d33cb079aec6aafbe03d8e524685c,b2b9c97a,2026-07-05,b2b9c97a,2026-07-05
S-0274,HANDOFF-2026-07-05-night-cron-heal-coastline-oom.md,Handoff Report,repo,docs/runbooks/HANDOFF-2026-07-05-night-cron-heal-coastline-oom.md,8752,1acf8da67416fa8c3f8a32217793cc504383419ba3963e2e31c1baaade13697c,a544e89e,2026-07-05,1a0db00e,2026-07-05
S-0275,HANDOFF-2026-07-06-day2-realism-radar-chips.md,Handoff Report,repo,docs/runbooks/HANDOFF-2026-07-06-day2-realism-radar-chips.md,9348,8c52ea8fb796e6290be55890ef92862590fdf2716b7093a80a0f679303a987d1,f228c762,2026-07-06,f228c762,2026-07-06
S-0276,HANDOFF-2026-07-06-eve-radar-runpin-euro-guard-lightning.md,Handoff Report,repo,docs/runbooks/HANDOFF-2026-07-06-eve-radar-runpin-euro-guard-lightning.md,71680,2ec60853cc1e4d409eb811fcfe1195b50a6f89fdd4338cf2eb6b2ec76840370d,201d6a7b,2026-07-06,806976d4,2026-07-07
S-0277,HANDOFF-2026-07-06-night-euro-tail-mask-truth-switch-churn.md,Handoff Report,repo,docs/runbooks/HANDOFF-2026-07-06-night-euro-tail-mask-truth-switch-churn.md,9353,f6453bba1fc60ba4499f1ad3d221ce9a3451c29db8e1d25355271e0b8494deed,b2e78952,2026-07-05,b2e78952,2026-07-05
S-0278,HANDOFF-2026-07-08-radar-coverage-precip-and-scrub.md,Handoff Report,repo,docs/runbooks/HANDOFF-2026-07-08-radar-coverage-precip-and-scrub.md,14797,5dee0a9d9f39f79313f6be9682fb786232b56090706a4c1e32aece21582c3cc7,be7c7a54,2026-07-08,1b78b3ae,2026-07-08
S-0279,HANDOFF-2026-07-08-radar-transition-scrub-perf-and-backlog.md,Handoff Report,repo,docs/runbooks/HANDOFF-2026-07-08-radar-transition-scrub-perf-and-backlog.md,38188,6fa23f6d7ad71cf2eefe3b75c9222fb1e0fbc267decaaa7f218903e28bb91167,89ee5455,2026-07-08,20bcffe1,2026-07-08
S-0280,HANDOFF-2026-07-09-EOD-marine-scrub-and-scrubperf-map.md,Handoff Report,repo,docs/runbooks/HANDOFF-2026-07-09-EOD-marine-scrub-and-scrubperf-map.md,18495,452e88ea8762a1acd8a28dae3ccb73157de30fbe337e817f03883951f4084b37,28840fe4,2026-07-09,5fcf8276,2026-07-09
S-0281,HANDOFF-2026-07-09-radar-close-and-marine-start.md,Handoff Report,repo,docs/runbooks/HANDOFF-2026-07-09-radar-close-and-marine-start.md,20474,3c5d1faa394babd0eb6713642dfd7dc9eb871d37561842041713dacde804e0d6,2124e103,2026-07-09,9c21de24,2026-07-09
S-0282,HANDOFF-2026-07-10-audit-day-close.md,Handoff Report,repo,docs/runbooks/HANDOFF-2026-07-10-audit-day-close.md,6072,5f2055ec6dbb919dace1328f50cee86c4e8c28b4c861dd3e3eb3f17e59d423e1,1939082b,2026-07-10,1939082b,2026-07-10
S-0283,HANDOFF-2026-07-10-eve-verification-P6-P8-cleanups.md,Handoff Report,repo,docs/runbooks/HANDOFF-2026-07-10-eve-verification-P6-P8-cleanups.md,4453,f70e3e902cd0c5820bdbd8c834493a9ef11956222b20846e469484f71c37873f,7cd81a80,2026-07-10,7cd81a80,2026-07-10
S-0284,HANDOFF-2026-07-10-scrub-arc-close-and-audit-start.md,Handoff Report,repo,docs/runbooks/HANDOFF-2026-07-10-scrub-arc-close-and-audit-start.md,5881,eef030f8db2957f3de5a88fedce32de4dccd9753107d1c557d05dd31a7a25c8c,ff123adf,2026-07-09,e6f927ca,2026-07-10
S-0285,HANDOFF-2026-07-11-EOD-fresh-bootstrap.md,Handoff Report,repo,docs/runbooks/HANDOFF-2026-07-11-EOD-fresh-bootstrap.md,8986,a9f78aee3a2657bdfcedc8c26106e74e0d84f9a87c7f87abe646b41bc34f99dc,9e446f99,2026-07-11,9e446f99,2026-07-11
S-0286,HANDOFF-2026-07-11-EVE-radar-baseline-and-intersect-prefer.md,Handoff Report,repo,docs/runbooks/HANDOFF-2026-07-11-EVE-radar-baseline-and-intersect-prefer.md,11895,b58f8948afd1713ed3394c57ebb0a19677211f75e63dd0937c28350cb563dbfc,64e1cfff,2026-07-11,06f8fc33,2026-07-11
S-0287,HANDOFF-2026-07-11-pipeline3-feel-and-wt-halo.md,Handoff Report,repo,docs/runbooks/HANDOFF-2026-07-11-pipeline3-feel-and-wt-halo.md,20418,dad89170caa5229fcbd930cf29021283b54cf2fd0283ec34d0fa5dee845e53f3,d9b4be74,2026-07-11,419a356a,2026-07-11
S-0288,HANDOFF-2026-07-11-temp-pair-close-and-raster-flash.md,Handoff Report,repo,docs/runbooks/HANDOFF-2026-07-11-temp-pair-close-and-raster-flash.md,9812,cfe9e3bf52cfbae685d9f98a34b049d54372029f3ee2ac49e7cbb8eb737344fd,4a25566c,2026-07-11,99266dae,2026-07-11
S-0289,HANDOFF-2026-07-12-EOD-mask-arc-and-band-blend.md,Handoff Report,repo,docs/runbooks/HANDOFF-2026-07-12-EOD-mask-arc-and-band-blend.md,23368,157932b6408f9ec276ffa358dc00e97afe396967658f9e31891deefafe183f67,cae94958,2026-07-12,96eed6b7,2026-07-12
S-0290,HANDOFF-2026-07-12-OPUS-BOOTSTRAP.md,Handoff Report,repo,docs/runbooks/HANDOFF-2026-07-12-OPUS-BOOTSTRAP.md,10094,f76d121b907f0c28e852bcdc827c2ae968236522d1dc6c8baa397cd72003f44a,747117d3,2026-07-11,cfd039bf,2026-07-12
S-0291,HANDOFF-2026-07-12-PLAN-rating-forward.md,Handoff Report,repo,docs/runbooks/HANDOFF-2026-07-12-PLAN-rating-forward.md,12449,ac11c95022f6e87949e6c9209d317f78881fca3992e864afcdeae4e250085fe2,3a1c1d05,2026-07-23,3a1c1d05,2026-07-23
S-0292,HANDOFF-2026-07-12-USERID-AUTH-ARCHITECTURE-BOLA-REVIEW.md,Handoff Report,repo,docs/runbooks/HANDOFF-2026-07-12-USERID-AUTH-ARCHITECTURE-BOLA-REVIEW.md,24904,7b20e19541f89aba58117f4b45cef404abf9257866c5fb058dd22a891b09cd5e,6a940031,2026-07-12,8faba42f,2026-07-13
S-0293,HANDOFF-2026-07-12-global-first-and-rating-arc.md,Handoff Report,repo,docs/runbooks/HANDOFF-2026-07-12-global-first-and-rating-arc.md,9041,b6955057d3fad8392ca0325e6f870dbd5f7ba75b1fc2ecf206f26d56c3b386ac,892d45d2,2026-07-11,892d45d2,2026-07-11
S-0294,HANDOFF-2026-07-12-rating-calibration-and-euro-band.md,Handoff Report,repo,docs/runbooks/HANDOFF-2026-07-12-rating-calibration-and-euro-band.md,14775,9aed8ca0a589162db4653a1c7734504620b7432293d62ae6936d61a55805ce9b,3a1c1d05,2026-07-23,3a1c1d05,2026-07-23
S-0295,HANDOFF-2026-07-13-ADMIN-STABILIZATION-BOOTSTRAP.md,Handoff Report,repo,docs/runbooks/HANDOFF-2026-07-13-ADMIN-STABILIZATION-BOOTSTRAP.md,15298,f5bcec80d0fa9b289623bf4434103da68e05d88eb06522e0ec65b9a827b237d9,9a82dd67,2026-07-13,9a82dd67,2026-07-13
S-0296,HANDOFF-2026-07-13-EOD-round12-close-three-symptom-audit.md,Handoff Report,repo,docs/runbooks/HANDOFF-2026-07-13-EOD-round12-close-three-symptom-audit.md,26049,ee4a404947e5ade9dc183db123c4cb3285ce8d0b2871c1c220b4a5316f435abb,c1876ff5,2026-07-13,c7b0e560,2026-07-13
S-0297,HANDOFF-2026-07-13-data-truth-and-swell-animation-decision.md,Handoff Report,repo,docs/runbooks/HANDOFF-2026-07-13-data-truth-and-swell-animation-decision.md,30419,c590fab90c3c828baed4b367b57301120d9ffa5d2c2ee5a744aa59e99e9a38a9,c3b56819,2026-07-12,84e1cbc0,2026-07-13
S-0298,HANDOFF-2026-07-14-marathon-close-stability-arc.md,Handoff Report,repo,docs/runbooks/HANDOFF-2026-07-14-marathon-close-stability-arc.md,54305,deae9d86b7522e260fc9d04ce20d65acc47b5cd3444860d1a64c4989a629785f,b5042701,2026-07-13,e8f10955,2026-07-14
S-0299,HANDOFF-2026-07-15-AUDIT-marine-landbleed-and-14day-pilots.md,Handoff Report,repo,docs/runbooks/HANDOFF-2026-07-15-AUDIT-marine-landbleed-and-14day-pilots.md,14722,2d97d3e54dfa2c56812f03287e5d01beacde5137af560491af99b31d24e59fda,e94f21aa,2026-07-15,7a11047a,2026-07-15
S-0300,HANDOFF-2026-07-15-marine-landbleed-arc-and-14day-phase2.md,Handoff Report,repo,docs/runbooks/HANDOFF-2026-07-15-marine-landbleed-arc-and-14day-phase2.md,7915,e374cd4579c086f54722db2eb55b9c7b921f8ba505f9b9e23fa29743b49100d6,b7a33c61,2026-07-15,b7a33c61,2026-07-15
S-0301,HANDOFF-2026-07-15-marine-render-fixes-and-zoomout-arc.md,Handoff Report,repo,docs/runbooks/HANDOFF-2026-07-15-marine-render-fixes-and-zoomout-arc.md,11387,24e7aee34281803223462532c131ebd1aae335895ddeee97345693aceae1f429,06cd5590,2026-07-15,06cd5590,2026-07-15
S-0302,HANDOFF-2026-07-16-EOD-zoomout-arc-closed-and-crest-ringfill.md,Handoff Report,repo,docs/runbooks/HANDOFF-2026-07-16-EOD-zoomout-arc-closed-and-crest-ringfill.md,24942,74408baf1d0423c2b9d279ee0d4f6ea15e730291394f49300ed36c8c5f469008,13ec76a7,2026-07-16,be4e13f7,2026-07-16
S-0303,HANDOFF-2026-07-16-NIGHT-ringfill-flashchain-layers-lru.md,Handoff Report,repo,docs/runbooks/HANDOFF-2026-07-16-NIGHT-ringfill-flashchain-layers-lru.md,21102,ae56da118bde6168408d36f012687976e5be9c8b5ea6d9b4148359b5e92d17e8,7618bf11,2026-07-16,4325437c,2026-07-17
S-0304,HANDOFF-2026-07-16-zoomout-clearing-arc-and-phase2-verify.md,Handoff Report,repo,docs/runbooks/HANDOFF-2026-07-16-zoomout-clearing-arc-and-phase2-verify.md,11910,ea812df731aa232f760958b0aad50d9982095cba43ba907a19becd2b1daef63c,7a76fd2d,2026-07-16,ef0389f7,2026-07-16
S-0305,HANDOFF-2026-07-17-EOD-sevenships-curtain-toggle-security.md,Handoff Report,repo,docs/runbooks/HANDOFF-2026-07-17-EOD-sevenships-curtain-toggle-security.md,9365,fccd97c60dc7c14fa76beeb26375cab8c18f467a2646bef1f3599804cd2fea77,544b6008,2026-07-17,544b6008,2026-07-17
S-0306,HANDOFF-2026-07-18-DEEP-AUDIT-fencepost-head3-and-state-of-the-sim.md,Handoff Report,repo,docs/runbooks/HANDOFF-2026-07-18-DEEP-AUDIT-fencepost-head3-and-state-of-the-sim.md,7873,61d2b0aa09ad14470a8e18ee3313ad18d87cc471a77494fb0b7c61b7e1a8d866,0b8072f2,2026-07-18,0b8072f2,2026-07-18
S-0307,HANDOFF-2026-07-18-EOD-dpr-fencepost-hour0-testing-and-gap-analysis.md,Handoff Report,repo,docs/runbooks/HANDOFF-2026-07-18-EOD-dpr-fencepost-hour0-testing-and-gap-analysis.md,5582,75482bfa9e1de80ce84ea3eb727cb6848d65b348689ef5da2550a168402281d7,0a11a0bf,2026-07-18,0a11a0bf,2026-07-18
S-0308,HANDOFF-2026-07-18-EVE-wrapmirror-coldveil-and-verification.md,Handoff Report,repo,docs/runbooks/HANDOFF-2026-07-18-EVE-wrapmirror-coldveil-and-verification.md,19244,ce2360fe418a540d1ef957ad178e31a778f1126c9d9863a17fd57626864c25f7,fb16d294,2026-07-18,228751f4,2026-07-18
S-0309,HANDOFF-2026-07-18-EVE2-toggle-wedge-root-and-landaware-verdict.md,Handoff Report,repo,docs/runbooks/HANDOFF-2026-07-18-EVE2-toggle-wedge-root-and-landaware-verdict.md,22779,2d821e6beac71a3cf866a2e478f7ba1706b2fe92b21147ee27d71178807a537a,85b6ec2c,2026-07-18,eb9857d5,2026-07-18
S-0310,HANDOFF-2026-07-18-NIGHT-tides-fencepost2-chainlineage-pagination.md,Handoff Report,repo,docs/runbooks/HANDOFF-2026-07-18-NIGHT-tides-fencepost2-chainlineage-pagination.md,6248,1ffb0b0d7041635597fdd19811def886a7f96c935b767f60c5d908b9ea5ed1c6,4ee5b853,2026-07-18,dff52498,2026-07-18
S-0311,HANDOFF-2026-07-18-hour0-first-paint-lane-design.md,Handoff Report,repo,docs/runbooks/HANDOFF-2026-07-18-hour0-first-paint-lane-design.md,4858,51a8c80a6ff412203a44136b7f718b386d75acfd20afb057e516912e0d478c28,ec6e775f,2026-07-17,ec6e775f,2026-07-17
S-0312,HANDOFF-2026-07-19-EVE-wind-verification-and-viewport-fine-tier.md,Handoff Report,repo,docs/runbooks/HANDOFF-2026-07-19-EVE-wind-verification-and-viewport-fine-tier.md,8892,48539900147d39af1171e46062c24149da27fcf0248e1cd663ec0454ac1cfb96,577eb4b4,2026-07-19,577eb4b4,2026-07-19
S-0313,HANDOFF-2026-07-19-NIGHT-wind-regression-arc-and-visual-upgrades.md,Handoff Report,repo,docs/runbooks/HANDOFF-2026-07-19-NIGHT-wind-regression-arc-and-visual-upgrades.md,6248,72aa98a53cee1d1a63bb121c00b7a306b764720b47a8dd150e86df51ed901522,898729a8,2026-07-19,a64230dc,2026-07-19
S-0314,HANDOFF-2026-07-19-queue-5-9-native-recovery-two-texture-tier-on.md,Handoff Report,repo,docs/runbooks/HANDOFF-2026-07-19-queue-5-9-native-recovery-two-texture-tier-on.md,17693,916ca0aac181bc910da3938baaad2d151d35ad4962fca1d1b07ce8792b90e997,8cfa9ecd,2026-07-19,3d8a1e85,2026-07-19
S-0315,HANDOFF-2026-07-19-wind-legibility-arc.md,Handoff Report,repo,docs/runbooks/HANDOFF-2026-07-19-wind-legibility-arc.md,6776,6b52ca0a8fb15d6ce02731e85a0ac2cfee3bb6ff5fba980b201f9b574e61bbeb,8cd1679e,2026-07-19,8cd1679e,2026-07-19
S-0316,HANDOFF-2026-07-20-DAY-global-overlay-audit-queue-and-debt.md,Handoff Report,repo,docs/runbooks/HANDOFF-2026-07-20-DAY-global-overlay-audit-queue-and-debt.md,7188,5bf28116930b493657aee8045e377dfa7c93848bf4d578d15d21fe09e8d1042a,06d1247b,2026-07-20,06d1247b,2026-07-20
S-0317,HANDOFF-2026-07-20-EVE-estimator-guard-and-queue-verifications.md,Handoff Report,repo,docs/runbooks/HANDOFF-2026-07-20-EVE-estimator-guard-and-queue-verifications.md,21986,a90a09eed39efcd0a22ce8d1ed330d20b6b337043a75421e7eb575f0e6ce3077,c930ed19,2026-07-20,2e463450,2026-07-20
S-0318,HANDOFF-2026-07-20-NIGHT-global-overlay-arc-and-livelock-roots.md,Handoff Report,repo,docs/runbooks/HANDOFF-2026-07-20-NIGHT-global-overlay-arc-and-livelock-roots.md,8520,cb7bd1d49c57cce346833b850363668a9f9abf86eaea4d93b77978784c6183fd,8e973865,2026-07-20,8daaeb24,2026-07-20
S-0319,HANDOFF-2026-07-20-wind-close-marine-lessons-and-forward-plan.md,Handoff Report,repo,docs/runbooks/HANDOFF-2026-07-20-wind-close-marine-lessons-and-forward-plan.md,8256,b3d9f4c37ba0fd45f562614b90b1e061076856ccf762a2733442f270017d7a0f,f2c75c7c,2026-07-19,6c99356e,2026-07-19
S-0320,HANDOFF-2026-07-21-EVE-wind-triage-and-marine-refeed.md,Handoff Report,repo,docs/runbooks/HANDOFF-2026-07-21-EVE-wind-triage-and-marine-refeed.md,10909,0d33f5eca96a46794378fca9eb62aa5abe9987589d1a643b1dee2fe05ce81827,001b98eb,2026-07-21,001b98eb,2026-07-21
S-0321,HANDOFF-2026-07-21-OPUS48-SDF-COASTLINE-best-in-class.md,Handoff Report,repo,docs/runbooks/HANDOFF-2026-07-21-OPUS48-SDF-COASTLINE-best-in-class.md,13792,73abcb8c16273c7e78040ae0a02e90204c3609d9d03fc513475f600756328afe,9297e5f4,2026-07-21,9297e5f4,2026-07-21
S-0322,HANDOFF-2026-07-21-OPUS48-marine-coverage-cluster-sources-1-2.md,Handoff Report,repo,docs/runbooks/HANDOFF-2026-07-21-OPUS48-marine-coverage-cluster-sources-1-2.md,10023,27c1a241eb49007dc7c8dd25abe05380e0f09862b01459a94601a3990d394c03,81ab3d0b,2026-07-21,7c28e001,2026-07-21
S-0323,HANDOFF-2026-07-21-OPUS48-marine-stability-arc-and-halo-gate.md,Handoff Report,repo,docs/runbooks/HANDOFF-2026-07-21-OPUS48-marine-stability-arc-and-halo-gate.md,8197,89e21dce3d9e67111d06e3c0991eb54523babdf53a7479e64c4a4ccaa3d4c1f0,eef17b2a,2026-07-21,eef17b2a,2026-07-21
S-0324,HANDOFF-2026-07-21-OPUS48-takeover-wind-delivery-and-marine-cluster.md,Handoff Report,repo,docs/runbooks/HANDOFF-2026-07-21-OPUS48-takeover-wind-delivery-and-marine-cluster.md,8639,6fcb319e20e7339cb4e574498a8cdb3c532d1e25be8d3fb30430ac7e18c56b34,789392b7,2026-07-20,789392b7,2026-07-20
S-0325,HANDOFF-2026-07-22-OPUS48-EVE-euro-gulf-partition-fix-and-frontend-arc.md,Handoff Report,repo,docs/runbooks/HANDOFF-2026-07-22-OPUS48-EVE-euro-gulf-partition-fix-and-frontend-arc.md,8771,84c22645b92b9642431a303ca1d53e1f130a913d227874d6b535c1f71eaf181b,3a1c1d05,2026-07-23,3a1c1d05,2026-07-23
S-0326,HANDOFF-2026-07-22-OPUS48-lifecycle-fixes-and-EURO-gulf-GFS-fill.md,Handoff Report,repo,docs/runbooks/HANDOFF-2026-07-22-OPUS48-lifecycle-fixes-and-EURO-gulf-GFS-fill.md,14249,cc82da3407a1e974e91727a7b924916754d62fe39609f949997f5449d3f6f3a2,774bd4a2,2026-07-22,a6763824,2026-07-22
S-0327,HANDOFF-2026-07-22-OPUS48-marine-accuracy-and-switching-arc.md,Handoff Report,repo,docs/runbooks/HANDOFF-2026-07-22-OPUS48-marine-accuracy-and-switching-arc.md,13396,175668f8e59268a782772e7b6a6939629c8b0bde5f4af5d7b115ce01066ab2d4,e65530b8,2026-07-21,e65530b8,2026-07-21
S-0328,HANDOFF-2026-07-23-OPUS48-ANTIMERIDIAN-ARC-4-fixed-2-open.md,Handoff Report,repo,docs/runbooks/HANDOFF-2026-07-23-OPUS48-ANTIMERIDIAN-ARC-4-fixed-2-open.md,7763,4685419e16264ddcc485976f033329e19214e7e33e71c8a50f982d7aeb18b390,379b508f,2026-07-23,379b508f,2026-07-23
S-0329,HANDOFF-2026-07-23-OPUS48-EOD-marine-revert-and-open-forensics.md,Handoff Report,repo,docs/runbooks/HANDOFF-2026-07-23-OPUS48-EOD-marine-revert-and-open-forensics.md,6882,a5b2cd0df4a006ff1b59333184dd540baa3776d4a06d6003305667cf77a424c6,3a1c1d05,2026-07-23,3a1c1d05,2026-07-23
S-0330,HANDOFF-2026-07-23-OPUS48-EURO-marine-zoomout-mask-arc.md,Handoff Report,repo,docs/runbooks/HANDOFF-2026-07-23-OPUS48-EURO-marine-zoomout-mask-arc.md,10861,11b1733038bcd90efad24c3c8a88f5a59b92bc2f4507ae9f3a8cb39763c90579,3a1c1d05,2026-07-23,3a1c1d05,2026-07-23
S-0331,HANDOFF-2026-07-23-OPUS48-marine-3deg-lod-and-open-items.md,Handoff Report,repo,docs/runbooks/HANDOFF-2026-07-23-OPUS48-marine-3deg-lod-and-open-items.md,9087,a921eed8d9bab3825ebfecd0266e2ce6181ed8868d78ecf154b9bf2808284874,3a1c1d05,2026-07-23,3a1c1d05,2026-07-23
S-0332,HANDOFF-2026-07-24-FOR-CODEX-uncommitted-marine-wip-review.md,Handoff Report,repo,docs/runbooks/HANDOFF-2026-07-24-FOR-CODEX-uncommitted-marine-wip-review.md,8485,f33878df874918bb4925ca74086cf45f0ff2d7895e9914c64a68982df421f7f6,82bd76b3,2026-07-25,82bd76b3,2026-07-25
S-0333,HANDOFF-2026-07-24-NEXT-marine-rectangle-SINGLE-ISSUE.md,Handoff Report,repo,docs/runbooks/HANDOFF-2026-07-24-NEXT-marine-rectangle-SINGLE-ISSUE.md,8930,f2566dbf94f1ed7be82343b5f0f72f6b333fff45d75c69104d020c4f379837dd,cb80b48a,2026-07-23,cb80b48a,2026-07-23
S-0334,HANDOFF-2026-07-24-OPUS48-EVE-render-restart-under-load-429-breaker.md,Handoff Report,repo,docs/runbooks/HANDOFF-2026-07-24-OPUS48-EVE-render-restart-under-load-429-breaker.md,7839,15c291ed12d32d8559433455f78e1c226c8c3c025e51e519a17e660d5e2a105f,09e2c8d4,2026-07-24,09e2c8d4,2026-07-24
S-0335,HANDOFF-2026-07-24-OPUS48-antimeridian-close-and-marine-regression-dive.md,Handoff Report,repo,docs/runbooks/HANDOFF-2026-07-24-OPUS48-antimeridian-close-and-marine-regression-dive.md,13012,ae0cdebe3e4887c9034320892e8ac325b718c7c47df00b674684b462bbe14d83,9559e166,2026-07-23,b9e29914,2026-07-23
S-0336,HANDOFF-2026-07-25-FOR-CLAUDE-DESKTOP-profile-follow-state.md,Handoff Report,repo,docs/runbooks/HANDOFF-2026-07-25-FOR-CLAUDE-DESKTOP-profile-follow-state.md,2156,7bf8d86e51d59d60b304e6ed5c1302fd540d0e6c27a578e985be44958df6efb6,151e410d,2026-07-25,151e410d,2026-07-25
S-0337,HANDOFF-2026-07-26-DEBT-CACHE-03-z6-global-resident-CORRECTED-ROOT.md,Handoff Report,repo,docs/runbooks/HANDOFF-2026-07-26-DEBT-CACHE-03-z6-global-resident-CORRECTED-ROOT.md,4715,0ad8aa437804e647ed21f12bf90d8efeff0fca2905d4eb6e755b5970e2169b6e,5ec29a63,2026-07-26,5ec29a63,2026-07-26
S-0338,HANDOFF-2026-07-26-EVE-shore-normal-etopo-shipped.md,Handoff Report,repo,docs/runbooks/HANDOFF-2026-07-26-EVE-shore-normal-etopo-shipped.md,20777,bada8ab430716aeee881c927efc3e88dea380477d79de4187dc2c86bbc337c56,089422ef,2026-07-26,a3107eea,2026-07-26
S-0339,HANDOFF-2026-07-26-OPUS5-accuracy-arc-and-measurement-revival.md,Handoff Report,repo,docs/runbooks/HANDOFF-2026-07-26-OPUS5-accuracy-arc-and-measurement-revival.md,14782,0bfddc941a47922376d3916839c607f364cca5b29d33c6cc61854c12ebaf2ea7,4ec3b28d,2026-07-26,4ec3b28d,2026-07-26
S-0340,HANDOFF-2026-07-27-EVE-weather-sim-and-the-water-blind-detector.md,Handoff Report,repo,docs/runbooks/HANDOFF-2026-07-27-EVE-weather-sim-and-the-water-blind-detector.md,14060,249d868fc3320292543c62b5cc3a08198055db2bd243bffd227871cf3cf8a4e9,e5e24a81,2026-07-27,74409a85,2026-07-27
S-0341,HANDOFF-2026-07-27-LATE-weather-sim-unreachable-and-forecast-blind.md,Handoff Report,repo,docs/runbooks/HANDOFF-2026-07-27-LATE-weather-sim-unreachable-and-forecast-blind.md,35652,5271ec48d737208cadd43cd1f9be0007c554de0fa81081b9333475fd28eb0705,37dbf0e5,2026-07-27,a3457650,2026-07-27
S-0342,HANDOFF-2026-07-27-NIGHT-catalogue-from-open-data.md,Handoff Report,repo,docs/runbooks/HANDOFF-2026-07-27-NIGHT-catalogue-from-open-data.md,11572,40d2edac0179717dde3bcbeed78b6b4c3f683ca55f54b8296d12769b8974ba21,59a9c6af,2026-07-27,59a9c6af,2026-07-27
S-0343,HANDOFF-2026-07-27-spot-accuracy-truth-and-missing-breaks.md,Handoff Report,repo,docs/runbooks/HANDOFF-2026-07-27-spot-accuracy-truth-and-missing-breaks.md,15632,d29d115c88366be60298faa99e900f1c957cc6f8d3412d8da00412bd194e93d7,a217cf66,2026-07-26,91b675fb,2026-07-27
S-0344,HANDOFF-2026-07-28-SESSION-AUDIT-sim-geometry-catalogue.md,Handoff Report,repo,docs/runbooks/HANDOFF-2026-07-28-SESSION-AUDIT-sim-geometry-catalogue.md,18973,198256f62f56b573355ac5978b458980545946133e771135a741837707100259,1fd93436,2026-07-27,9375b534,2026-07-27
S-0345,HANDOFF-2026-07-28-sim-identity-and-the-blind-admin.md,Handoff Report,repo,docs/runbooks/HANDOFF-2026-07-28-sim-identity-and-the-blind-admin.md,24778,242d60a7bed6b69623c6ad1641c9d017e8b14aedd77f547c407b53a7e82dda1e,f156c2e0,2026-07-27,902f47a9,2026-07-28
S-0346,HANDOFF-2026-07-29-EVE-the-oversize-gate-and-the-windsea-measurement.md,Handoff Report,repo,docs/runbooks/HANDOFF-2026-07-29-EVE-the-oversize-gate-and-the-windsea-measurement.md,19754,03c8af322420913604bbee57a98e825cf36da395fa4309f30accb6052c40beaf,832a3897,2026-07-28,04c38e0e,2026-07-28
S-0347,HANDOFF-2026-07-29-NIGHT-the-fl-report-and-why-the-rating-says-what-it-says.md,Handoff Report,repo,docs/runbooks/HANDOFF-2026-07-29-NIGHT-the-fl-report-and-why-the-rating-says-what-it-says.md,8154,e59030ffe63778e61c1bfae881d730bb44c7f95829c6e31e1e34e09aee05f5c0,09cdd7e0,2026-07-29,09cdd7e0,2026-07-29
S-0348,HANDOFF-2026-07-29-NIGHT-the-instrument-and-the-pin-that-never-syncs.md,Handoff Report,repo,docs/runbooks/HANDOFF-2026-07-29-NIGHT-the-instrument-and-the-pin-that-never-syncs.md,12478,58aaea156fc5ce7d127ed927b3999ff87729d69c15db315aefbfbddd242dce9d,19da1140,2026-07-28,19da1140,2026-07-28
S-0349,HANDOFF-2026-07-29-surf-physics-audit-and-the-missing-refraction.md,Handoff Report,repo,docs/runbooks/HANDOFF-2026-07-29-surf-physics-audit-and-the-missing-refraction.md,25396,f70ac6cb4787a01bb8f017425ef2a6dad193f3776f6b49ece1a2c927205becff,222d8255,2026-07-28,a44d5d23,2026-07-28
S-0350,HANDOFF-2026-07-30-EVE-provenance-geometry-and-the-jacobian.md,Handoff Report,repo,docs/runbooks/HANDOFF-2026-07-30-EVE-provenance-geometry-and-the-jacobian.md,16173,d22d1a5d3050483adb7b8b965ee75841af41fb9f20d9b32c43187066f610c098,5c1a3e94,2026-07-28,5c1a3e94,2026-07-28
S-0351,HANDOFF-2026-07-30-NIGHT-blank-day-family-and-site-dominance.md,Handoff Report,repo,docs/runbooks/HANDOFF-2026-07-30-NIGHT-blank-day-family-and-site-dominance.md,13518,a7454ee50a337546752ef92d05205ff29d762f67eabd29ad9fac71dc1d6260ec,48238cf6,2026-07-30,46bcffbb,2026-07-30
S-0352,HANDOFF-2026-07-30-real-data-for-every-glyph.md,Handoff Report,repo,docs/runbooks/HANDOFF-2026-07-30-real-data-for-every-glyph.md,9303,d646f746cdc0a7cb51ba41b9b12e719dbbd4d8e5f20cbc0c4d84ec32e90dbe45,3f315283,2026-07-30,3f315283,2026-07-30
S-0353,HANDOFF-2026-07-30-the-sim-one-composition-and-the-time-dimension.md,Handoff Report,repo,docs/runbooks/HANDOFF-2026-07-30-the-sim-one-composition-and-the-time-dimension.md,18756,8e53b7466b1085e86a29c8154473355b37c275d78879d84b1331994c5a44b12d,acab26d9,2026-07-28,0d102e91,2026-07-29
S-0354,HANDOFF-2026-07-31-LATE-the-infobox-quantity-and-five-false-positives.md,Handoff Report,repo,docs/runbooks/HANDOFF-2026-07-31-LATE-the-infobox-quantity-and-five-false-positives.md,10471,3158067d6eea9b0044b0802b2ed3051e5be945b5132e1552d3ac30c4d4673db3,ff4f651e,2026-07-31,ff4f651e,2026-07-31
S-0355,HANDOFF-2026-07-31-NIGHT-the-sim-gained-space-and-found-the-gate.md,Handoff Report,repo,docs/runbooks/HANDOFF-2026-07-31-NIGHT-the-sim-gained-space-and-found-the-gate.md,14168,b2f37d9657eab1c32ef3c1d02497924334908991fdda769a618d730b68f009ca,a99a93b4,2026-07-31,3ae53a5e,2026-07-31
S-0356,HANDOFF-2026-07-31-geometry-in-the-db-and-the-queue.md,Handoff Report,repo,docs/runbooks/HANDOFF-2026-07-31-geometry-in-the-db-and-the-queue.md,6262,41a38c7bf9e0b467d96fb78f6664579a8231b035da9dbfd52fc0f2989ed9871d,513fd568,2026-07-30,513fd568,2026-07-30
S-0357,HANDOFF-2026-07-31-the-coverage-class.md,Handoff Report,repo,docs/runbooks/HANDOFF-2026-07-31-the-coverage-class.md,9868,742f5c0d04ba8bddf6a40eefbfcbeaaae9d27471215b2dbbb0c9142fc6bf6095,47418640,2026-07-31,26757a0a,2026-07-31
S-0358,HANDOFF-2026-08-01-B-audit-close-and-the-queue-that-moved.md,Handoff Report,repo,docs/runbooks/HANDOFF-2026-08-01-B-audit-close-and-the-queue-that-moved.md,8846,a5362155a2944bb1c3d4480b8e3c3a917ab47a40fdf751a4f2e14bf10848020e,e42534d1,2026-08-01,e42534d1,2026-08-01
S-0359,HANDOFF-2026-08-01-C-provenance-jacobian-carryover.md,Handoff Report,repo,docs/runbooks/HANDOFF-2026-08-01-C-provenance-jacobian-carryover.md,9419,ac8ac1d2bca0544d5c6f4b047a950c43b972440f6dafee4f2a4089efddb8f153,4d163a62,2026-08-01,4d163a62,2026-08-01
S-0360,HANDOFF-2026-08-01-D-sim-reference-audit-and-the-graft-that-outranked-it.md,Handoff Report,repo,docs/runbooks/HANDOFF-2026-08-01-D-sim-reference-audit-and-the-graft-that-outranked-it.md,13329,2bf8356549478763707ed23b025b0d79a9dc4e62b299d0d375a22cdb48aed5a0,411dd45b,2026-08-01,a945bdd5,2026-08-01
S-0361,HANDOFF-2026-08-01-E-the-cloud-routines-and-the-local-size-flip.md,Handoff Report,repo,docs/runbooks/HANDOFF-2026-08-01-E-the-cloud-routines-and-the-local-size-flip.md,12561,7562ed04a0b5268b880a7adc777c7bdf3fd7352a82378b1e418a12b5185d62a9,5bedab16,2026-08-01,5bedab16,2026-08-01
S-0362,HANDOFF-2026-08-01-F-the-sim-reads-the-served-curve.md,Handoff Report,repo,docs/runbooks/HANDOFF-2026-08-01-F-the-sim-reads-the-served-curve.md,12112,66f92bba3bbe9499c161ce618bdcfe668973e21df7b0d5a8d63e29ded238d7e5,84259d7a,2026-08-01,84259d7a,2026-08-01
S-0363,HANDOFF-2026-08-01-G-the-ranker-I-missed-and-the-monitor-I-blinded.md,Handoff Report,repo,docs/runbooks/HANDOFF-2026-08-01-G-the-ranker-I-missed-and-the-monitor-I-blinded.md,13160,c200ca221f5243ce377fad0c966fce448b8b00f4ae230424041bdb8ed39c777a,3d3e15c2,2026-08-01,1ad57efa,2026-08-01
S-0364,HANDOFF-2026-08-01-H-the-marine-pipeline-audit-and-the-plan.md,Handoff Report,repo,docs/runbooks/HANDOFF-2026-08-01-H-the-marine-pipeline-audit-and-the-plan.md,9390,91b6dcdd419efd2ebe9c954defc1b17c3c0f9ffa89734eafedd31294d150882a,1d269d97,2026-08-01,1d269d97,2026-08-01
S-0365,HANDOFF-2026-08-01-I-audit-to-implementation.md,Handoff Report,repo,docs/runbooks/HANDOFF-2026-08-01-I-audit-to-implementation.md,9307,1eaacff7819d2b7b06fb401fcff7c187bfc3cdacdf41cbf0331fd1c8affa978b,dd3c8614,2026-08-01,dd3c8614,2026-08-01
S-0366,HANDOFF-2026-08-01-the-rotation-was-rationing-a-cost-that-was-never-real.md,Handoff Report,repo,docs/runbooks/HANDOFF-2026-08-01-the-rotation-was-rationing-a-cost-that-was-never-real.md,13078,25c28cb91ef294067fead2f8a286d3a751e79d522b3ebcbf15be4fb7c354b2a2,ba33be84,2026-08-01,ba33be84,2026-08-01
S-0367,HANDOFF-2026-08-01-two-agents-one-tree-and-a-fix-that-could-not-fire.md,Handoff Report,repo,docs/runbooks/HANDOFF-2026-08-01-two-agents-one-tree-and-a-fix-that-could-not-fire.md,11842,84e1f5b7ade2ab0471b2d8a9e48e72dc61b0c6358c8d2dc5b635b36f9795e535,eb87b224,2026-07-31,30da070c,2026-07-31
S-0368,HANDOFF-2026-08-02-audit-v5-to-M4-composition.md,Handoff Report,repo,docs/runbooks/HANDOFF-2026-08-02-audit-v5-to-M4-composition.md,10420,d1d78ed536dfa385214a8a61fa5bd8a112a8e3b51bb4d24224cf46518dad9a2d,2f641379,2026-08-02,79056047,2026-08-02
S-0369,HANDOFF-2026-08-03-B-the-ladder-and-the-missing-distribution.md,Handoff Report,repo,docs/runbooks/HANDOFF-2026-08-03-B-the-ladder-and-the-missing-distribution.md,9450,68468142fb17c91059c5b85ec445a70fef2328dcda74346fc5a9e7c88f7fc744,66408b9f,2026-08-03,66408b9f,2026-08-03
S-0370,HANDOFF-2026-08-03-C-the-science-said-no-and-the-era5-lane-already-exists.md,Handoff Report,repo,docs/runbooks/HANDOFF-2026-08-03-C-the-science-said-no-and-the-era5-lane-already-exists.md,8192,36240fe603cb173dee8644cfa535461dca0ee17ae9485443343674e57e37c8e6,c7bff7da,2026-08-03,c7bff7da,2026-08-03
S-0371,HANDOFF-2026-08-03-D-the-ceiling-is-attributed-and-the-era5-lane-was-blocked-by-itself.md,Handoff Report,repo,docs/runbooks/HANDOFF-2026-08-03-D-the-ceiling-is-attributed-and-the-era5-lane-was-blocked-by-itself.md,11530,54d5d7b6139c7b1db4789be9077549f422d4c5e3a36aa76e711130a19055308e,7be486af,2026-08-03,09e9b28c,2026-08-03
S-0372,HANDOFF-2026-08-03-the-consumer-and-the-jacobian.md,Handoff Report,repo,docs/runbooks/HANDOFF-2026-08-03-the-consumer-and-the-jacobian.md,8311,6a85d608ecf21aa0541fe4e269c53197a6ba7a1011a1dad73336d4bcbcd4cacb,ca585099,2026-08-03,ca585099,2026-08-03
S-0373,HANDOFF-2026-08-03-the-oom-and-the-day-the-audit-shipped.md,Handoff Report,repo,docs/runbooks/HANDOFF-2026-08-03-the-oom-and-the-day-the-audit-shipped.md,14631,8f313684f47eb94e441ebcd7d1e3493af31db5c26813634dc33c97bc3a41023d,d0bfb7ef,2026-08-02,d0bfb7ef,2026-08-02
S-0374,HANDOFF-2026-08-04-B-the-exposure-cliff-is-what-the-gate-is-hiding.md,Handoff Report,repo,docs/runbooks/HANDOFF-2026-08-04-B-the-exposure-cliff-is-what-the-gate-is-hiding.md,11527,310ef8de0d9ea27f5e874a02ebdf00db8791eb31eed49a041b91ff06059d0de5,ef18223e,2026-08-04,ef18223e,2026-08-04
S-0375,HANDOFF-2026-08-04-C-the-loc-ratchet-is-measuring-our-documentation.md,Handoff Report,repo,docs/runbooks/HANDOFF-2026-08-04-C-the-loc-ratchet-is-measuring-our-documentation.md,8895,4e625c2a5f3bfc266bad59e3928e6d485cc878b03f03e74d6cc49573a37e6018,41b5bc55,2026-08-04,41b5bc55,2026-08-04
S-0376,HANDOFF-2026-08-04-D-the-disclosure-existed-and-reached-nobody.md,Handoff Report,repo,docs/runbooks/HANDOFF-2026-08-04-D-the-disclosure-existed-and-reached-nobody.md,12435,14c5af021ae12731791eb60f8da5bbc8d0a0046b4a5a70c352e301334c3fedb4,a89d017c,2026-08-04,54e8a7f8,2026-08-04
S-0377,HANDOFF-2026-08-04-the-audit-that-overturned-itself.md,Handoff Report,repo,docs/runbooks/HANDOFF-2026-08-04-the-audit-that-overturned-itself.md,7710,b70b96b5c6f63b1d609163bf5d5591d583c6cd03319049f1547abadda2c2e3ae,6151e854,2026-08-03,6151e854,2026-08-03
S-0378,HANDOFF-2026-08-04-what-actually-stops-the-word-good.md,Handoff Report,repo,docs/runbooks/HANDOFF-2026-08-04-what-actually-stops-the-word-good.md,11729,d991aa4033ca08f049a4261b358bd490e577e2a6bbb7e27a56927e9044c60821,89e59c30,2026-08-03,ef18223e,2026-08-04
S-0379,HANDOFF-2026-08-05-B-production-is-a-static-shell-and-the-cause-is-isolated.md,Handoff Report,repo,docs/runbooks/HANDOFF-2026-08-05-B-production-is-a-static-shell-and-the-cause-is-isolated.md,7428,00f6b1be9ad73aac7b3d18a736098247bcc06b735484c6f3000ff1831d552ac0,ac08781d,2026-08-05,ac08781d,2026-08-05
S-0380,HANDOFF-2026-08-05-the-disclosure-shipped-and-the-frontend-half-is-not-live.md,Handoff Report,repo,docs/runbooks/HANDOFF-2026-08-05-the-disclosure-shipped-and-the-frontend-half-is-not-live.md,7320,783006fba4382d5c92f2e57b37dd1c412a255dfda74fca15b866fff3d8a43582,bbd7407d,2026-08-04,75fdbee2,2026-08-05
S-0381,HANDOFF-2026-08-06-B-the-probe-refuted-its-own-premise.md,Handoff Report,repo,docs/runbooks/HANDOFF-2026-08-06-B-the-probe-refuted-its-own-premise.md,9631,ea7aa8bedc8b43bc779e815bd426cce9760b5d9d6f5ce1a25b867c855ca88007,f7a63d84,2026-08-06,f7a63d84,2026-08-06
S-0382,HANDOFF-2026-08-06-the-finer-model-lost-and-the-ensemble-is-affordable.md,Handoff Report,repo,docs/runbooks/HANDOFF-2026-08-06-the-finer-model-lost-and-the-ensemble-is-affordable.md,8772,e79aa1025579192dd3cf41cb3f794cc75dcbe8fff71e03ddc3e01a2c9ae3db29,054aa4b4,2026-08-06,054aa4b4,2026-08-06
S-0383,HANDOFF-2026-08-07-B-audit-10-and-the-queue-it-cleared.md,Handoff Report,repo,docs/runbooks/HANDOFF-2026-08-07-B-audit-10-and-the-queue-it-cleared.md,14269,393dda8236e0a9a355700ce3a21fc4fb5844a8553694ab70816722cc61488249,d3fc9f8a,2026-08-07,f85fdeda,2026-08-07
S-0384,HANDOFF-2026-08-07-C-the-fourth-gate-was-a-render-gate.md,Handoff Report,repo,docs/runbooks/HANDOFF-2026-08-07-C-the-fourth-gate-was-a-render-gate.md,32182,d1081383750946555b31e1e7fec661d5df4e4b26036e50cb532eaea35613ef03,afeeb940,2026-08-07,0d7fc820,2026-08-07
S-0385,HANDOFF-2026-08-07-audit-of-this-session.md,Handoff Report,repo,docs/runbooks/HANDOFF-2026-08-07-audit-of-this-session.md,18181,19e3845460bd22e86aedc8277432bed2a419c5ab451efbdaf8b3f132a9275300,96085946,2026-08-06,c0c61bda,2026-08-06
S-0386,HANDOFF-2026-08-08-D-VERIFIED-audit-of-the-whole-session.md,Handoff Report,repo,docs/runbooks/HANDOFF-2026-08-08-D-VERIFIED-audit-of-the-whole-session.md,11835,88730e92128a7df743bd3ee6ecef1e1b26fbfb7ce716095fb00727c6247c16e0,00354906,2026-08-08,00354906,2026-08-08
S-0387,HANDOFF-2026-08-08-E-the-yardstick-was-being-replaced-underneath.md,Handoff Report,repo,docs/runbooks/HANDOFF-2026-08-08-E-the-yardstick-was-being-replaced-underneath.md,17609,cda2b157b4b0ad06e88fa0d10f628a7dd5503183e9ab620621c0c9a426672ead,1f429f90,2026-08-08,5b62b13a,2026-08-08
S-0388,HANDOFF-2026-08-09-E-the-audit-that-audited-itself.md,Handoff Report,repo,docs/runbooks/HANDOFF-2026-08-09-E-the-audit-that-audited-itself.md,13247,ec628a457ed66afbfcc422283342ca2adc4b1cebc5b99aac7e858d8b283df3ff,19889a25,2026-08-09,19889a25,2026-08-09
S-0389,HANDOFF-2026-08-10-the-oom-the-instruments-that-lied-and-a-flag-flipped.md,Handoff Report,repo,docs/runbooks/HANDOFF-2026-08-10-the-oom-the-instruments-that-lied-and-a-flag-flipped.md,11353,c6965e8dd154162264c33c4dc3392bebb6bda6a738401179c7f6bfa349769e87,43846f98,2026-08-10,43846f98,2026-08-10
S-0390,HANDOFF-2026-08-11-certification-11.2-and-six-instruments-that-could-not-see.md,Handoff Report,repo,docs/runbooks/HANDOFF-2026-08-11-certification-11.2-and-six-instruments-that-could-not-see.md,8295,8a6ed2e3e30bf5dbb1d569342d32ad91a966f1bfd2e02729e9f993a71aa1952e,23743f63,2026-08-11,23743f63,2026-08-11
S-0391,HANDOFF-2026-08-11-the-memory-arc-closed-and-three-attributions-i-got-wrong.md,Handoff Report,repo,docs/runbooks/HANDOFF-2026-08-11-the-memory-arc-closed-and-three-attributions-i-got-wrong.md,9752,7cdc6e4e7c6abf27c3f056467d3b986670cfd84cb5ed7d372f29ad13e4f63840,e015d90b,2026-08-10,e015d90b,2026-08-10
S-0392,HANDOFF-2026-08-11-the-oom-attributed-the-flip-validated-and-four-instruments-that-lied.md,Handoff Report,repo,docs/runbooks/HANDOFF-2026-08-11-the-oom-attributed-the-flip-validated-and-four-instruments-that-lied.md,12544,740d76f96c72e84d9c3374cc5e49d6fd01aa8297201ba34917c0a3b38f1961a0,700568ce,2026-08-10,700568ce,2026-08-10
S-0393,HANDOFF-2026-08-12-gate6-mask-cost-model-and-two-levers.md,Handoff Report,repo,docs/runbooks/HANDOFF-2026-08-12-gate6-mask-cost-model-and-two-levers.md,7739,72ad2e2916c3901695c9f8293c107543d5310c529b7bab9b6ec92c91b76b2ec3,69865877,2026-08-12,69865877,2026-08-12
S-0394,HANDOFF-euro-copernicus-quota-2026-06-26.md,Handoff Report,repo,docs/runbooks/HANDOFF-euro-copernicus-quota-2026-06-26.md,7563,75fb49031c3f7f51b73a7ef8e1fd4e399ec65c97773a97b8ba1d971679f4820b,ac406b12,2026-06-26,ac406b12,2026-06-26
S-0395,HANDOFF-icon-marine-dwd-direct.md,Handoff Report,repo,docs/runbooks/HANDOFF-icon-marine-dwd-direct.md,10750,b5a2c08b9f0921dd972f5cd5e3c95197944c9b32f7d7f36c4d3ee5d7215a189c,5aca6ca3,2026-06-26,5aca6ca3,2026-06-26
S-0396,HANDOFF-off-openmeteo-campaign-2026-06-27.md,Handoff Report,repo,docs/runbooks/HANDOFF-off-openmeteo-campaign-2026-06-27.md,9168,7efd0208b536b73b52b2b231ec938b4ffdfd796d7e701cb608e35e63f845d605,cfa1e6b6,2026-06-27,cfa1e6b6,2026-06-27
S-0397,HANDOFF-post-decoupling-followups-2026-06-27.md,Handoff Report,repo,docs/runbooks/HANDOFF-post-decoupling-followups-2026-06-27.md,7375,a45395d7c985940bfcc3dc866584cf82d1460fc9b57aefbfaf5edee31ffc3c2e,6b0bbcad,2026-06-27,6b0bbcad,2026-06-27
S-0398,HANDOFF-surf-colormap-and-coldstart-2026-06-28.md,Handoff Report,repo,docs/runbooks/HANDOFF-surf-colormap-and-coldstart-2026-06-28.md,17593,a4a75f40e57d031c7e2a0b47268a8255d1f0d221d29804464ec48a064a80bf7e,61ed01f3,2026-06-28,f0701ee8,2026-06-28
S-0399,HANDOFF-surf-transform-session-2026-06-28.md,Handoff Report,repo,docs/runbooks/HANDOFF-surf-transform-session-2026-06-28.md,11091,a98e849429a54ed6cfab1ad2cbbff501f3a2d81d72fe75dea17b31d6891ff230,5faa5472,2026-06-27,5faa5472,2026-06-27
S-0400,HANDOFF-weather-scrub-toggle-sync-2026-06-26.md,Handoff Report,repo,docs/runbooks/HANDOFF-weather-scrub-toggle-sync-2026-06-26.md,8282,cba1733f74e35287d302ecb276a477ce3d515f62af2cd644944632c673ee9401,9c854563,2026-06-26,9c854563,2026-06-26
S-0401,MARINE-CLUSTER-MAP-2026-07-21.md,Unknown,repo,docs/runbooks/MARINE-CLUSTER-MAP-2026-07-21.md,5160,fc8b826d41980a8a357d45211d744344033f13c1d77e25328a2574318d271f41,001b98eb,2026-07-21,001b98eb,2026-07-21
S-0402,OPS-2026-07-29-trevec-index-consumed-437gb.md,Reference Doc,repo,docs/runbooks/OPS-2026-07-29-trevec-index-consumed-437gb.md,9134,e83b22d4510fc27abb2cd31b239df7bae07d27a5799b6c33e8b078b9a731591f,0f470f06,2026-07-29,793ea8b0,2026-07-29
S-0403,PROOF-2026-07-15-marine-direction-truth-and-resolution.md,Analysis/Finding,repo,docs/runbooks/PROOF-2026-07-15-marine-direction-truth-and-resolution.md,14519,00e01dcaffb1c22b55f9c4be29d7a537f5200ad3f758291770d47c990dd24304,2c7b04e7,2026-07-15,415b7859,2026-07-15
S-0404,RATIONALE-2026-08-04-moved-for-the-loc-ratchet.md,Reference Doc,repo,docs/runbooks/RATIONALE-2026-08-04-moved-for-the-loc-ratchet.md,10958,2ecd456e5bee0af2ff9ef16a0b108786be53bd52f5add6c4e839531e12a58e43,30dd6fcc,2026-08-04,f1bd00bd,2026-08-06
S-0405,RATIONALE-2026-08-09-observability-and-duplicate-load-fixes.md,Reference Doc,repo,docs/runbooks/RATIONALE-2026-08-09-observability-and-duplicate-load-fixes.md,8650,2cbbe1060b786607b0b702524a2f69f041a7db0a07049f0c7330b0e540b7aa1e,0bf6278e,2026-08-09,0bf6278e,2026-08-09
S-0406,README.md,Reference Doc,repo,docs/runbooks/README.md,405,806c9cedcef3615d3d67cae6867880faf50fdf96e8d718aecaaec29c804a9100,32188fff,2026-05-24,b890986d,2026-06-24
S-0407,RESEARCH-2026-07-27-surf-spot-data-sources.md,Analysis/Finding,repo,docs/runbooks/RESEARCH-2026-07-27-surf-spot-data-sources.md,11959,250a726e22ece25082a343906fccd76819157d81bee58d4c2521fc2055874cf2,12d005bf,2026-07-27,af36206b,2026-07-27
S-0408,SECURITY-REVIEW-2026-07-14-public-storage-buckets.md,Analysis/Finding,repo,docs/runbooks/SECURITY-REVIEW-2026-07-14-public-storage-buckets.md,5525,501b5b0c0f6b91356a33e6f7cc5dcf72cc80c616df89be67cfc8cec8059d231f,b06790a0,2026-07-13,b06790a0,2026-07-13
S-0409,START-HERE-2026-07-30-verified-session-state.md,Reference Doc,repo,docs/runbooks/START-HERE-2026-07-30-verified-session-state.md,10170,60a614d5c349b92c928aa6591871728245e0340cb8535bcbc6081c732da92b65,200ffa54,2026-07-28,200ffa54,2026-07-28
S-0410,START-HERE-2026-07-31-the-machine-is-running.md,Reference Doc,repo,docs/runbooks/START-HERE-2026-07-31-the-machine-is-running.md,7404,aa60984ef11221b5e13e35110b701272fbed6e7ec892c08f65a525436c723c38,9ee22dc6,2026-07-30,cdced30d,2026-07-30
S-0411,START-HERE-2026-08-01-THE-ONE-QUEUE.md,Reference Doc,repo,docs/runbooks/START-HERE-2026-08-01-THE-ONE-QUEUE.md,58398,effd7d4ff993b5c8624e087fb1affd4bfd1b5004f5b8ae68d07ae599a864e173,3ae53a5e,2026-07-31,89e84e16,2026-08-03
S-0412,START-HERE-2026-08-01-the-direction-arc.md,Reference Doc,repo,docs/runbooks/START-HERE-2026-08-01-the-direction-arc.md,9942,1f7be1700c6792a0f0201d126288b1e212e19a98cb878a50afcc684a12f8ada1,37b4a7ca,2026-07-31,3ae53a5e,2026-07-31
S-0413,STUDY-2026-07-19-wind-requirements-and-patterns.md,Analysis/Finding,repo,docs/runbooks/STUDY-2026-07-19-wind-requirements-and-patterns.md,5268,a159cb8067a53a52bba69e0cf76771cb4cd13cb5de3e84724f1a4bf626235ef0,a579ed3b,2026-07-19,a579ed3b,2026-07-19
S-0414,SYSTEM-AUDIT-2026-07-26-tri-tool-and-plan.md,Completed Audit Report,repo,docs/runbooks/SYSTEM-AUDIT-2026-07-26-tri-tool-and-plan.md,12996,22be40815993551e9375987791e32f69f68167c095da148ddbd270456c48a769,348bbef7,2026-07-26,348bbef7,2026-07-26
S-0415,WEATHER-SIM-MASTER-AUDIT-2026-07-10.md,Completed Audit Report,repo,docs/runbooks/WEATHER-SIM-MASTER-AUDIT-2026-07-10.md,50766,4c003e1d2dcf65f7c2d5d8571ae698dbb3cd7d1b460926a20cad69ef1810cd5e,073d8aa4,2026-07-09,6d2a56d9,2026-07-11
S-0416,debug-weather-engine.md,Unknown,repo,docs/runbooks/debug-weather-engine.md,8643,19b945ed6982a9e680203ac9020fdb2d024eb58a5a8775f66ed3da530f649caf,b890986d,2026-06-24,b890986d,2026-06-24
S-0417,decouple-ingestion-github-action.md,Unknown,repo,docs/runbooks/decouple-ingestion-github-action.md,4226,77c5f1f2b76fc3243b85f8736525d8cddd0d8f40f6480bd4ab7b05805a1eeab5,48b69ae5,2026-06-27,70ac67ce,2026-07-09
S-0418,verify-zoom-and-marine-toggle.md,Unknown,repo,docs/runbooks/verify-zoom-and-marine-toggle.md,5540,571ea9c36dccd40b749e3b8278b84b0af6b59bb8ff36c889636a93f87215ff73,4a1def6c,2026-06-25,8f13c840,2026-06-26
S-0419,AUDIT-2026-07-03-weather-system.md,Completed Audit Report,repo,docs/audits/AUDIT-2026-07-03-weather-system.md,9907,2dd6d68d90772f108c871201a5567f5e095156282232877ba02f4d5501ea117c,7fdc2626,2026-07-03,7fdc2626,2026-07-03
S-0420,RATIONALE-WebGLWindEngine.md,Reference Doc,repo,docs/architecture/RATIONALE-WebGLWindEngine.md,2967,fea268abb239077f91515bd6d5af1507a2122e05cbe1d08737270a862b108656,8301b78e,2026-08-09,8301b78e,2026-08-09
S-0421,map-data-contracts.md,Unknown,repo,docs/architecture/map-data-contracts.md,5512,3934cdb87ca1034978b42f1f4b03752e3f07ed663a8d64bbcafa6d41d1736519,32188fff,2026-05-24,6470014e,2026-06-02
S-0422,weather-backend-migration-roadmap.md,Unknown,repo,docs/architecture/weather-backend-migration-roadmap.md,29892,d1e04afca92458105f4bddd9d6f3a3f6ad95f948e923f030d3280d32385308d9,6470014e,2026-06-02,ec00ae33,2026-06-06
S-0423,weather-engine.md,Unknown,repo,docs/architecture/weather-engine.md,1976,5d2dd1853669107c21cdb1cd0cb2fd5eb6aa6123c276f8656726648a6ab9d44b,32188fff,2026-05-24,6470014e,2026-06-02
S-0424,weather-support-matrix.md,Ledger/Matrix,repo,docs/architecture/weather-support-matrix.md,6484,a14693b4977c65769d52afc8ae59f9beead27f2c277f81015555e066a37c3520,10386ef1,2026-06-04,ec00ae33,2026-06-06
S-0425,AGENTS.md,Unknown,repo,AGENTS.md,2468,d73453ead40664d427ad2899faf634e35d44743e6699968806e7f4b31bdd0d8b,6a306193,2026-05-26,58f7e87d,2026-05-28
S-0426,ANTIGRAVITY_AUDIT_FINDINGS_2026-06-23.md,Analysis/Finding,repo,ANTIGRAVITY_AUDIT_FINDINGS_2026-06-23.md,19082,65b608f4d92665f892c8b07462a247784a3d0591d0356d22ba7166b19b2b5857,868c308a,2026-06-24,868c308a,2026-06-24
S-0427,ANTIGRAVITY_AUDIT_FINDINGS_2026-06-23_v2.md,Analysis/Finding,repo,ANTIGRAVITY_AUDIT_FINDINGS_2026-06-23_v2.md,16617,2fa3a6ec67c89cc5f03b0137644b3e9b9136f1003f75a37556332cdcbf2c19bf,868c308a,2026-06-24,868c308a,2026-06-24
S-0428,ANTIGRAVITY_FINDINGS.md,Analysis/Finding,repo,ANTIGRAVITY_FINDINGS.md,3672,b300bf006c99c9e5f563585152fd1652ce8066ce2f947c95bd9c895cfe5b9570,f84c9654,2026-06-21,f84c9654,2026-06-21
S-0429,ANTIGRAVITY_HANDOFF_AUDIT_2026-06-23.md,Analysis/Finding,repo,ANTIGRAVITY_HANDOFF_AUDIT_2026-06-23.md,12192,6c604d8135f231a8c3dbe9344c7aa0982bf51b46a53462e320e86e89f277a519,868c308a,2026-06-24,868c308a,2026-06-24
S-0430,ANTIGRAVITY_HANDOFF_AUDIT_2026-06-23_v2.md,Analysis/Finding,repo,ANTIGRAVITY_HANDOFF_AUDIT_2026-06-23_v2.md,11616,ad7565e674b1716dbc8863d5ece99358cfa1432ed958de94ff1d6da1748820ab,868c308a,2026-06-24,868c308a,2026-06-24
S-0431,ANTIGRAVITY_HANDOFF_marine_loading_perf.md,Unknown,repo,ANTIGRAVITY_HANDOFF_marine_loading_perf.md,12680,659a2ef5dfa2eb48fc28747a8ede7bc52f93358dedd5179d2287716f799ac9fd,f84c9654,2026-06-21,f84c9654,2026-06-21
S-0432,ANTIGRAVITY_HANDOFF_transition_coordinator.md,Unknown,repo,ANTIGRAVITY_HANDOFF_transition_coordinator.md,12481,c431b90037de35974eaf732e05ec2ee96ec0ac7f50fc38d3c50229f46d31dfd9,ad482b38,2026-06-19,ad482b38,2026-06-19
S-0433,ARCHITECTURE_AUDIT.md,Analysis/Finding,repo,ARCHITECTURE_AUDIT.md,11126,4537bfc46800298cfd022e39cb96eabd0bf60114152c5a191f7e7f249e90184c,b8aa692f,2026-04-15,b8aa692f,2026-04-15
S-0434,AUDIT_REQUEST.md,Analysis/Finding,repo,AUDIT_REQUEST.md,2561,281be0abde4e36098ed038c4151ae9438a5910e993eb0f7a991438c703a10f2a,94838c51,2026-06-23,94838c51,2026-06-23
S-0435,BRAIN_RULES.md,Unknown,repo,BRAIN_RULES.md,37390,d487842dca158058d8d155be44d070a6d81348fefa8c3ddc5c7ae309be3c2f0e,ab890770,2026-05-23,220cbbdd,2026-07-05
S-0436,CLAUDE.md,Unknown,repo,CLAUDE.md,8334,0c508f89d09131e0d1c73f11781603d51e64901ee891e8878d3a60bc8b369cb3,6a306193,2026-05-26,1e00bbcc,2026-08-05
S-0437,CODEX_HANDOFF_marine_abort_storm.md,Unknown,repo,CODEX_HANDOFF_marine_abort_storm.md,14462,777573caf2c7290bbb1172979ecffc279fb5f8874067e8d762f8b1baeb1b5282,c9256563,2026-06-20,c9256563,2026-06-20
S-0438,CODEX_HANDOFF_marine_audit_v2.md,Analysis/Finding,repo,CODEX_HANDOFF_marine_audit_v2.md,11657,9f70b0e8089df16da535461e2c2a959ba721720e97a3702a20e9deca98bfe3f1,819d6bd8,2026-06-20,819d6bd8,2026-06-20
S-0439,CODEX_PLAN_marine_abort_storm_2026-06-21.md,Unknown,repo,CODEX_PLAN_marine_abort_storm_2026-06-21.md,20960,753008ef004332f12ed4f30bc7255d19722c9d4a725809986b767f6f108fc9c3,f84c9654,2026-06-21,f84c9654,2026-06-21
S-0440,GEMINI_HANDOFF_marine_perf.md,Unknown,repo,GEMINI_HANDOFF_marine_perf.md,8012,1ece537cec0f4f56a4fb0782adf713ed2882722191034861613f331599611a53,a150b6b7,2026-06-20,a150b6b7,2026-06-20
S-0441,HANDOFF_REPORT.md,Handoff Report,repo,HANDOFF_REPORT.md,9848,72dbfc54f70325e8884d99a9ef3e855a3e7b1632387c2f8f85aa92faee90694c,a4228e2a,2026-06-22,b05f7391,2026-06-22
S-0442,MASTER_WEATHER_SIMULATION_REPORT_11.0.md,Completed Audit Report,repo,MASTER_WEATHER_SIMULATION_REPORT_11.0.md,130730,45ee47537083941509a07e73df192c7c9aa547e6f37c6e4ed27d6131a407add4,512b1cb6,2026-08-09,112d2c34,2026-08-09
S-0443,WEATHER_SIMULATION_SYNC_AUDIT_CLAUDE_HANDOFF_2026-06-20.md,Analysis/Finding,repo,WEATHER_SIMULATION_SYNC_AUDIT_CLAUDE_HANDOFF_2026-06-20.md,17393,b8eff530d2ca0dcc47eb4a8ef89d31e7b5578ad89bdf868d0a28cfc23def4428,40d28b9d,2026-06-20,40d28b9d,2026-06-20
S-0444,CODEX_FINAL_WEATHER_SIMULATION_AUDIT_CLAUDE_HANDOFF_2026-06-21.md,Analysis/Finding,onedrive,CODEX_FINAL_WEATHER_SIMULATION_AUDIT_CLAUDE_HANDOFF_2026-06-21.md,13986,e0bf8b22dced7760f44f7cd2d5edca95605db53abda04ae4029c479e61a4b2b5,,,,2026-06-21
S-0445,CODEX_FORENSIC_WEATHER_SIM_AUDIT_CLAUDE_HANDOFF_2026-08-09.md,Analysis/Finding,onedrive,CODEX_FORENSIC_WEATHER_SIM_AUDIT_CLAUDE_HANDOFF_2026-08-09.md,31597,88f5a391e63523f00e4c999c4a8fde29c24e2f553f2f265480013a1c00f69f5b,,,,2026-08-09
S-0446,OPUS5_WEATHER_SIM_DEEP_AUDIT_HANDOFF_2026-08-03.md,Analysis/Finding,onedrive,OPUS5_WEATHER_SIM_DEEP_AUDIT_HANDOFF_2026-08-03.md,11023,f2a17d1574ec4288f637a89a07f9eff5022e63030aa2bb3b0e13218a6ecb27f5,,,,2026-08-03
S-0447,claude-4.8-weather-simulation-audit.md,Analysis/Finding,onedrive,claude-4.8-weather-simulation-audit.md,14616,2b01535635001c31312c18e33ab96431a3fd67c0ffeb2d46ac4fbf8a2a427d7d,,,,2026-06-19
S-0448,ARCHIVE-link-index-2026-07-12-to-30.md,Memory Entry,memory,ARCHIVE-link-index-2026-07-12-to-30.md,7485,f5fe863a6e15e01447043d147466a62be9604e17747ff7fbc581381b2f381811,,,,2026-07-31
S-0449,ARCHIVE-link-index-through-2026-07-23.md,Memory Entry,memory,ARCHIVE-link-index-through-2026-07-23.md,5344,4568860734a4bb49311278b36c329bcb9158d3373234d28bbeca331aa728d814,,,,2026-07-29
S-0450,INDEX-defect-classes.md,Memory Entry,memory,INDEX-defect-classes.md,72324,5f21b03b71398114be535cdea78c20a6efba0a0c59eafd21e1c63d25a3222af9,,,,2026-08-12
S-0451,INDEX-forecast-science.md,Memory Entry,memory,INDEX-forecast-science.md,22099,5be076c4428498693b6e334f461cd5052805a9325fe7d31f782533c5ba1600ef,,,,2026-08-11
S-0452,INDEX-weather-sim.md,Memory Entry,memory,INDEX-weather-sim.md,19762,82081380637f3b6920ee4b33dff6a49df93e4d7c68e5f9099cdd72e7ca63c437,,,,2026-08-12
S-0453,MEMORY.md,Memory Entry,memory,MEMORY.md,18708,b67fb75ea61ca965337eed8de8b3af08598e288e5fabfc291fc719303f725281,,,,2026-08-11
S-0454,THE-MARINE-PIPELINE-AND-ENGINE-how-it-actually-works-2026-08-01.md,Memory Entry,memory,THE-MARINE-PIPELINE-AND-ENGINE-how-it-actually-works-2026-08-01.md,29447,580524bcd8066b24e1342147d0299bc349615ca21cd580f11cf7148a089ff915,,,,2026-08-01
S-0455,THE-SURF-FORECAST-SCIENCE-canonical-chain.md,Memory Entry,memory,THE-SURF-FORECAST-SCIENCE-canonical-chain.md,14646,5549db93a71eca844e0b41c25ef0ba86bdcda2200c01ee0eaa3909baafab2c71,,,,2026-07-31
S-0456,THE-SURFER-FACING-ANIMATION-onshore-energy-science.md,Memory Entry,memory,THE-SURFER-FACING-ANIMATION-onshore-energy-science.md,7586,458bdc51e4ecaa02f63d2947e030ce05f51920436de86413ad1a2cf96430bb7c,,,,2026-07-30
S-0457,admin-panel-jacobian-audit-2026-07-12.md,Memory Entry,memory,admin-panel-jacobian-audit-2026-07-12.md,26910,e915a20a11c26362be24e69580f2d2adfcc86690a077a80a7af56dbfbd734614,,,,2026-07-13
S-0458,audit-11-the-measuring-instrument-was-dead-2026-08-08.md,Memory Entry,memory,audit-11-the-measuring-instrument-was-dead-2026-08-08.md,25789,6e7ce50f44a94d65b606895fc5f1874e1504109ecf10bcf23356204ba073990a,,,,2026-08-10
S-0459,audit-11.2-certification-not-certified-and-phase-0-2026-08-11.md,Memory Entry,memory,audit-11.2-certification-not-certified-and-phase-0-2026-08-11.md,5417,b3ef239dc2a62e1401cc7a88ea48efb711f4f37c37ab624774bff9a78414c27a,,,,2026-08-11
S-0460,audit-2026-07-10-eve-close.md,Memory Entry,memory,audit-2026-07-10-eve-close.md,9521,5abc8c1cbe097aa14b51d56c523f37839ebd72f7a72663a4f630009fb9f5f625,,,,2026-07-10
S-0461,audit-2026-07-10-fixes-p4-p5.md,Memory Entry,memory,audit-2026-07-10-fixes-p4-p5.md,6855,1a5b881ddd518ceba659a9d543b4be5904f85a907dab5a6894b384a19bef821d,,,,2026-07-10
S-0462,blend-both-marine-coarse-base-2026-06-30.md,Memory Entry,memory,blend-both-marine-coarse-base-2026-06-30.md,12785,5d00e829a4c51fa7696d7d784277647910daa7c09ef2e11d1a462a567130b2bc,,,,2026-06-30
S-0463,coastal-marine-resolution-gap-2026-06-27.md,Memory Entry,memory,coastal-marine-resolution-gap-2026-06-27.md,4366,f628b9523d2cc76c878e2f50c5eed0f46ded6359bb557ca13669cfa2d977dda4,,,,2026-07-02
S-0464,deep-audit-2026-07-03.md,Memory Entry,memory,deep-audit-2026-07-03.md,6254,fb23e08a519e710e5b5d11e9d7ea87f3c21cd7e2a97fe7d067e55c008869eeb1,,,,2026-07-03
S-0465,driverb-stitching-audit-2026-07-17.md,Memory Entry,memory,driverb-stitching-audit-2026-07-17.md,8476,c0fc9ae8a63febd34b07a2e4df21dc3ccf4bda6d72995e8f87390d563e333bd7,,,,2026-07-17
S-0466,euro-marine-14day-horizon.md,Memory Entry,memory,euro-marine-14day-horizon.md,3397,9741b419b68c5aa643d4f331d48cbff75cc544da7948bfa131a2a78aceba2a7f,,,,2026-06-21
S-0467,forecast-ingest-cron-hang-ratings-tail-2026-07-08.md,Memory Entry,memory,forecast-ingest-cron-hang-ratings-tail-2026-07-08.md,2927,e0b154c0058b38b3cc600599b0c34d0adf8075261c454a3db29bcce7e86f641c,,,,2026-07-07
S-0468,forensic-audit-the-sim-guards-hold-and-the-ensemble-is-free-2026-08-01.md,Memory Entry,memory,forensic-audit-the-sim-guards-hold-and-the-ensemble-is-free-2026-08-01.md,6034,55c48ba7a1974e1647129afea12a228191814b1c92d79be6ed62b5e81befc098,,,,2026-08-01
S-0469,how-surfers-use-the-marine-layers-2026-07-31.md,Memory Entry,memory,how-surfers-use-the-marine-layers-2026-07-31.md,4365,18d26b00e10dde2f6fbecff8cd25fb665f2f99ba6ef29865709ad892fd7637d7,,,,2026-07-31
S-0470,icon-marine-gwam-allmarine-bug.md,Memory Entry,memory,icon-marine-gwam-allmarine-bug.md,4876,02eaaa0d9995e97f0e91c01645864b15571df8b2e5260d2d7b30986af5879d92,,,,2026-06-21
S-0471,instant-marine-toggle-plan.md,Memory Entry,memory,instant-marine-toggle-plan.md,11418,2e00b043072d6d0f2f78cf6bc79f1f9476cf571152cf681d49b22438e3697bb5,,,,2026-06-25
S-0472,layer-load-audit-2026-06-25.md,Memory Entry,memory,layer-load-audit-2026-06-25.md,8084,2d4b3cfbce37bddcd509d3876bf6c8b8c5901583021413f849c0dbea3bcaea9f,,,,2026-06-25
S-0473,live-test-findings-marine-render-2026-06-30.md,Memory Entry,memory,live-test-findings-marine-render-2026-06-30.md,6130,4729319f0a191e897ee3404372f8449b9cb8be6fbfe7261b58b149a28a2717eb,,,,2026-06-30
S-0474,marine-14day-horizon-tier-contract.md,Memory Entry,memory,marine-14day-horizon-tier-contract.md,3366,d1460a672232ee7e61ca7d2f119477ffd5aeaab1fb0b3d81748e71f34f2ae04d,,,,2026-07-05
S-0475,marine-all-zero-grid-blank.md,Memory Entry,memory,marine-all-zero-grid-blank.md,3889,87c815ad67f2dd3790b6c778c0922032b6696097e28a29ec215574b86804c800,,,,2026-06-23
S-0476,marine-antimeridian-ring-tear-allland-mask-2026-07-23.md,Memory Entry,memory,marine-antimeridian-ring-tear-allland-mask-2026-07-23.md,3639,72e8a0d08f0e42ad8a8ccaae22cd58d65ffe54bbecf4d27f323532446f223d49,,,,2026-07-23
S-0477,marine-clamp-and-coverage-guard-2026-07-04.md,Memory Entry,memory,marine-clamp-and-coverage-guard-2026-07-04.md,14422,6768deee577fd4b1bae81402c3e70598cd2a4c9fbb3eea036c4cbe7850e66bf9,,,,2026-08-04
S-0478,marine-clamp-recommit-fix-2026-07-01.md,Memory Entry,memory,marine-clamp-recommit-fix-2026-07-01.md,5390,89e01f30a68213342b6359f082a5207ccfc459073437f529657a8abf18e29024,,,,2026-06-30
S-0479,marine-close-zoom-spin-direction-interp-2026-07-01.md,Memory Entry,memory,marine-close-zoom-spin-direction-interp-2026-07-01.md,14528,48f3a9809cbb95ea92a4c70b772185e96dbce828b44a01e83c6e2b99e927b140,,,,2026-07-31
S-0480,marine-coarse-enclosed-sea-dropout-2026-07-22.md,Memory Entry,memory,marine-coarse-enclosed-sea-dropout-2026-07-22.md,5921,dd44f2d5dbe5a0689d6219e885ce7bf9e2a1e9e9c1e449446a4950b4f2f06b77,,,,2026-07-22
S-0481,marine-cover-frac-one-lever-two-defaults-2026-07-29.md,Memory Entry,memory,marine-cover-frac-one-lever-two-defaults-2026-07-29.md,5667,655f36cfb75a2b1f8646e2dee5bdd7ac156a46232c2a81310ac44354ceae15ab,,,,2026-07-29
S-0482,marine-decoupling-stability-session-2026-06-27.md,Memory Entry,memory,marine-decoupling-stability-session-2026-06-27.md,5250,6e99354ea3ebfc3f1fe37c6a840dc0e80300a07cf981576777df1711b0604dd1,,,,2026-06-27
S-0483,marine-deep-forensics-direction-lines-euro-2026-07-15.md,Memory Entry,memory,marine-deep-forensics-direction-lines-euro-2026-07-15.md,8629,ae730a7319939be262dd45eaeed8566865063c1d75bbdec4210a18f7a13e1118,,,,2026-07-15
S-0484,marine-euro-gfsfill-429-strand-2026-07-22.md,Memory Entry,memory,marine-euro-gfsfill-429-strand-2026-07-22.md,3517,4a67296e811e0b704a609f4280ae3d3dccad1c806958322f2e57899ab2e703ed,,,,2026-07-22
S-0485,marine-grid-resolver-step-ladder-2026-07-02.md,Memory Entry,memory,marine-grid-resolver-step-ladder-2026-07-02.md,9282,4bd3afa267913d435f2674c2a1a96e9d46f17fed0936c409f5706afe3f19f77f,,,,2026-07-14
S-0486,marine-heatmap-clear-and-halo-forensics-2026-07-21.md,Memory Entry,memory,marine-heatmap-clear-and-halo-forensics-2026-07-21.md,10518,99008d0ce6c3001ef3ad4e53e983e2b06c37b80c19113be1a6e1c797cf8a1587,,,,2026-07-21
S-0487,marine-land-bleed-was-spot-geofences-2026-07-24.md,Memory Entry,memory,marine-land-bleed-was-spot-geofences-2026-07-24.md,5839,1bb4c0341d36d3492f0e44aa962448b7ea2befae110a8782604c719641c1995a,,,,2026-07-31
S-0488,marine-lod-ladder-3deg-base-2026-07-23.md,Memory Entry,memory,marine-lod-ladder-3deg-base-2026-07-23.md,10088,fe6574704d9c2e879628748f4c11f1acfc78e6a739ce00ef5f992b3fb94236e7,,,,2026-07-23
S-0489,marine-model-switch-stale-and-snappiness.md,Memory Entry,memory,marine-model-switch-stale-and-snappiness.md,12061,5d955a1daca3e074161f6e75595db0bd6f4d1e70937523f929aa235b00ec381d,,,,2026-06-26
S-0490,marine-npacific-rectangle-open-2026-07-23.md,Memory Entry,memory,marine-npacific-rectangle-open-2026-07-23.md,3456,f51c2504d7b4e35010b714271a4563d48993d06282514f43256a3933a19b9c6c,,,,2026-07-23
S-0491,marine-null-encode-resident-guard-2026-07-21.md,Memory Entry,memory,marine-null-encode-resident-guard-2026-07-21.md,4234,cdffc0040c0f20cb4eb002ae46a87d3e5fd2eb628c928c7c4fe794a7a1637efb,,,,2026-07-21
S-0492,marine-oom-pipeline-fixes.md,Memory Entry,memory,marine-oom-pipeline-fixes.md,2393,7fbd1344c0f144a14d1ab073a95943a4b365b152ba67775ac19e4302899cd249,,,,2026-06-21
S-0493,marine-open-repairs-2026-06-28.md,Memory Entry,memory,marine-open-repairs-2026-06-28.md,3075,00dc6ff7bd03944c940bb8f642fee575da24c833b4a45f523ef491f0a94e9ab4,,,,2026-06-28
S-0494,marine-particle-split-wholeworld-tile-2026-07-23.md,Memory Entry,memory,marine-particle-split-wholeworld-tile-2026-07-23.md,7007,9009d9d6adaadc269565a24d7a728e86eea2d4c3a731ccb39039996f9d86cf09,,,,2026-07-23
S-0495,marine-raf-hidden-tab-confound.md,Memory Entry,memory,marine-raf-hidden-tab-confound.md,5452,99d9469e12148f7c95664f1571f519d4998a3ceb9623ec8b1fb000c8f5b7344c,,,,2026-06-24
S-0496,marine-rating-band-poke-edge-global-2026-06-30.md,Memory Entry,memory,marine-rating-band-poke-edge-global-2026-06-30.md,3523,72896481a752c425a0c7aca95ea09f8492bc627a99cf13348b19e9bb8b26d3c8,,,,2026-06-29
S-0497,marine-refeed-coverage-guard-2026-07-21.md,Memory Entry,memory,marine-refeed-coverage-guard-2026-07-21.md,2448,c763f387699259bc81ffcab4faca51b1c6bb57c1d6eeff151e4c8648bb5136f5,,,,2026-07-21
S-0498,marine-render-throw-is-a-silent-kill-switch-2026-07-31.md,Memory Entry,memory,marine-render-throw-is-a-silent-kill-switch-2026-07-31.md,9299,465b6c962e7e3597745b48d15579426b208080ba4207bda730aefd3f0f2290b3,,,,2026-08-01
S-0499,marine-resolution-band-provenance-2026-06-30.md,Memory Entry,memory,marine-resolution-band-provenance-2026-06-30.md,3008,740336c42388ad2781f112ed687ac82debfc13f6d65832fb5f0465dea32b12fa,,,,2026-06-29
S-0500,marine-scrub-perf-and-encoder-split-2026-07-09.md,Memory Entry,memory,marine-scrub-perf-and-encoder-split-2026-07-09.md,20632,67dd3304057b2b232c26ff1368bbf9ded383e94cceada88a838e4222aad1ca56,,,,2026-07-09
S-0501,marine-scrubsettle-safetynet-internals-2026-07-12.md,Memory Entry,memory,marine-scrubsettle-safetynet-internals-2026-07-12.md,5500,37795900b12579005f7d7d60f0e5333778815dc605e6bd1d21df078c444b22fe,,,,2026-07-12
S-0502,marine-serve-time-transform-stack-2026-07-23.md,Memory Entry,memory,marine-serve-time-transform-stack-2026-07-23.md,4350,04dfb9a19f950d3c66a7c7037501e1f9276baae0712170945f71b8301b5eb12f,,,,2026-07-23
S-0503,marine-storm-vanishes-zoomout-midtier-ceiling-2026-07-22.md,Memory Entry,memory,marine-storm-vanishes-zoomout-midtier-ceiling-2026-07-22.md,9787,f8862a589e86341c1db94b7fe3460ddb12c4e4066438a2f440dcad64f14ab125,,,,2026-07-22
S-0504,marine-stranded-fetch-lock-wedge.md,Memory Entry,memory,marine-stranded-fetch-lock-wedge.md,8617,6f4571c21ed73fd341e0ee5888c8bedf4a1f388de752772533d7c8f0ce265db0,,,,2026-06-24
S-0505,marine-switch-hold-2026-07-21.md,Memory Entry,memory,marine-switch-hold-2026-07-21.md,6891,609d8037098c41a5c1bfcf77db8ee7fc5c9fefbc5defb375acc2fb6ad29f5b42,,,,2026-07-21
S-0506,marine-switch-strand-watchdog-2026-07-22.md,Memory Entry,memory,marine-switch-strand-watchdog-2026-07-22.md,10646,df4ee804781ede79c44191bb29b2a2379395cb94d7918bd8c49c8c2c5635ef40,,,,2026-07-22
S-0507,marine-toggle-refeed-bug.md,Memory Entry,memory,marine-toggle-refeed-bug.md,2276,dd49214eaf6a63e026a134e807a3d6b1b00ffc7846daf2cc54b280c7ff5271e0,,,,2026-06-24
S-0508,marine-warm-coverage-guard-source1-2026-07-21.md,Memory Entry,memory,marine-warm-coverage-guard-source1-2026-07-21.md,6222,242ac0db703e93efe8c425831cf87ef19416420c79d7c5bc71fdb4c6cbbeb446,,,,2026-07-21
S-0509,marine-wind-toggle-and-icon-swell2-infobox.md,Memory Entry,memory,marine-wind-toggle-and-icon-swell2-infobox.md,3455,7d9b71303559707ad65a899c775886951b32a604513255b6c05a0091c9b86e7f,,,,2026-06-24
S-0510,marine-zoomout-clamp-live-2026-06-25.md,Memory Entry,memory,marine-zoomout-clamp-live-2026-06-25.md,11687,a6d71dfc51324c152a374b6e05f924286807b45d4b55ee1a8956ba903a93291f,,,,2026-06-25
S-0511,mcp-wiring-trevec-weathersim-2026-06-30.md,Memory Entry,memory,mcp-wiring-trevec-weathersim-2026-06-30.md,18558,15b1cc493be898f2e60576fea6071d674774d79fd23f0cc70f16aeaa1b616202,,,,2026-07-09
S-0512,memory-tooling-preference-mem0-is-limited.md,Memory Entry,memory,memory-tooling-preference-mem0-is-limited.md,2496,7331d55aac206ae9b92661d7c20018247462b690b87590c8ead1d18f200c687d,,,,2026-07-28
S-0513,nearshore-surf-science-audit-2026-07-17.md,Memory Entry,memory,nearshore-surf-science-audit-2026-07-17.md,6025,c1bf8e73dc470c5de57cfcc15fec707828caa70eff77adadd23d22cdbe89e1aa,,,,2026-07-17
S-0514,production-marine-data-is-past-its-own-freshness-budget-2026-08-11.md,Memory Entry,memory,production-marine-data-is-past-its-own-freshness-budget-2026-08-11.md,2844,6eef96f92fa299a9f480c988fd3d5f831de4c6dde98fad96cae8f979b622e8cf,,,,2026-08-11
S-0515,rating-band-frontend-simfield-2026-06-30.md,Memory Entry,memory,rating-band-frontend-simfield-2026-06-30.md,3584,444437426f45c6bab730bb647f7c290dc79ad786449d89bf5ffed3cc1ffc7bca,,,,2026-06-30
S-0516,rating-toggle-audit-2026-06-28.md,Memory Entry,memory,rating-toggle-audit-2026-06-28.md,6700,639be8a749b3f8ce19d2c418ef0948ce8f0a07aa273bde4fb8d7fceb67ba91eb,,,,2026-06-28
S-0517,reading-the-marine-diagnostic-rings-2026-08-03.md,Memory Entry,memory,reading-the-marine-diagnostic-rings-2026-08-03.md,4637,ce5c63aea17f8aee15baba4e7792567361356fb138fa5a627d131c07d5764342,,,,2026-08-03
S-0518,sim-composition-delegation-2026-07-27.md,Memory Entry,memory,sim-composition-delegation-2026-07-27.md,3915,96c5e237b8f437f2105cb23ccc2762aaa7a6d9110d2bffb20a8e537469994090,,,,2026-07-27
S-0519,sim-daylight-the-best-window-was-4am-2026-07-29.md,Memory Entry,memory,sim-daylight-the-best-window-was-4am-2026-07-29.md,4744,5d621f4c679de62310e8812cf95a7c099998c1ee1ce3d7bd98582d8c7a55c27d,,,,2026-07-29
S-0520,sim-live-forecast-every-spot-2026-07-27.md,Memory Entry,memory,sim-live-forecast-every-spot-2026-07-27.md,5086,8bef1d903af69ab40467cfd48f6b1674d848fdbb65d38b74410a665cb663774d,,,,2026-07-27
S-0521,sim-mcp-first-call-deadlock-2026-07-27.md,Memory Entry,memory,sim-mcp-first-call-deadlock-2026-07-27.md,3988,59c125d65f2372696b2d7bdcfb7c2288cb93331a72be3f105d789599cfc8a858,,,,2026-07-27
S-0522,sim-parity-monitor-fails-intermittently-2026-08-08.md,Memory Entry,memory,sim-parity-monitor-fails-intermittently-2026-08-08.md,7684,65c3542fddfd0daeadf9049e2adc31d709575284405b6a171930a20cc791b0b2,,,,2026-08-09
S-0523,sim-parity-validates-wiring-not-physics-2026-07-28.md,Memory Entry,memory,sim-parity-validates-wiring-not-physics-2026-07-28.md,4760,826a613834c5ada084f9bc6155cf78bee52285a31521f3cd96eb4a6148d83a01,,,,2026-07-28
S-0524,sim-rating-composition-registry-2026-07-30.md,Memory Entry,memory,sim-rating-composition-registry-2026-07-30.md,5551,2941e84ac7312051526ee421f663eadd959a84623b2263dae68281b482df51a8,,,,2026-07-28
S-0525,sim-rating-delegated-to-production-engines-2026-07-26.md,Memory Entry,memory,sim-rating-delegated-to-production-engines-2026-07-26.md,4314,c1bb364c61a3ac8c1c3dd40e49d91eee4b0a1e562e252c1aad898fc5d3a6fd54,,,,2026-07-26
S-0526,sim-reads-the-served-curve-not-its-own-env-2026-08-01.md,Memory Entry,memory,sim-reads-the-served-curve-not-its-own-env-2026-08-01.md,20930,b1795077af71334d5370e975d942cf099ae60d9e0ad9504882b6a70c0402d2c6,,,,2026-08-01
S-0527,sim-reference-pinned-to-186m-and-two-agents-one-lane-2026-08-01.md,Memory Entry,memory,sim-reference-pinned-to-186m-and-two-agents-one-lane-2026-08-01.md,9168,3c0ead16e901d83c332231fde726294ca7a8cdebc50d6540fcf6ff715fedd0df,,,,2026-08-01
S-0528,sim-spot-identity-root-2026-07-28.md,Memory Entry,memory,sim-spot-identity-root-2026-07-28.md,5849,b3d6c84340f5817601503dd86616abf3c3a0784f6145e41cb89b01addbe4d8f4,,,,2026-07-29
S-0529,sim-the-space-dimension-and-the-gate-asymmetry-2026-07-31.md,Memory Entry,memory,sim-the-space-dimension-and-the-gate-asymmetry-2026-07-31.md,7687,c29ae81750c29507052f05ffc905e3801e019dd7d964a19f917d66d51b9dbb46,,,,2026-07-31
S-0530,surf-breaker-model-coastal-band-2026-06-28.md,Memory Entry,memory,surf-breaker-model-coastal-band-2026-06-28.md,7423,a1a0ed647c469e0d1ee46c6a2bf41227f052461cc4b28ee39bdec3872c9854f5,,,,2026-06-28
S-0531,surf-physics-missing-refraction-and-depth-blind-2026-07-29.md,Memory Entry,memory,surf-physics-missing-refraction-and-depth-blind-2026-07-29.md,5926,8e32c749f6dcac921d3cb865442984a5f38b5ad4f31b8f6b68caccbbceaf51db,,,,2026-07-28
S-0532,surf-point-geometry-composition-extracted-2026-07-27.md,Memory Entry,memory,surf-point-geometry-composition-extracted-2026-07-27.md,4387,8701f9398f8eef77ebce1ab7fd391f1e4bbbce2f274a1c632c45af7354661934,,,,2026-07-27
S-0533,surf-rating-engine-composite-structure-2026-07-21.md,Memory Entry,memory,surf-rating-engine-composite-structure-2026-07-21.md,5322,2b07abb57e287263b2a7224a60cc07e798ee85048f1be12083c6d5202d327d51,,,,2026-07-21
S-0534,surf-rating-overlay-2026-06-28.md,Memory Entry,memory,surf-rating-overlay-2026-06-28.md,4378,cd3623cbc433f048e560c84de6595ec1e7fbb4d91d679512c65b3a077963aec6,,,,2026-06-28
S-0535,surf-rating-physics-audit-2026-07-26.md,Memory Entry,memory,surf-rating-physics-audit-2026-07-26.md,6929,9afe2063cd2376f4d4a04c3e082dfda8aa639592e2682e9672076b247f169328,,,,2026-07-26
S-0536,surf-regional-prefer-threshold-stack-2026-07-30.md,Memory Entry,memory,surf-regional-prefer-threshold-stack-2026-07-30.md,5182,53246883775804e6dab78e44e3ef4cd42e1f75ca1021b623c58e500ddb6dbb06,,,,2026-07-30
S-0537,surf-spot-sources-permission-not-discovery-2026-07-27.md,Memory Entry,memory,surf-spot-sources-permission-not-discovery-2026-07-27.md,3414,5a0b221849a9c7412024b4bd9e617ff7ec55ce9be0b1c35b6d4796bc2ef918d1,,,,2026-07-27
S-0538,surf-worldwide-audit-tide-moon-shadowing-2026-07-29.md,Memory Entry,memory,surf-worldwide-audit-tide-moon-shadowing-2026-07-29.md,4994,3d6e1d8ca7a18ff76467630402ecfda9748f845ae14e05ac9f70942609193b7d,,,,2026-07-28
S-0539,the-app-can-almost-never-say-good-surf-2026-08-02.md,Memory Entry,memory,the-app-can-almost-never-say-good-surf-2026-08-02.md,8308,a04afd08cccf58984d52efaf435dd09da26c8432695aa6fb8420bc7d6c7519b8,,,,2026-08-02
S-0540,the-audit-shipped-and-three-of-my-own-plans-died-2026-08-01.md,Memory Entry,memory,the-audit-shipped-and-three-of-my-own-plans-died-2026-08-01.md,7279,67d40afe4654a3da727672c440e976620d6a690cacb2451fd576f180fae1da72,,,,2026-08-01
S-0541,the-gpu-ai-weather-model-branch-is-closed-2026-08-03.md,Memory Entry,memory,the-gpu-ai-weather-model-branch-is-closed-2026-08-03.md,9587,fb10968d7cfb58a02dc5b7111f83a7830833e38f4c6d4f75dcf214415b2b0ef3,,,,2026-08-05
S-0542,the-label-was-the-defect-swell-vs-surf-2026-07-31.md,Memory Entry,memory,the-label-was-the-defect-swell-vs-surf-2026-07-31.md,3988,bdecf5514747f2e53f4c3cc4b31db9fba34634c3fd3fc7b47821e537ad6b7975,,,,2026-07-31
S-0543,the-sim-got-a-cloud-presence-and-the-deps-were-never-declared-2026-08-01.md,Memory Entry,memory,the-sim-got-a-cloud-presence-and-the-deps-were-never-declared-2026-08-01.md,7384,39844d7766ff76a0898f1db4c6bc30480d05c579bf5c2d69cdd318d0eadc1713,,,,2026-07-31
S-0544,tiered-forecast-window-14d-2026-06-27.md,Memory Entry,memory,tiered-forecast-window-14d-2026-06-27.md,4106,278522a1acae9a99a8fd74262ad1df7ff4f312c24f2b995883294431f07c5d21,,,,2026-06-27
S-0545,trevec-index-437gb-no-retention-2026-07-29.md,Memory Entry,memory,trevec-index-437gb-no-retention-2026-07-29.md,10031,eeb536e1fe4b5a655b63252c26a8b9eee903f52f036983297341abf5c4850c6c,,,,2026-07-29
S-0546,weather-map-runtime-rig-and-traps-2026-08-11.md,Memory Entry,memory,weather-map-runtime-rig-and-traps-2026-08-11.md,3805,0c98677726fce2fd58bc872d9919380e9dcb4ecb4cd8408248a64bf521335eda,,,,2026-08-11
S-0547,weather-sim-key-files.md,Memory Entry,memory,weather-sim-key-files.md,3138,a432221b1737b1bda6bdd1cc2aaaffc63b96119556d90ebb8ef72e9b53f44d32,,,,2026-06-20
S-0548,weather-sim-mcp-server-internals-2026-07-03.md,Memory Entry,memory,weather-sim-mcp-server-internals-2026-07-03.md,12251,bb0a6ab74c57deca08e568bbca196f433ed0e8449451d9cb5da1f64c5c62a0f8,,,,2026-07-24
S-0549,weather-sim-mcp-tool-contract-and-state-2026-07-26.md,Memory Entry,memory,weather-sim-mcp-tool-contract-and-state-2026-07-26.md,6130,efb4a582b0a0ffce65eb3ae739b5fd8f30aebe28792a2f0cab6077d2d7a20c49,,,,2026-08-05
S-0550,weather-sim-transition-bug.md,Memory Entry,memory,weather-sim-transition-bug.md,110982,baa2f95ecd751ac3e6aa806b782c9768ca243cf385df228de52de23b9a004314,,,,2026-06-23
S-0551,weather-sim-zoom-visual-bugs.md,Memory Entry,memory,weather-sim-zoom-visual-bugs.md,7414,6853a2e396a6b78e43ce0bf4293a21a2305d59c35a9a4d27dda980cb0f782fbb,,,,2026-08-05
